2026-06-27 11:40:05,021 INFO MCP session initialized (id=7fee563e-00cf-4e00-9674-c31ef11a57e7)
2026-06-27 11:41:02,537 WARNING Could not find folder 'Kindle Scribe'
2026-06-27 11:41:13,042 INFO MCP session initialized (id=99db2a5d-147f-463a-a6c0-f753027120c2)
2026-06-27 11:41:23,000 INFO MCP session initialized (id=d7437504-a266-4c10-a357-56188eef7389)
2026-06-27 11:41:30,808 INFO MCP session initialized (id=371bd751-8e4f-4d2e-a9b8-8e2e44ea01d8)
2026-06-27 11:41:50,460 INFO MCP session initialized (id=b1a2c557-8769-454c-9701-b77afde28d19)
2026-06-27 11:42:07,850 INFO MCP session initialized (id=17982e12-adb1-4098-a096-fa7824f3e889)
2026-06-27 11:43:44,137 INFO MCP session initialized (id=c6bd3a49-f116-4cab-88bf-46d9e537ae2b)
2026-06-27 11:43:46,914 INFO Found 1 w-termine files in folder
2026-06-27 11:43:49,130 INFO Downloaded 57 bytes via S3 URL
2026-06-27 11:43:49,138 INFO Parsed 1 events from content
2026-06-27 11:44:08,974 INFO Using AgentMail API key from TOOLS.md
2026-06-27 11:44:09,663 ERROR Failed to create inbox: 403 {"name":"LimitExceededError","message":"Inbox limit exceeded"}
2026-06-27 11:44:09,663 INFO Using existing inbox: guenther88@agentmail.to
2026-06-27 11:44:09,881 ERROR Email send failed: 404 {"name":"NotFoundError","message":"Route not found"}
2026-06-27 11:45:31,319 INFO MCP session initialized (id=01c9566a-b0d2-49d5-967c-76380b917de0)
2026-06-27 11:45:33,907 INFO Found 1 w-termine files in folder
2026-06-27 11:45:36,265 INFO Downloaded 57 bytes via S3 URL
2026-06-27 11:45:36,274 INFO Parsed 1 events from content
2026-06-27 11:45:36,833 INFO Using AgentMail API key from TOOLS.md
2026-06-27 11:45:37,174 INFO HTTP Request: GET https://api.agentmail.to/v0/inboxes "HTTP/1.1 200 OK"
2026-06-27 11:45:37,682 INFO HTTP Request: POST https://api.agentmail.to/v0/inboxes/guenther88@agentmail.to/messages/send "HTTP/1.1 200 OK"
2026-06-27 11:45:37,683 INFO Email sent to bastian.lewin@polizeiakademie.de via guenther88@agentmail.to (msg_id=<0100019f08786b30-25b3c82d-dd77-496c-98ea-5d7a08f68ffc-000000@email.amazonses.com>)
2026-06-27 11:46:26,479 INFO MCP session initialized (id=4a546f12-8077-4567-9feb-34a08661cae5)
2026-06-27 11:50:01,295 INFO === scribe_sync start ===
2026-06-27 11:50:03,221 INFO MCP session initialized (id=586980da-d76b-478f-941f-5bfa55e0ba9f)
2026-06-27 11:50:04,650 INFO Found folder 'Kindle Scribe' (ID: 1C38JFsUTRYHHimqlQwpoRka0Zi1QJKq6)
2026-06-27 11:50:06,138 INFO Found 1 w-termine files in folder
2026-06-27 11:50:06,138 INFO Processing: W-Termine  - Kindle.txt (ID: 1UildbzwjRWykAcP0jU-zfifRgSHvMDHk)
2026-06-27 11:50:08,576 INFO Downloaded 57 bytes via S3 URL
2026-06-27 11:50:08,585 INFO Downloaded 57 chars from W-Termine  - Kindle.txt
2026-06-27 11:50:08,590 INFO Parsed 1 events from content
2026-06-27 11:50:09,249 INFO Using AgentMail API key from TOOLS.md
2026-06-27 11:50:09,611 INFO HTTP Request: GET https://api.agentmail.to/v0/inboxes "HTTP/1.1 200 OK"
2026-06-27 11:50:10,318 INFO HTTP Request: POST https://api.agentmail.to/v0/inboxes/guenther88@agentmail.to/messages/send "HTTP/1.1 200 OK"
2026-06-27 11:50:10,320 INFO Email sent to bastian.lewin@polizeiakademie.de via guenther88@agentmail.to (msg_id=<0100019f087c93c7-63b482f5-908f-4af5-a9f3-b52e602acc2f-000000@email.amazonses.com>)
2026-06-27 11:50:10,321 INFO Email sent for W-Termine  - Kindle.txt
2026-06-27 11:50:11,638 INFO Deleted W-Termine  - Kindle.txt from Drive
2026-06-27 11:50:11,639 INFO Processed 1 files this run
2026-06-27 11:50:11,641 INFO === scribe_sync end ===
2026-06-27 12:00:01,882 INFO === scribe_sync start ===
2026-06-27 12:00:03,879 INFO MCP session initialized (id=1beab591-0df4-4dff-b4b8-11cc56343372)
2026-06-27 12:00:05,507 INFO Found folder 'Kindle Scribe' (ID: 1C38JFsUTRYHHimqlQwpoRka0Zi1QJKq6)
2026-06-27 12:00:06,965 INFO Found 0 w-termine files in folder
2026-06-27 12:00:06,965 INFO No new w-termine files found
2026-06-27 12:00:06,968 INFO === scribe_sync end ===
2026-06-27 12:10:01,364 INFO === scribe_sync start ===
2026-06-27 12:10:02,805 INFO MCP session initialized (id=7ddc967b-285c-4267-8129-e7fa012d641d)
2026-06-27 12:10:04,250 INFO Found folder 'Kindle Scribe' (ID: 1C38JFsUTRYHHimqlQwpoRka0Zi1QJKq6)
2026-06-27 12:10:05,489 INFO Found 0 w-termine files in folder
2026-06-27 12:10:05,489 INFO No new w-termine files found
2026-06-27 12:10:05,492 INFO === scribe_sync end ===
2026-06-27 12:20:04,150 INFO === scribe_sync start ===
2026-06-27 12:20:10,626 INFO MCP session initialized (id=3530193f-3875-4dd6-a6f4-9821566eaa64)
2026-06-27 12:20:12,023 INFO Found folder 'Kindle Scribe' (ID: 1C38JFsUTRYHHimqlQwpoRka0Zi1QJKq6)
2026-06-27 12:20:13,257 INFO Found 1 w-termine files in folder
2026-06-27 12:20:13,257 INFO Processing: W-Termine  - Kindle.txt (ID: 1jazZjn1qQ5hH8CiXFGWwnVLykZRvZHXa)
2026-06-27 12:20:15,961 INFO Downloaded 60 bytes via S3 URL
2026-06-27 12:20:15,965 INFO Downloaded 60 chars from W-Termine  - Kindle.txt
2026-06-27 12:20:15,978 INFO Parsed 3 events from content
2026-06-27 12:20:18,180 INFO Using AgentMail API key from TOOLS.md
2026-06-27 12:20:18,881 INFO HTTP Request: GET https://api.agentmail.to/v0/inboxes "HTTP/1.1 200 OK"
2026-06-27 12:20:19,480 INFO HTTP Request: POST https://api.agentmail.to/v0/inboxes/guenther88@agentmail.to/messages/send "HTTP/1.1 200 OK"
2026-06-27 12:20:19,481 INFO Email sent to bastian.lewin@polizeiakademie.de via guenther88@agentmail.to (msg_id=<0100019f08982f2c-b7407772-788f-4657-98c5-fcbabda9ee47-000000@email.amazonses.com>)
2026-06-27 12:20:19,481 INFO Email sent for W-Termine  - Kindle.txt
2026-06-27 12:20:21,164 INFO Deleted W-Termine  - Kindle.txt from Drive
2026-06-27 12:20:21,165 INFO Processed 1 files this run
2026-06-27 12:20:21,172 INFO === scribe_sync end ===
2026-06-27 12:30:02,789 INFO === scribe_sync start ===
2026-06-27 12:30:04,825 INFO MCP session initialized (id=9b66cc98-015d-4604-a6e8-09332a2fafa4)
2026-06-27 12:30:06,158 INFO Found folder 'Kindle Scribe' (ID: 1C38JFsUTRYHHimqlQwpoRka0Zi1QJKq6)
2026-06-27 12:30:07,447 INFO Found 0 w-termine files in folder
2026-06-27 12:30:07,447 INFO No new w-termine files found
2026-06-27 12:30:07,449 INFO === scribe_sync end ===
2026-06-27 12:40:02,123 INFO === scribe_sync start ===
2026-06-27 12:40:03,817 INFO MCP session initialized (id=56653d4f-df0c-482a-8868-8ef5eb657ec2)
2026-06-27 12:40:05,143 INFO Found folder 'Kindle Scribe' (ID: 1C38JFsUTRYHHimqlQwpoRka0Zi1QJKq6)
2026-06-27 12:40:06,508 INFO Found 0 w-termine files in folder
2026-06-27 12:40:06,508 INFO No new w-termine files found
2026-06-27 12:40:06,514 INFO === scribe_sync end ===
2026-06-27 12:50:01,191 INFO === scribe_sync start ===
2026-06-27 12:50:02,803 INFO MCP session initialized (id=82b8b684-5ab5-4f71-825c-cc2e9277f8f3)
2026-06-27 12:50:04,275 INFO Found folder 'Kindle Scribe' (ID: 1C38JFsUTRYHHimqlQwpoRka0Zi1QJKq6)
2026-06-27 12:50:05,404 INFO Found 0 w-termine files in folder
2026-06-27 12:50:05,405 INFO No new w-termine files found
2026-06-27 12:50:05,416 INFO === scribe_sync end ===
2026-06-27 13:00:03,160 INFO === scribe_sync start ===
2026-06-27 13:00:04,840 INFO MCP session initialized (id=8ea4ff02-5f5b-412e-bccd-c4bd9fd6e160)
2026-06-27 13:00:06,398 INFO Found folder 'Kindle Scribe' (ID: 1C38JFsUTRYHHimqlQwpoRka0Zi1QJKq6)
2026-06-27 13:00:08,348 INFO Found 0 w-termine files in folder
2026-06-27 13:00:08,352 INFO No new w-termine files found
2026-06-27 13:00:08,354 INFO === scribe_sync end ===
2026-06-27 13:10:02,224 INFO === scribe_sync start ===
2026-06-27 13:10:03,672 INFO MCP session initialized (id=49370abe-21f0-473e-87e7-edb39ad1ca46)
2026-06-27 13:10:04,983 INFO Found folder 'Kindle Scribe' (ID: 1C38JFsUTRYHHimqlQwpoRka0Zi1QJKq6)
2026-06-27 13:10:06,749 INFO Found 0 w-termine files in folder
2026-06-27 13:10:06,843 INFO No new w-termine files found
2026-06-27 13:10:06,850 INFO === scribe_sync end ===
2026-06-27 13:20:03,277 INFO === scribe_sync start ===
2026-06-27 13:20:08,061 INFO MCP session initialized (id=6fe3ba8f-d6c6-46db-a3d5-b1ea91be5dad)
2026-06-27 13:20:09,401 INFO Found folder 'Kindle Scribe' (ID: 1C38JFsUTRYHHimqlQwpoRka0Zi1QJKq6)
2026-06-27 13:20:10,639 INFO Found 0 w-termine files in folder
2026-06-27 13:20:10,640 INFO No new w-termine files found
2026-06-27 13:20:10,674 INFO === scribe_sync end ===
2026-06-27 13:30:01,756 INFO === scribe_sync start ===
2026-06-27 13:30:03,319 INFO MCP session initialized (id=28483193-ad40-4a46-9871-31bd211a0586)
2026-06-27 13:30:05,171 INFO Found folder 'Kindle Scribe' (ID: 1C38JFsUTRYHHimqlQwpoRka0Zi1QJKq6)
2026-06-27 13:30:06,585 INFO Found 0 w-termine files in folder
2026-06-27 13:30:06,585 INFO No new w-termine files found
2026-06-27 13:30:06,617 INFO === scribe_sync end ===
2026-06-27 13:40:01,690 INFO === scribe_sync start ===
2026-06-27 13:40:33,225 INFO MCP session initialized (id=a4f78b08-07fb-4e7e-96ba-9659b7431856)
2026-06-27 13:40:34,839 INFO Found folder 'Kindle Scribe' (ID: 1C38JFsUTRYHHimqlQwpoRka0Zi1QJKq6)
2026-06-27 13:40:36,151 INFO Found 0 w-termine files in folder
2026-06-27 13:40:36,151 INFO No new w-termine files found
2026-06-27 13:40:36,153 INFO === scribe_sync end ===
2026-06-27 13:50:01,807 INFO === scribe_sync start ===
2026-06-27 13:50:03,198 INFO MCP session initialized (id=3d1679e2-fc6c-4893-a707-1ad9f46822c5)
2026-06-27 13:50:04,501 INFO Found folder 'Kindle Scribe' (ID: 1C38JFsUTRYHHimqlQwpoRka0Zi1QJKq6)
2026-06-27 13:50:05,684 INFO Found 0 w-termine files in folder
2026-06-27 13:50:05,684 INFO No new w-termine files found
2026-06-27 13:50:05,699 INFO === scribe_sync end ===
2026-06-27 14:00:01,500 INFO === scribe_sync start ===
2026-06-27 14:00:04,198 INFO MCP session initialized (id=db11d420-971b-41a3-880c-ed2485222acc)
2026-06-27 14:00:05,916 INFO Found folder 'Kindle Scribe' (ID: 1C38JFsUTRYHHimqlQwpoRka0Zi1QJKq6)
2026-06-27 14:00:07,472 INFO Found 0 w-termine files in folder
2026-06-27 14:00:07,472 INFO No new w-termine files found
2026-06-27 14:00:07,474 INFO === scribe_sync end ===
2026-06-27 14:10:01,950 INFO === scribe_sync start ===
2026-06-27 14:10:03,464 INFO MCP session initialized (id=22b7dfd8-103a-4110-9a05-b8d75549b9d1)
2026-06-27 14:10:04,641 INFO Found folder 'Kindle Scribe' (ID: 1C38JFsUTRYHHimqlQwpoRka0Zi1QJKq6)
2026-06-27 14:10:05,727 INFO Found 0 w-termine files in folder
2026-06-27 14:10:05,727 INFO No new w-termine files found
2026-06-27 14:10:05,729 INFO === scribe_sync end ===
2026-06-27 14:20:03,007 INFO === scribe_sync start ===
2026-06-27 14:20:08,569 INFO MCP session initialized (id=bcf83c5a-ce1b-4281-b31b-a67fb40c1e98)
2026-06-27 14:20:10,135 INFO Found folder 'Kindle Scribe' (ID: 1C38JFsUTRYHHimqlQwpoRka0Zi1QJKq6)
2026-06-27 14:20:11,372 INFO Found 0 w-termine files in folder
2026-06-27 14:20:11,372 INFO No new w-termine files found
2026-06-27 14:20:11,378 INFO === scribe_sync end ===
2026-06-27 14:30:01,528 INFO === scribe_sync start ===
2026-06-27 14:30:03,288 INFO MCP session initialized (id=ae730f26-6560-48c5-b539-92b0bf81730f)
2026-06-27 14:30:04,643 INFO Found folder 'Kindle Scribe' (ID: 1C38JFsUTRYHHimqlQwpoRka0Zi1QJKq6)
2026-06-27 14:30:05,794 INFO Found 0 w-termine files in folder
2026-06-27 14:30:05,794 INFO No new w-termine files found
2026-06-27 14:30:05,797 INFO === scribe_sync end ===
2026-06-27 14:40:01,843 INFO === scribe_sync start ===
2026-06-27 14:40:03,819 INFO MCP session initialized (id=bc4b08d0-807d-4677-aade-5371c2998d66)
2026-06-27 14:40:05,344 INFO Found folder 'Kindle Scribe' (ID: 1C38JFsUTRYHHimqlQwpoRka0Zi1QJKq6)
2026-06-27 14:40:07,042 INFO Found 0 w-termine files in folder
2026-06-27 14:40:07,042 INFO No new w-termine files found
2026-06-27 14:40:07,045 INFO === scribe_sync end ===
2026-06-27 14:50:01,372 INFO === scribe_sync start ===
2026-06-27 14:50:03,345 INFO MCP session initialized (id=7bb739e0-8c6b-44e1-a745-f41f02bda638)
2026-06-27 14:50:04,629 INFO Found folder 'Kindle Scribe' (ID: 1C38JFsUTRYHHimqlQwpoRka0Zi1QJKq6)
2026-06-27 14:50:05,781 INFO Found 0 w-termine files in folder
2026-06-27 14:50:05,781 INFO No new w-termine files found
2026-06-27 14:50:05,783 INFO === scribe_sync end ===
2026-06-27 15:00:01,538 INFO === scribe_sync start ===
2026-06-27 15:00:03,346 INFO MCP session initialized (id=83c1196a-7eee-4ba0-aa4c-836fa7371594)
2026-06-27 15:00:05,152 INFO Found folder 'Kindle Scribe' (ID: 1C38JFsUTRYHHimqlQwpoRka0Zi1QJKq6)
2026-06-27 15:00:06,544 INFO Found 0 w-termine files in folder
2026-06-27 15:00:06,565 INFO No new w-termine files found
2026-06-27 15:00:06,569 INFO === scribe_sync end ===
2026-06-27 15:10:01,813 INFO === scribe_sync start ===
2026-06-27 15:10:04,531 INFO MCP session initialized (id=8be91472-f721-4916-a27c-eb42c95aafb3)
2026-06-27 15:10:06,168 INFO Found folder 'Kindle Scribe' (ID: 1C38JFsUTRYHHimqlQwpoRka0Zi1QJKq6)
2026-06-27 15:10:07,447 INFO Found 0 w-termine files in folder
2026-06-27 15:10:07,447 INFO No new w-termine files found
2026-06-27 15:10:07,449 INFO === scribe_sync end ===
2026-06-27 15:20:04,743 INFO === scribe_sync start ===
2026-06-27 15:20:09,853 INFO MCP session initialized (id=fd260456-c252-4f34-a01b-40156a7e4dc2)
2026-06-27 15:20:11,355 INFO Found folder 'Kindle Scribe' (ID: 1C38JFsUTRYHHimqlQwpoRka0Zi1QJKq6)
2026-06-27 15:20:12,753 INFO Found 0 w-termine files in folder
2026-06-27 15:20:12,753 INFO No new w-termine files found
2026-06-27 15:20:12,776 INFO === scribe_sync end ===
2026-06-27 15:30:01,947 INFO === scribe_sync start ===
2026-06-27 15:30:03,422 INFO MCP session initialized (id=29025b5e-a2cb-47b9-96e3-366b319eb80e)
2026-06-27 15:30:05,081 INFO Found folder 'Kindle Scribe' (ID: 1C38JFsUTRYHHimqlQwpoRka0Zi1QJKq6)
2026-06-27 15:30:06,525 INFO Found 0 w-termine files in folder
2026-06-27 15:30:06,538 INFO No new w-termine files found
2026-06-27 15:30:06,561 INFO === scribe_sync end ===
2026-06-27 15:40:02,039 INFO === scribe_sync start ===
2026-06-27 15:40:03,340 INFO MCP session initialized (id=a7c79035-1cbd-4f42-9f4b-83e079ccea92)
2026-06-27 15:40:04,652 INFO Found folder 'Kindle Scribe' (ID: 1C38JFsUTRYHHimqlQwpoRka0Zi1QJKq6)
2026-06-27 15:40:05,899 INFO Found 0 w-termine files in folder
2026-06-27 15:40:05,899 INFO No new w-termine files found
2026-06-27 15:40:05,902 INFO === scribe_sync end ===
2026-06-27 15:50:02,019 INFO === scribe_sync start ===
2026-06-27 15:50:03,586 INFO MCP session initialized (id=bf3b439e-23a0-404d-b95a-a8f7e2f5b85b)
2026-06-27 15:50:04,893 INFO Found folder 'Kindle Scribe' (ID: 1C38JFsUTRYHHimqlQwpoRka0Zi1QJKq6)
2026-06-27 15:50:06,076 INFO Found 0 w-termine files in folder
2026-06-27 15:50:06,077 INFO No new w-termine files found
2026-06-27 15:50:06,078 INFO === scribe_sync end ===
2026-06-27 16:00:02,206 INFO === scribe_sync start ===
2026-06-27 16:00:04,090 INFO MCP session initialized (id=d1278733-843d-47fd-88f3-a1d5f97ea33c)
2026-06-27 16:00:06,108 INFO Found folder 'Kindle Scribe' (ID: 1C38JFsUTRYHHimqlQwpoRka0Zi1QJKq6)
2026-06-27 16:00:07,654 INFO Found 0 w-termine files in folder
2026-06-27 16:00:07,654 INFO No new w-termine files found
2026-06-27 16:00:07,665 INFO === scribe_sync end ===
2026-06-27 16:10:01,160 INFO === scribe_sync start ===
2026-06-27 16:10:02,764 INFO MCP session initialized (id=0fe9091b-03b5-4808-bead-51f5a3078c4a)
2026-06-27 16:10:04,300 INFO Found folder 'Kindle Scribe' (ID: 1C38JFsUTRYHHimqlQwpoRka0Zi1QJKq6)
2026-06-27 16:10:05,715 INFO Found 0 w-termine files in folder
2026-06-27 16:10:05,716 INFO No new w-termine files found
2026-06-27 16:10:05,786 INFO === scribe_sync end ===
2026-06-27 16:20:03,425 INFO === scribe_sync start ===
2026-06-27 16:20:08,917 INFO MCP session initialized (id=184eae1c-4f19-4d18-b6cf-1647049cdc36)
2026-06-27 16:20:10,160 INFO Found folder 'Kindle Scribe' (ID: 1C38JFsUTRYHHimqlQwpoRka0Zi1QJKq6)
2026-06-27 16:20:11,417 INFO Found 0 w-termine files in folder
2026-06-27 16:20:11,418 INFO No new w-termine files found
2026-06-27 16:20:11,419 INFO === scribe_sync end ===
2026-06-27 16:30:02,630 INFO === scribe_sync start ===
2026-06-27 16:30:04,778 INFO MCP session initialized (id=fb2197b9-6c47-4cd2-aec9-008a41bd26f6)
2026-06-27 16:30:06,147 INFO Found folder 'Kindle Scribe' (ID: 1C38JFsUTRYHHimqlQwpoRka0Zi1QJKq6)
2026-06-27 16:30:07,372 INFO Found 0 w-termine files in folder
2026-06-27 16:30:07,376 INFO No new w-termine files found
2026-06-27 16:30:07,380 INFO === scribe_sync end ===
2026-06-27 16:40:01,348 INFO === scribe_sync start ===
2026-06-27 16:40:02,683 INFO MCP session initialized (id=7562c7c4-d833-42bf-86ff-cb54c1a19a41)
2026-06-27 16:40:04,060 INFO Found folder 'Kindle Scribe' (ID: 1C38JFsUTRYHHimqlQwpoRka0Zi1QJKq6)
2026-06-27 16:40:05,271 INFO Found 0 w-termine files in folder
2026-06-27 16:40:05,272 INFO No new w-termine files found
2026-06-27 16:40:05,314 INFO === scribe_sync end ===
2026-06-27 16:50:01,502 INFO === scribe_sync start ===
2026-06-27 16:50:03,228 INFO MCP session initialized (id=2c0ce498-1157-4b33-bbe0-f4bb29505689)
2026-06-27 16:50:05,401 INFO Found folder 'Kindle Scribe' (ID: 1C38JFsUTRYHHimqlQwpoRka0Zi1QJKq6)
2026-06-27 16:50:06,634 INFO Found 0 w-termine files in folder
2026-06-27 16:50:06,634 INFO No new w-termine files found
2026-06-27 16:50:06,637 INFO === scribe_sync end ===
2026-06-27 17:00:02,515 INFO === scribe_sync start ===
2026-06-27 17:00:04,386 INFO MCP session initialized (id=613826ad-c23f-4f9d-8f2e-2967f57a2899)
2026-06-27 17:00:05,892 INFO Found folder 'Kindle Scribe' (ID: 1C38JFsUTRYHHimqlQwpoRka0Zi1QJKq6)
2026-06-27 17:00:07,491 INFO Found 0 w-termine files in folder
2026-06-27 17:00:07,492 INFO No new w-termine files found
2026-06-27 17:00:07,501 INFO === scribe_sync end ===
2026-06-27 17:10:01,358 INFO === scribe_sync start ===
2026-06-27 17:10:02,790 INFO MCP session initialized (id=10ffe72d-3761-4309-b695-a81d6b55a309)
2026-06-27 17:10:04,649 INFO Found folder 'Kindle Scribe' (ID: 1C38JFsUTRYHHimqlQwpoRka0Zi1QJKq6)
2026-06-27 17:10:06,037 INFO Found 0 w-termine files in folder
2026-06-27 17:10:06,037 INFO No new w-termine files found
2026-06-27 17:10:06,045 INFO === scribe_sync end ===
2026-06-27 17:20:03,563 INFO === scribe_sync start ===
2026-06-27 17:20:07,254 INFO MCP session initialized (id=71e3cf57-a232-4c50-b74e-1b7f91c3588a)
2026-06-27 17:20:09,467 INFO Found folder 'Kindle Scribe' (ID: 1C38JFsUTRYHHimqlQwpoRka0Zi1QJKq6)
2026-06-27 17:20:10,699 INFO Found 0 w-termine files in folder
2026-06-27 17:20:10,739 INFO No new w-termine files found
2026-06-27 17:20:10,741 INFO === scribe_sync end ===
2026-06-27 17:30:02,174 INFO === scribe_sync start ===
2026-06-27 17:30:03,760 INFO MCP session initialized (id=8f952667-44bd-4370-a32d-f90fb2eab4bb)
2026-06-27 17:30:05,278 INFO Found folder 'Kindle Scribe' (ID: 1C38JFsUTRYHHimqlQwpoRka0Zi1QJKq6)
2026-06-27 17:30:06,726 INFO Found 0 w-termine files in folder
2026-06-27 17:30:06,751 INFO No new w-termine files found
2026-06-27 17:30:06,754 INFO === scribe_sync end ===
2026-06-27 17:40:01,881 INFO === scribe_sync start ===
2026-06-27 17:40:03,588 INFO MCP session initialized (id=c1375dca-4aff-45c3-b4c4-a3b2a210edc3)
2026-06-27 17:40:04,903 INFO Found folder 'Kindle Scribe' (ID: 1C38JFsUTRYHHimqlQwpoRka0Zi1QJKq6)
2026-06-27 17:40:06,059 INFO Found 0 w-termine files in folder
2026-06-27 17:40:06,060 INFO No new w-termine files found
2026-06-27 17:40:06,062 INFO === scribe_sync end ===
2026-06-27 17:50:01,991 INFO === scribe_sync start ===
2026-06-27 17:50:04,591 INFO MCP session initialized (id=fb8881e9-3620-4fe2-a967-9f69adc2cc92)
2026-06-27 17:50:05,915 INFO Found folder 'Kindle Scribe' (ID: 1C38JFsUTRYHHimqlQwpoRka0Zi1QJKq6)
2026-06-27 17:50:07,312 INFO Found 0 w-termine files in folder
2026-06-27 17:50:07,313 INFO No new w-termine files found
2026-06-27 17:50:07,318 INFO === scribe_sync end ===
2026-06-27 18:00:01,287 INFO === scribe_sync start ===
2026-06-27 18:00:03,385 INFO MCP session initialized (id=402237d3-3b70-4e28-9003-f67193169695)
2026-06-27 18:00:04,885 INFO Found folder 'Kindle Scribe' (ID: 1C38JFsUTRYHHimqlQwpoRka0Zi1QJKq6)
2026-06-27 18:00:06,386 INFO Found 0 w-termine files in folder
2026-06-27 18:00:06,386 INFO No new w-termine files found
2026-06-27 18:00:06,497 INFO === scribe_sync end ===
2026-06-27 18:10:01,941 INFO === scribe_sync start ===
2026-06-27 18:10:04,581 INFO MCP session initialized (id=7dd595d0-a3eb-4c9e-bfd1-70775dff17ba)
2026-06-27 18:10:06,048 INFO Found folder 'Kindle Scribe' (ID: 1C38JFsUTRYHHimqlQwpoRka0Zi1QJKq6)
2026-06-27 18:10:07,454 INFO Found 0 w-termine files in folder
2026-06-27 18:10:07,454 INFO No new w-termine files found
2026-06-27 18:10:07,593 INFO === scribe_sync end ===
2026-06-27 18:20:01,600 INFO === scribe_sync start ===
2026-06-27 18:20:05,576 INFO MCP session initialized (id=089cc785-fe55-4fdb-beda-b3eb1854f3d5)
2026-06-27 18:20:07,066 INFO Found folder 'Kindle Scribe' (ID: 1C38JFsUTRYHHimqlQwpoRka0Zi1QJKq6)
2026-06-27 18:20:08,580 INFO Found 0 w-termine files in folder
2026-06-27 18:20:08,580 INFO No new w-termine files found
2026-06-27 18:20:08,584 INFO === scribe_sync end ===
2026-06-27 18:30:03,400 INFO === scribe_sync start ===
2026-06-27 18:30:08,385 INFO MCP session initialized (id=cc04fc76-4a6a-4c2f-9fb6-63e66bcc5c31)
2026-06-27 18:30:09,664 INFO Found folder 'Kindle Scribe' (ID: 1C38JFsUTRYHHimqlQwpoRka0Zi1QJKq6)
2026-06-27 18:30:10,950 INFO Found 0 w-termine files in folder
2026-06-27 18:30:10,951 INFO No new w-termine files found
2026-06-27 18:30:10,953 INFO === scribe_sync end ===
2026-06-27 18:40:02,566 INFO === scribe_sync start ===
2026-06-27 18:40:14,975 INFO MCP session initialized (id=d42c6f09-8709-411e-846b-37ab41afd20d)
2026-06-27 18:40:16,543 INFO Found folder 'Kindle Scribe' (ID: 1C38JFsUTRYHHimqlQwpoRka0Zi1QJKq6)
2026-06-27 18:40:17,980 INFO Found 0 w-termine files in folder
2026-06-27 18:40:17,981 INFO No new w-termine files found
2026-06-27 18:40:17,983 INFO === scribe_sync end ===
2026-06-27 18:50:03,876 INFO === scribe_sync start ===
2026-06-27 18:50:07,593 INFO MCP session initialized (id=622112c0-15a2-46fc-8f2b-28135258160d)
2026-06-27 18:50:08,778 INFO Found folder 'Kindle Scribe' (ID: 1C38JFsUTRYHHimqlQwpoRka0Zi1QJKq6)
2026-06-27 18:50:09,920 INFO Found 0 w-termine files in folder
2026-06-27 18:50:09,924 INFO No new w-termine files found
2026-06-27 18:50:10,011 INFO === scribe_sync end ===
2026-06-27 19:00:03,820 INFO === scribe_sync start ===
2026-06-27 19:00:08,764 INFO MCP session initialized (id=c296e0c4-4a34-4025-9a80-307fb62b443d)
2026-06-27 19:00:10,260 INFO Found folder 'Kindle Scribe' (ID: 1C38JFsUTRYHHimqlQwpoRka0Zi1QJKq6)
2026-06-27 19:00:11,588 INFO Found 0 w-termine files in folder
2026-06-27 19:00:11,588 INFO No new w-termine files found
2026-06-27 19:00:11,590 INFO === scribe_sync end ===
2026-06-27 19:10:02,109 INFO === scribe_sync start ===
2026-06-27 19:10:03,458 INFO MCP session initialized (id=22d37b7d-bede-433e-ad6a-37b91194f3f0)
2026-06-27 19:10:04,819 INFO Found folder 'Kindle Scribe' (ID: 1C38JFsUTRYHHimqlQwpoRka0Zi1QJKq6)
2026-06-27 19:10:06,253 INFO Found 0 w-termine files in folder
2026-06-27 19:10:06,253 INFO No new w-termine files found
2026-06-27 19:10:06,262 INFO === scribe_sync end ===
2026-06-27 19:20:04,614 INFO === scribe_sync start ===
2026-06-27 19:20:08,179 INFO MCP session initialized (id=54000b32-7be9-4b4d-b38d-7ffd2c2e88b0)
2026-06-27 19:20:09,485 INFO Found folder 'Kindle Scribe' (ID: 1C38JFsUTRYHHimqlQwpoRka0Zi1QJKq6)
2026-06-27 19:20:10,832 INFO Found 0 w-termine files in folder
2026-06-27 19:20:10,832 INFO No new w-termine files found
2026-06-27 19:20:10,838 INFO === scribe_sync end ===
2026-06-27 19:30:01,397 INFO === scribe_sync start ===
2026-06-27 19:30:03,120 INFO MCP session initialized (id=b80100a2-4176-4f2e-8273-1c8b5c5f4ad8)
2026-06-27 19:30:04,530 INFO Found folder 'Kindle Scribe' (ID: 1C38JFsUTRYHHimqlQwpoRka0Zi1QJKq6)
2026-06-27 19:30:05,913 INFO Found 0 w-termine files in folder
2026-06-27 19:30:05,914 INFO No new w-termine files found
2026-06-27 19:30:05,917 INFO === scribe_sync end ===
2026-06-27 19:40:01,496 INFO === scribe_sync start ===
2026-06-27 19:40:03,054 INFO MCP session initialized (id=6972119f-34f0-44a2-a3bf-c6c214d82f67)
2026-06-27 19:40:04,442 INFO Found folder 'Kindle Scribe' (ID: 1C38JFsUTRYHHimqlQwpoRka0Zi1QJKq6)
2026-06-27 19:40:05,784 INFO Found 0 w-termine files in folder
2026-06-27 19:40:05,784 INFO No new w-termine files found
2026-06-27 19:40:05,819 INFO === scribe_sync end ===
2026-06-27 19:50:01,230 INFO === scribe_sync start ===
2026-06-27 19:50:02,501 INFO MCP session initialized (id=f74e2501-254b-4aad-8c0a-df3810933fdc)
2026-06-27 19:50:03,794 INFO Found folder 'Kindle Scribe' (ID: 1C38JFsUTRYHHimqlQwpoRka0Zi1QJKq6)
2026-06-27 19:50:05,047 INFO Found 0 w-termine files in folder
2026-06-27 19:50:05,073 INFO No new w-termine files found
2026-06-27 19:50:05,077 INFO === scribe_sync end ===
2026-06-27 20:00:02,389 INFO === scribe_sync start ===
2026-06-27 20:00:03,842 INFO MCP session initialized (id=cd264208-5b18-423c-acaf-4f3185a2f3b6)
2026-06-27 20:00:05,597 INFO Found folder 'Kindle Scribe' (ID: 1C38JFsUTRYHHimqlQwpoRka0Zi1QJKq6)
2026-06-27 20:00:06,877 INFO Found 0 w-termine files in folder
2026-06-27 20:00:06,878 INFO No new w-termine files found
2026-06-27 20:00:06,879 INFO === scribe_sync end ===
2026-06-27 20:10:02,155 INFO === scribe_sync start ===
2026-06-27 20:10:03,708 INFO MCP session initialized (id=9a624cc9-15bd-492f-8b60-9b6f422a19ea)
2026-06-27 20:10:05,014 INFO Found folder 'Kindle Scribe' (ID: 1C38JFsUTRYHHimqlQwpoRka0Zi1QJKq6)
2026-06-27 20:10:07,412 INFO Found 0 w-termine files in folder
2026-06-27 20:10:07,880 INFO No new w-termine files found
2026-06-27 20:10:07,930 INFO === scribe_sync end ===
2026-06-27 20:20:04,496 INFO === scribe_sync start ===
2026-06-27 20:20:09,036 INFO MCP session initialized (id=b2518b7b-1f3a-445b-a2e7-c0c1e5734535)
2026-06-27 20:20:10,358 INFO Found folder 'Kindle Scribe' (ID: 1C38JFsUTRYHHimqlQwpoRka0Zi1QJKq6)
2026-06-27 20:20:11,594 INFO Found 0 w-termine files in folder
2026-06-27 20:20:11,594 INFO No new w-termine files found
2026-06-27 20:20:11,597 INFO === scribe_sync end ===
2026-06-27 20:30:01,356 INFO === scribe_sync start ===
2026-06-27 20:30:03,027 INFO MCP session initialized (id=de189721-61d8-4630-aa5b-92907864d1d5)
2026-06-27 20:30:04,687 INFO Found folder 'Kindle Scribe' (ID: 1C38JFsUTRYHHimqlQwpoRka0Zi1QJKq6)
2026-06-27 20:30:06,003 INFO Found 0 w-termine files in folder
2026-06-27 20:30:06,004 INFO No new w-termine files found
2026-06-27 20:30:06,006 INFO === scribe_sync end ===
2026-06-27 20:40:02,176 INFO === scribe_sync start ===
2026-06-27 20:40:03,847 INFO MCP session initialized (id=8f223e33-76da-48ea-9468-27fd19dd4984)
2026-06-27 20:40:05,396 INFO Found folder 'Kindle Scribe' (ID: 1C38JFsUTRYHHimqlQwpoRka0Zi1QJKq6)
2026-06-27 20:40:06,888 INFO Found 0 w-termine files in folder
2026-06-27 20:40:06,891 INFO No new w-termine files found
2026-06-27 20:40:06,914 INFO === scribe_sync end ===
2026-06-27 20:50:01,127 INFO === scribe_sync start ===
2026-06-27 20:50:02,341 INFO MCP session initialized (id=bbb4804e-5f04-4ac8-ad77-3184c239475a)
2026-06-27 20:50:03,608 INFO Found folder 'Kindle Scribe' (ID: 1C38JFsUTRYHHimqlQwpoRka0Zi1QJKq6)
2026-06-27 20:50:04,905 INFO Found 0 w-termine files in folder
2026-06-27 20:50:04,906 INFO No new w-termine files found
2026-06-27 20:50:04,911 INFO === scribe_sync end ===
2026-06-27 21:00:01,693 INFO === scribe_sync start ===
2026-06-27 21:00:03,904 INFO MCP session initialized (id=74914a21-5943-466e-bc75-aad894e3d137)
2026-06-27 21:00:05,258 INFO Found folder 'Kindle Scribe' (ID: 1C38JFsUTRYHHimqlQwpoRka0Zi1QJKq6)
2026-06-27 21:00:06,670 INFO Found 0 w-termine files in folder
2026-06-27 21:00:06,670 INFO No new w-termine files found
2026-06-27 21:00:06,869 INFO === scribe_sync end ===
2026-06-27 21:10:01,727 INFO === scribe_sync start ===
2026-06-27 21:10:04,309 INFO MCP session initialized (id=5da456e4-767b-485c-990a-063fbd4c39a9)
2026-06-27 21:10:05,617 INFO Found folder 'Kindle Scribe' (ID: 1C38JFsUTRYHHimqlQwpoRka0Zi1QJKq6)
2026-06-27 21:10:06,842 INFO Found 0 w-termine files in folder
2026-06-27 21:10:06,843 INFO No new w-termine files found
2026-06-27 21:10:06,901 INFO === scribe_sync end ===
2026-06-27 21:20:03,896 INFO === scribe_sync start ===
2026-06-27 21:20:08,289 INFO MCP session initialized (id=f2e87871-e203-4ad5-b7e6-d75fecffa264)
2026-06-27 21:20:09,768 INFO Found folder 'Kindle Scribe' (ID: 1C38JFsUTRYHHimqlQwpoRka0Zi1QJKq6)
2026-06-27 21:20:11,003 INFO Found 0 w-termine files in folder
2026-06-27 21:20:11,004 INFO No new w-termine files found
2026-06-27 21:20:11,005 INFO === scribe_sync end ===
2026-06-27 21:30:01,977 INFO === scribe_sync start ===
2026-06-27 21:30:03,499 INFO MCP session initialized (id=a49553e3-2599-4100-b042-fde04055ef58)
2026-06-27 21:30:05,032 INFO Found folder 'Kindle Scribe' (ID: 1C38JFsUTRYHHimqlQwpoRka0Zi1QJKq6)
2026-06-27 21:30:06,518 INFO Found 0 w-termine files in folder
2026-06-27 21:30:06,518 INFO No new w-termine files found
2026-06-27 21:30:06,549 INFO === scribe_sync end ===
2026-06-27 21:40:02,485 INFO === scribe_sync start ===
2026-06-27 21:40:03,745 INFO MCP session initialized (id=01fc8f2f-9e22-4ae5-9fd3-ef1200c43d19)
2026-06-27 21:40:05,890 INFO Found folder 'Kindle Scribe' (ID: 1C38JFsUTRYHHimqlQwpoRka0Zi1QJKq6)
2026-06-27 21:40:07,126 INFO Found 0 w-termine files in folder
2026-06-27 21:40:07,126 INFO No new w-termine files found
2026-06-27 21:40:07,128 INFO === scribe_sync end ===
2026-06-27 21:50:02,279 INFO === scribe_sync start ===
2026-06-27 21:50:04,283 INFO MCP session initialized (id=d27c2c6d-9eac-464b-8d01-d73b490135e3)
2026-06-27 21:50:05,785 INFO Found folder 'Kindle Scribe' (ID: 1C38JFsUTRYHHimqlQwpoRka0Zi1QJKq6)
2026-06-27 21:50:07,340 INFO Found 0 w-termine files in folder
2026-06-27 21:50:07,341 INFO No new w-termine files found
2026-06-27 21:50:07,358 INFO === scribe_sync end ===
2026-06-27 22:00:02,359 INFO === scribe_sync start ===
2026-06-27 22:00:04,222 INFO MCP session initialized (id=6d1d729b-cfb1-4c4c-9c9b-75982bc12e3d)
2026-06-27 22:00:06,090 INFO Found folder 'Kindle Scribe' (ID: 1C38JFsUTRYHHimqlQwpoRka0Zi1QJKq6)
2026-06-27 22:00:07,998 INFO Found 0 w-termine files in folder
2026-06-27 22:00:07,998 INFO No new w-termine files found
2026-06-27 22:00:07,999 INFO === scribe_sync end ===
2026-06-27 22:10:02,726 INFO === scribe_sync start ===
2026-06-27 22:10:04,558 INFO MCP session initialized (id=7e9ddd1d-9bb9-499c-943c-943aa0eaa913)
2026-06-27 22:10:05,937 INFO Found folder 'Kindle Scribe' (ID: 1C38JFsUTRYHHimqlQwpoRka0Zi1QJKq6)
2026-06-27 22:10:07,453 INFO Found 0 w-termine files in folder
2026-06-27 22:10:07,453 INFO No new w-termine files found
2026-06-27 22:10:07,494 INFO === scribe_sync end ===
2026-06-27 22:20:04,057 INFO === scribe_sync start ===
2026-06-27 22:20:07,937 INFO MCP session initialized (id=91e1bc20-07e9-46e8-a56f-849aaa14b222)
2026-06-27 22:20:09,290 INFO Found folder 'Kindle Scribe' (ID: 1C38JFsUTRYHHimqlQwpoRka0Zi1QJKq6)
2026-06-27 22:20:10,681 INFO Found 0 w-termine files in folder
2026-06-27 22:20:10,681 INFO No new w-termine files found
2026-06-27 22:20:10,685 INFO === scribe_sync end ===
2026-06-27 22:30:01,570 INFO === scribe_sync start ===
2026-06-27 22:30:03,746 INFO MCP session initialized (id=2e722fd6-9965-477e-9144-4c1b2e63adf8)
2026-06-27 22:30:05,156 INFO Found folder 'Kindle Scribe' (ID: 1C38JFsUTRYHHimqlQwpoRka0Zi1QJKq6)
2026-06-27 22:30:06,429 INFO Found 0 w-termine files in folder
2026-06-27 22:30:06,429 INFO No new w-termine files found
2026-06-27 22:30:06,468 INFO === scribe_sync end ===
2026-06-27 22:40:01,885 INFO === scribe_sync start ===
2026-06-27 22:40:03,884 INFO MCP session initialized (id=bee5fcb2-ca2c-4502-a307-dfd450897a14)
2026-06-27 22:40:05,161 INFO Found folder 'Kindle Scribe' (ID: 1C38JFsUTRYHHimqlQwpoRka0Zi1QJKq6)
2026-06-27 22:40:06,399 INFO Found 0 w-termine files in folder
2026-06-27 22:40:06,399 INFO No new w-termine files found
2026-06-27 22:40:06,418 INFO === scribe_sync end ===
2026-06-27 22:50:01,806 INFO === scribe_sync start ===
2026-06-27 22:50:03,114 INFO MCP session initialized (id=057927ae-0b6e-4a85-ba8e-12fad0a78d26)
2026-06-27 22:50:04,766 INFO Found folder 'Kindle Scribe' (ID: 1C38JFsUTRYHHimqlQwpoRka0Zi1QJKq6)
2026-06-27 22:50:06,177 INFO Found 0 w-termine files in folder
2026-06-27 22:50:06,178 INFO No new w-termine files found
2026-06-27 22:50:06,192 INFO === scribe_sync end ===
2026-06-27 23:00:01,376 INFO === scribe_sync start ===
2026-06-27 23:00:02,749 INFO MCP session initialized (id=234ad187-a0ad-4f03-a22d-cd511e017e5d)
2026-06-27 23:00:05,529 INFO Found folder 'Kindle Scribe' (ID: 1C38JFsUTRYHHimqlQwpoRka0Zi1QJKq6)
2026-06-27 23:00:06,967 INFO Found 0 w-termine files in folder
2026-06-27 23:00:06,967 INFO No new w-termine files found
2026-06-27 23:00:06,970 INFO === scribe_sync end ===
2026-06-27 23:10:01,941 INFO === scribe_sync start ===
2026-06-27 23:10:03,461 INFO MCP session initialized (id=c4a62019-8a63-4466-8814-048beec10765)
2026-06-27 23:10:04,805 INFO Found folder 'Kindle Scribe' (ID: 1C38JFsUTRYHHimqlQwpoRka0Zi1QJKq6)
2026-06-27 23:10:06,114 INFO Found 0 w-termine files in folder
2026-06-27 23:10:06,114 INFO No new w-termine files found
2026-06-27 23:10:06,116 INFO === scribe_sync end ===
2026-06-27 23:20:03,271 INFO === scribe_sync start ===
2026-06-27 23:20:08,183 INFO MCP session initialized (id=29616f1a-b170-4005-8b73-dfe0d2733b66)
2026-06-27 23:20:10,278 INFO Found folder 'Kindle Scribe' (ID: 1C38JFsUTRYHHimqlQwpoRka0Zi1QJKq6)
2026-06-27 23:20:14,128 INFO Found 0 w-termine files in folder
2026-06-27 23:20:14,129 INFO No new w-termine files found
2026-06-27 23:20:14,134 INFO === scribe_sync end ===
2026-06-27 23:30:01,651 INFO === scribe_sync start ===
2026-06-27 23:30:32,997 INFO MCP session initialized (id=82b8a412-2697-4544-be2b-c3e894315e7c)
2026-06-27 23:30:34,409 INFO Found folder 'Kindle Scribe' (ID: 1C38JFsUTRYHHimqlQwpoRka0Zi1QJKq6)
2026-06-27 23:30:35,664 INFO Found 0 w-termine files in folder
2026-06-27 23:30:35,665 INFO No new w-termine files found
2026-06-27 23:30:35,667 INFO === scribe_sync end ===
2026-06-27 23:40:01,905 INFO === scribe_sync start ===
2026-06-27 23:40:03,758 INFO MCP session initialized (id=c6e52deb-d397-4a86-ba9a-e931b39944a9)
2026-06-27 23:40:05,271 INFO Found folder 'Kindle Scribe' (ID: 1C38JFsUTRYHHimqlQwpoRka0Zi1QJKq6)
2026-06-27 23:40:06,596 INFO Found 0 w-termine files in folder
2026-06-27 23:40:06,596 INFO No new w-termine files found
2026-06-27 23:40:06,613 INFO === scribe_sync end ===
2026-06-27 23:50:01,455 INFO === scribe_sync start ===
2026-06-27 23:50:03,069 INFO MCP session initialized (id=a682a55e-2302-4362-a56f-0a54a4f90cf5)
2026-06-27 23:50:04,352 INFO Found folder 'Kindle Scribe' (ID: 1C38JFsUTRYHHimqlQwpoRka0Zi1QJKq6)
2026-06-27 23:50:06,360 INFO Found 0 w-termine files in folder
2026-06-27 23:50:06,361 INFO No new w-termine files found
2026-06-27 23:50:06,368 INFO === scribe_sync end ===
2026-06-28 00:00:01,542 INFO === scribe_sync start ===
2026-06-28 00:00:04,158 INFO MCP session initialized (id=e9e5befa-0691-476d-a86d-7f793d04c611)
2026-06-28 00:00:06,130 INFO Found folder 'Kindle Scribe' (ID: 1C38JFsUTRYHHimqlQwpoRka0Zi1QJKq6)
2026-06-28 00:00:07,814 INFO Found 0 w-termine files in folder
2026-06-28 00:00:07,820 INFO No new w-termine files found
2026-06-28 00:00:07,825 INFO === scribe_sync end ===
2026-06-28 00:10:01,915 INFO === scribe_sync start ===
2026-06-28 00:10:03,389 INFO MCP session initialized (id=8e89a7bb-9ed3-4066-a25a-4a7b15dcadbc)
2026-06-28 00:10:04,957 INFO Found folder 'Kindle Scribe' (ID: 1C38JFsUTRYHHimqlQwpoRka0Zi1QJKq6)
2026-06-28 00:10:06,217 INFO Found 0 w-termine files in folder
2026-06-28 00:10:06,218 INFO No new w-termine files found
2026-06-28 00:10:06,220 INFO === scribe_sync end ===
2026-06-28 00:20:03,246 INFO === scribe_sync start ===
2026-06-28 00:20:06,207 INFO MCP session initialized (id=7a2a889d-e8dd-4cec-8b26-b6272a10733d)
2026-06-28 00:20:07,508 INFO Found folder 'Kindle Scribe' (ID: 1C38JFsUTRYHHimqlQwpoRka0Zi1QJKq6)
2026-06-28 00:20:08,802 INFO Found 0 w-termine files in folder
2026-06-28 00:20:08,802 INFO No new w-termine files found
2026-06-28 00:20:08,805 INFO === scribe_sync end ===
2026-06-28 00:30:01,409 INFO === scribe_sync start ===
2026-06-28 00:30:03,101 INFO MCP session initialized (id=09b1acce-bd56-45c3-8dae-e1e826ea1322)
2026-06-28 00:30:05,089 INFO Found folder 'Kindle Scribe' (ID: 1C38JFsUTRYHHimqlQwpoRka0Zi1QJKq6)
2026-06-28 00:30:06,595 INFO Found 0 w-termine files in folder
2026-06-28 00:30:06,595 INFO No new w-termine files found
2026-06-28 00:30:06,597 INFO === scribe_sync end ===
2026-06-28 00:40:01,994 INFO === scribe_sync start ===
2026-06-28 00:40:03,439 INFO MCP session initialized (id=bccdb456-45a6-48d3-b6dc-bb94dad0149e)
2026-06-28 00:40:04,966 INFO Found folder 'Kindle Scribe' (ID: 1C38JFsUTRYHHimqlQwpoRka0Zi1QJKq6)
2026-06-28 00:40:06,236 INFO Found 0 w-termine files in folder
2026-06-28 00:40:06,237 INFO No new w-termine files found
2026-06-28 00:40:06,239 INFO === scribe_sync end ===
2026-06-28 00:50:01,948 INFO === scribe_sync start ===
2026-06-28 00:50:03,370 INFO MCP session initialized (id=ec07a28b-b17e-4357-9543-537424af5b58)
2026-06-28 00:50:05,150 INFO Found folder 'Kindle Scribe' (ID: 1C38JFsUTRYHHimqlQwpoRka0Zi1QJKq6)
2026-06-28 00:50:06,400 INFO Found 0 w-termine files in folder
2026-06-28 00:50:06,401 INFO No new w-termine files found
2026-06-28 00:50:06,414 INFO === scribe_sync end ===
2026-06-28 01:00:02,652 INFO === scribe_sync start ===
2026-06-28 01:00:11,868 INFO MCP session initialized (id=4472543a-19c5-44b6-9ba3-9c0172c2fb98)
2026-06-28 01:00:13,320 INFO Found folder 'Kindle Scribe' (ID: 1C38JFsUTRYHHimqlQwpoRka0Zi1QJKq6)
2026-06-28 01:00:14,474 INFO Found 0 w-termine files in folder
2026-06-28 01:00:14,475 INFO No new w-termine files found
2026-06-28 01:00:14,478 INFO === scribe_sync end ===
2026-06-28 01:10:02,049 INFO === scribe_sync start ===
2026-06-28 01:10:03,595 INFO MCP session initialized (id=79528ca7-ef81-4fa4-903f-7e047e7893b5)
2026-06-28 01:10:04,835 INFO Found folder 'Kindle Scribe' (ID: 1C38JFsUTRYHHimqlQwpoRka0Zi1QJKq6)
2026-06-28 01:10:06,430 INFO Found 0 w-termine files in folder
2026-06-28 01:10:06,430 INFO No new w-termine files found
2026-06-28 01:10:06,433 INFO === scribe_sync end ===
2026-06-28 01:20:03,152 INFO === scribe_sync start ===
2026-06-28 01:20:05,623 INFO MCP session initialized (id=5a76b22a-35af-4097-bc3f-1d5ef327b94e)
2026-06-28 01:20:07,649 INFO Found folder 'Kindle Scribe' (ID: 1C38JFsUTRYHHimqlQwpoRka0Zi1QJKq6)
2026-06-28 01:20:08,918 INFO Found 0 w-termine files in folder
2026-06-28 01:20:08,918 INFO No new w-termine files found
2026-06-28 01:20:08,920 INFO === scribe_sync end ===
2026-06-28 01:30:01,938 INFO === scribe_sync start ===
2026-06-28 01:30:03,500 INFO MCP session initialized (id=f38daafa-1ce3-4571-b938-ca72c004f1ba)
2026-06-28 01:30:04,925 INFO Found folder 'Kindle Scribe' (ID: 1C38JFsUTRYHHimqlQwpoRka0Zi1QJKq6)
2026-06-28 01:30:06,626 INFO Found 0 w-termine files in folder
2026-06-28 01:30:06,627 INFO No new w-termine files found
2026-06-28 01:30:06,629 INFO === scribe_sync end ===
2026-06-28 01:40:01,853 INFO === scribe_sync start ===
2026-06-28 01:40:03,293 INFO MCP session initialized (id=3a50f2cb-7e6b-4e77-8d49-e27b76e3ebb0)
2026-06-28 01:40:04,602 INFO Found folder 'Kindle Scribe' (ID: 1C38JFsUTRYHHimqlQwpoRka0Zi1QJKq6)
2026-06-28 01:40:05,790 INFO Found 0 w-termine files in folder
2026-06-28 01:40:05,790 INFO No new w-termine files found
2026-06-28 01:40:05,793 INFO === scribe_sync end ===
2026-06-28 01:50:01,621 INFO === scribe_sync start ===
2026-06-28 01:50:03,429 INFO MCP session initialized (id=306d365a-7100-4875-87bb-888bc80424b8)
2026-06-28 01:50:04,854 INFO Found folder 'Kindle Scribe' (ID: 1C38JFsUTRYHHimqlQwpoRka0Zi1QJKq6)
2026-06-28 01:50:06,097 INFO Found 0 w-termine files in folder
2026-06-28 01:50:06,101 INFO No new w-termine files found
2026-06-28 01:50:06,105 INFO === scribe_sync end ===
2026-06-28 02:00:02,855 INFO === scribe_sync start ===
2026-06-28 02:00:04,923 INFO MCP session initialized (id=c4e1ae44-1243-4e60-a1eb-c3541b3ec215)
2026-06-28 02:00:06,368 INFO Found folder 'Kindle Scribe' (ID: 1C38JFsUTRYHHimqlQwpoRka0Zi1QJKq6)
2026-06-28 02:00:08,289 INFO Found 0 w-termine files in folder
2026-06-28 02:00:08,298 INFO No new w-termine files found
2026-06-28 02:00:08,333 INFO === scribe_sync end ===
2026-06-28 02:10:01,266 INFO === scribe_sync start ===
2026-06-28 02:10:02,575 INFO MCP session initialized (id=d8952c53-1e11-4b15-97f1-c4e6a15ce835)
2026-06-28 02:10:04,111 INFO Found folder 'Kindle Scribe' (ID: 1C38JFsUTRYHHimqlQwpoRka0Zi1QJKq6)
2026-06-28 02:10:05,305 INFO Found 0 w-termine files in folder
2026-06-28 02:10:05,305 INFO No new w-termine files found
2026-06-28 02:10:05,308 INFO === scribe_sync end ===
2026-06-28 02:20:03,096 INFO === scribe_sync start ===
2026-06-28 02:20:07,136 INFO MCP session initialized (id=27b5336e-d6b3-4fbf-ad3e-b1e8fdd3a953)
2026-06-28 02:20:08,394 INFO Found folder 'Kindle Scribe' (ID: 1C38JFsUTRYHHimqlQwpoRka0Zi1QJKq6)
2026-06-28 02:20:09,567 INFO Found 0 w-termine files in folder
2026-06-28 02:20:09,568 INFO No new w-termine files found
2026-06-28 02:20:09,571 INFO === scribe_sync end ===
2026-06-28 02:30:01,120 INFO === scribe_sync start ===
2026-06-28 02:30:02,695 INFO MCP session initialized (id=331f5303-f04f-48f3-a221-91a0e0aa575a)
2026-06-28 02:30:04,565 INFO Found folder 'Kindle Scribe' (ID: 1C38JFsUTRYHHimqlQwpoRka0Zi1QJKq6)
2026-06-28 02:30:06,152 INFO Found 0 w-termine files in folder
2026-06-28 02:30:06,158 INFO No new w-termine files found
2026-06-28 02:30:06,193 INFO === scribe_sync end ===
2026-06-28 02:40:01,170 INFO === scribe_sync start ===
2026-06-28 02:40:02,981 INFO MCP session initialized (id=d636d44a-a50c-41b4-a9a6-208dfabc90ee)
2026-06-28 02:40:04,767 INFO Found folder 'Kindle Scribe' (ID: 1C38JFsUTRYHHimqlQwpoRka0Zi1QJKq6)
2026-06-28 02:40:06,044 INFO Found 0 w-termine files in folder
2026-06-28 02:40:06,044 INFO No new w-termine files found
2026-06-28 02:40:06,046 INFO === scribe_sync end ===
2026-06-28 02:50:02,289 INFO === scribe_sync start ===
2026-06-28 02:50:03,823 INFO MCP session initialized (id=86e1a90d-db8b-4a61-a68a-793cd7f18d3e)
2026-06-28 02:50:05,222 INFO Found folder 'Kindle Scribe' (ID: 1C38JFsUTRYHHimqlQwpoRka0Zi1QJKq6)
2026-06-28 02:50:06,666 INFO Found 0 w-termine files in folder
2026-06-28 02:50:06,666 INFO No new w-termine files found
2026-06-28 02:50:06,668 INFO === scribe_sync end ===
2026-06-28 03:00:01,706 INFO === scribe_sync start ===
2026-06-28 03:00:04,504 INFO MCP session initialized (id=61e3172e-07eb-4663-ae4f-f82ed88d0c04)
2026-06-28 03:00:05,885 INFO Found folder 'Kindle Scribe' (ID: 1C38JFsUTRYHHimqlQwpoRka0Zi1QJKq6)
2026-06-28 03:00:07,174 INFO Found 0 w-termine files in folder
2026-06-28 03:00:07,174 INFO No new w-termine files found
2026-06-28 03:00:07,180 INFO === scribe_sync end ===
2026-06-28 03:10:01,465 INFO === scribe_sync start ===
2026-06-28 03:10:02,926 INFO MCP session initialized (id=a91db597-a966-4ecd-9a79-88a91b17bcac)
2026-06-28 03:10:04,207 INFO Found folder 'Kindle Scribe' (ID: 1C38JFsUTRYHHimqlQwpoRka0Zi1QJKq6)
2026-06-28 03:10:05,378 INFO Found 0 w-termine files in folder
2026-06-28 03:10:05,413 INFO No new w-termine files found
2026-06-28 03:10:05,434 INFO === scribe_sync end ===
2026-06-28 03:20:04,731 INFO === scribe_sync start ===
2026-06-28 03:20:09,030 INFO MCP session initialized (id=3d0e80d4-55e5-4594-9324-f724a8d5690a)
2026-06-28 03:20:10,291 INFO Found folder 'Kindle Scribe' (ID: 1C38JFsUTRYHHimqlQwpoRka0Zi1QJKq6)
2026-06-28 03:20:11,590 INFO Found 0 w-termine files in folder
2026-06-28 03:20:11,590 INFO No new w-termine files found
2026-06-28 03:20:11,594 INFO === scribe_sync end ===
2026-06-28 03:30:02,344 INFO === scribe_sync start ===
2026-06-28 03:30:04,340 INFO MCP session initialized (id=2632a985-93fe-4970-b87f-fd1619287dc4)
2026-06-28 03:30:06,372 INFO Found folder 'Kindle Scribe' (ID: 1C38JFsUTRYHHimqlQwpoRka0Zi1QJKq6)
2026-06-28 03:30:07,613 INFO Found 0 w-termine files in folder
2026-06-28 03:30:07,613 INFO No new w-termine files found
2026-06-28 03:30:07,615 INFO === scribe_sync end ===
2026-06-28 03:40:02,063 INFO === scribe_sync start ===
2026-06-28 03:40:04,527 ERROR Unexpected error: ('Connection aborted.', ConnectionResetError(104, 'Connection reset by peer'))
Traceback (most recent call last):
  File "/usr/local/lib/python3.12/dist-packages/urllib3/connectionpool.py", line 787, in urlopen
    response = self._make_request(
               ^^^^^^^^^^^^^^^^^^^
  File "/usr/local/lib/python3.12/dist-packages/urllib3/connectionpool.py", line 488, in _make_request
    raise new_e
  File "/usr/local/lib/python3.12/dist-packages/urllib3/connectionpool.py", line 464, in _make_request
    self._validate_conn(conn)
  File "/usr/local/lib/python3.12/dist-packages/urllib3/connectionpool.py", line 1093, in _validate_conn
    conn.connect()
  File "/usr/local/lib/python3.12/dist-packages/urllib3/connection.py", line 796, in connect
    sock_and_verified = _ssl_wrap_socket_and_match_hostname(
                        ^^^^^^^^^^^^^^^^^^^^^^^^^^^^^^^^^^^^
  File "/usr/local/lib/python3.12/dist-packages/urllib3/connection.py", line 975, in _ssl_wrap_socket_and_match_hostname
    ssl_sock = ssl_wrap_socket(
               ^^^^^^^^^^^^^^^^
  File "/usr/local/lib/python3.12/dist-packages/urllib3/util/ssl_.py", line 483, in ssl_wrap_socket
    ssl_sock = _ssl_wrap_socket_impl(sock, context, tls_in_tls, server_hostname)
               ^^^^^^^^^^^^^^^^^^^^^^^^^^^^^^^^^^^^^^^^^^^^^^^^^^^^^^^^^^^^^^^^^
  File "/usr/local/lib/python3.12/dist-packages/urllib3/util/ssl_.py", line 527, in _ssl_wrap_socket_impl
    return ssl_context.wrap_socket(sock, server_hostname=server_hostname)
           ^^^^^^^^^^^^^^^^^^^^^^^^^^^^^^^^^^^^^^^^^^^^^^^^^^^^^^^^^^^^^^
  File "/usr/lib/python3.12/ssl.py", line 455, in wrap_socket
    return self.sslsocket_class._create(
           ^^^^^^^^^^^^^^^^^^^^^^^^^^^^^
  File "/usr/lib/python3.12/ssl.py", line 1042, in _create
    self.do_handshake()
  File "/usr/lib/python3.12/ssl.py", line 1320, in do_handshake
    self._sslobj.do_handshake()
ConnectionResetError: [Errno 104] Connection reset by peer

During handling of the above exception, another exception occurred:

Traceback (most recent call last):
  File "/usr/local/lib/python3.12/dist-packages/requests/adapters.py", line 696, in send
    resp = conn.urlopen(
           ^^^^^^^^^^^^^
  File "/usr/local/lib/python3.12/dist-packages/urllib3/connectionpool.py", line 841, in urlopen
    retries = retries.increment(
              ^^^^^^^^^^^^^^^^^^
  File "/usr/local/lib/python3.12/dist-packages/urllib3/util/retry.py", line 490, in increment
    raise reraise(type(error), error, _stacktrace)
          ^^^^^^^^^^^^^^^^^^^^^^^^^^^^^^^^^^^^^^^^
  File "/usr/local/lib/python3.12/dist-packages/urllib3/util/util.py", line 38, in reraise
    raise value.with_traceback(tb)
  File "/usr/local/lib/python3.12/dist-packages/urllib3/connectionpool.py", line 787, in urlopen
    response = self._make_request(
               ^^^^^^^^^^^^^^^^^^^
  File "/usr/local/lib/python3.12/dist-packages/urllib3/connectionpool.py", line 488, in _make_request
    raise new_e
  File "/usr/local/lib/python3.12/dist-packages/urllib3/connectionpool.py", line 464, in _make_request
    self._validate_conn(conn)
  File "/usr/local/lib/python3.12/dist-packages/urllib3/connectionpool.py", line 1093, in _validate_conn
    conn.connect()
  File "/usr/local/lib/python3.12/dist-packages/urllib3/connection.py", line 796, in connect
    sock_and_verified = _ssl_wrap_socket_and_match_hostname(
                        ^^^^^^^^^^^^^^^^^^^^^^^^^^^^^^^^^^^^
  File "/usr/local/lib/python3.12/dist-packages/urllib3/connection.py", line 975, in _ssl_wrap_socket_and_match_hostname
    ssl_sock = ssl_wrap_socket(
               ^^^^^^^^^^^^^^^^
  File "/usr/local/lib/python3.12/dist-packages/urllib3/util/ssl_.py", line 483, in ssl_wrap_socket
    ssl_sock = _ssl_wrap_socket_impl(sock, context, tls_in_tls, server_hostname)
               ^^^^^^^^^^^^^^^^^^^^^^^^^^^^^^^^^^^^^^^^^^^^^^^^^^^^^^^^^^^^^^^^^
  File "/usr/local/lib/python3.12/dist-packages/urllib3/util/ssl_.py", line 527, in _ssl_wrap_socket_impl
    return ssl_context.wrap_socket(sock, server_hostname=server_hostname)
           ^^^^^^^^^^^^^^^^^^^^^^^^^^^^^^^^^^^^^^^^^^^^^^^^^^^^^^^^^^^^^^
  File "/usr/lib/python3.12/ssl.py", line 455, in wrap_socket
    return self.sslsocket_class._create(
           ^^^^^^^^^^^^^^^^^^^^^^^^^^^^^
  File "/usr/lib/python3.12/ssl.py", line 1042, in _create
    self.do_handshake()
  File "/usr/lib/python3.12/ssl.py", line 1320, in do_handshake
    self._sslobj.do_handshake()
urllib3.exceptions.ProtocolError: ('Connection aborted.', ConnectionResetError(104, 'Connection reset by peer'))

During handling of the above exception, another exception occurred:

Traceback (most recent call last):
  File "/root/.local/.openclaw/workspace/scribe/scribe_sync.py", line 605, in main
    process_files()
  File "/root/.local/.openclaw/workspace/scribe/scribe_sync.py", line 518, in process_files
    mcp = MCPClient(MCP_URL, str(OAUTH_FILE))
          ^^^^^^^^^^^^^^^^^^^^^^^^^^^^^^^^^^^
  File "/root/.local/.openclaw/workspace/scribe/scribe_sync.py", line 75, in __init__
    self._initialize()
  File "/root/.local/.openclaw/workspace/scribe/scribe_sync.py", line 108, in _initialize
    r = self.session.post(self.url, json=req, timeout=30)
        ^^^^^^^^^^^^^^^^^^^^^^^^^^^^^^^^^^^^^^^^^^^^^^^^^
  File "/usr/local/lib/python3.12/dist-packages/requests/sessions.py", line 712, in post
    return self.request("POST", url, data=data, json=json, **kwargs)
           ^^^^^^^^^^^^^^^^^^^^^^^^^^^^^^^^^^^^^^^^^^^^^^^^^^^^^^^^^
  File "/usr/local/lib/python3.12/dist-packages/requests/sessions.py", line 651, in request
    resp = self.send(prep, **send_kwargs)
           ^^^^^^^^^^^^^^^^^^^^^^^^^^^^^^
  File "/usr/local/lib/python3.12/dist-packages/requests/sessions.py", line 784, in send
    r = adapter.send(request, **kwargs)
        ^^^^^^^^^^^^^^^^^^^^^^^^^^^^^^^
  File "/usr/local/lib/python3.12/dist-packages/requests/adapters.py", line 711, in send
    raise ConnectionError(err, request=request)
requests.exceptions.ConnectionError: ('Connection aborted.', ConnectionResetError(104, 'Connection reset by peer'))
2026-06-28 03:40:05,020 INFO === scribe_sync end ===
2026-06-28 03:50:01,916 INFO === scribe_sync start ===
2026-06-28 03:50:03,392 INFO MCP session initialized (id=819103af-3310-46c4-97ee-678dc21f4d4e)
2026-06-28 03:50:04,704 INFO Found folder 'Kindle Scribe' (ID: 1C38JFsUTRYHHimqlQwpoRka0Zi1QJKq6)
2026-06-28 03:50:05,856 INFO Found 0 w-termine files in folder
2026-06-28 03:50:05,856 INFO No new w-termine files found
2026-06-28 03:50:05,863 INFO === scribe_sync end ===
2026-06-28 04:00:01,585 INFO === scribe_sync start ===
2026-06-28 04:00:03,585 ERROR Unexpected error: ('Connection aborted.', RemoteDisconnected('Remote end closed connection without response'))
Traceback (most recent call last):
  File "/usr/local/lib/python3.12/dist-packages/urllib3/connectionpool.py", line 787, in urlopen
    response = self._make_request(
               ^^^^^^^^^^^^^^^^^^^
  File "/usr/local/lib/python3.12/dist-packages/urllib3/connectionpool.py", line 534, in _make_request
    response = conn.getresponse()
               ^^^^^^^^^^^^^^^^^^
  File "/usr/local/lib/python3.12/dist-packages/urllib3/connection.py", line 571, in getresponse
    httplib_response = super().getresponse()
                       ^^^^^^^^^^^^^^^^^^^^^
  File "/usr/lib/python3.12/http/client.py", line 1448, in getresponse
    response.begin()
  File "/usr/lib/python3.12/http/client.py", line 336, in begin
    version, status, reason = self._read_status()
                              ^^^^^^^^^^^^^^^^^^^
  File "/usr/lib/python3.12/http/client.py", line 305, in _read_status
    raise RemoteDisconnected("Remote end closed connection without"
http.client.RemoteDisconnected: Remote end closed connection without response

During handling of the above exception, another exception occurred:

Traceback (most recent call last):
  File "/usr/local/lib/python3.12/dist-packages/requests/adapters.py", line 696, in send
    resp = conn.urlopen(
           ^^^^^^^^^^^^^
  File "/usr/local/lib/python3.12/dist-packages/urllib3/connectionpool.py", line 841, in urlopen
    retries = retries.increment(
              ^^^^^^^^^^^^^^^^^^
  File "/usr/local/lib/python3.12/dist-packages/urllib3/util/retry.py", line 490, in increment
    raise reraise(type(error), error, _stacktrace)
          ^^^^^^^^^^^^^^^^^^^^^^^^^^^^^^^^^^^^^^^^
  File "/usr/local/lib/python3.12/dist-packages/urllib3/util/util.py", line 38, in reraise
    raise value.with_traceback(tb)
  File "/usr/local/lib/python3.12/dist-packages/urllib3/connectionpool.py", line 787, in urlopen
    response = self._make_request(
               ^^^^^^^^^^^^^^^^^^^
  File "/usr/local/lib/python3.12/dist-packages/urllib3/connectionpool.py", line 534, in _make_request
    response = conn.getresponse()
               ^^^^^^^^^^^^^^^^^^
  File "/usr/local/lib/python3.12/dist-packages/urllib3/connection.py", line 571, in getresponse
    httplib_response = super().getresponse()
                       ^^^^^^^^^^^^^^^^^^^^^
  File "/usr/lib/python3.12/http/client.py", line 1448, in getresponse
    response.begin()
  File "/usr/lib/python3.12/http/client.py", line 336, in begin
    version, status, reason = self._read_status()
                              ^^^^^^^^^^^^^^^^^^^
  File "/usr/lib/python3.12/http/client.py", line 305, in _read_status
    raise RemoteDisconnected("Remote end closed connection without"
urllib3.exceptions.ProtocolError: ('Connection aborted.', RemoteDisconnected('Remote end closed connection without response'))

During handling of the above exception, another exception occurred:

Traceback (most recent call last):
  File "/root/.local/.openclaw/workspace/scribe/scribe_sync.py", line 605, in main
    process_files()
  File "/root/.local/.openclaw/workspace/scribe/scribe_sync.py", line 518, in process_files
    mcp = MCPClient(MCP_URL, str(OAUTH_FILE))
          ^^^^^^^^^^^^^^^^^^^^^^^^^^^^^^^^^^^
  File "/root/.local/.openclaw/workspace/scribe/scribe_sync.py", line 75, in __init__
    self._initialize()
  File "/root/.local/.openclaw/workspace/scribe/scribe_sync.py", line 116, in _initialize
    self.session.post(self.url, json=notif, timeout=10)
  File "/usr/local/lib/python3.12/dist-packages/requests/sessions.py", line 712, in post
    return self.request("POST", url, data=data, json=json, **kwargs)
           ^^^^^^^^^^^^^^^^^^^^^^^^^^^^^^^^^^^^^^^^^^^^^^^^^^^^^^^^^
  File "/usr/local/lib/python3.12/dist-packages/requests/sessions.py", line 651, in request
    resp = self.send(prep, **send_kwargs)
           ^^^^^^^^^^^^^^^^^^^^^^^^^^^^^^
  File "/usr/local/lib/python3.12/dist-packages/requests/sessions.py", line 784, in send
    r = adapter.send(request, **kwargs)
        ^^^^^^^^^^^^^^^^^^^^^^^^^^^^^^^
  File "/usr/local/lib/python3.12/dist-packages/requests/adapters.py", line 711, in send
    raise ConnectionError(err, request=request)
requests.exceptions.ConnectionError: ('Connection aborted.', RemoteDisconnected('Remote end closed connection without response'))
2026-06-28 04:00:03,615 INFO === scribe_sync end ===
2026-06-28 04:10:01,761 INFO === scribe_sync start ===
2026-06-28 04:10:03,315 INFO MCP session initialized (id=77a8302b-05ae-4b0b-87fa-269789808214)
2026-06-28 04:10:04,580 INFO Found folder 'Kindle Scribe' (ID: 1C38JFsUTRYHHimqlQwpoRka0Zi1QJKq6)
2026-06-28 04:10:05,715 INFO Found 0 w-termine files in folder
2026-06-28 04:10:05,739 INFO No new w-termine files found
2026-06-28 04:10:05,776 INFO === scribe_sync end ===
2026-06-28 04:20:01,772 INFO === scribe_sync start ===
2026-06-28 04:20:05,250 INFO MCP session initialized (id=7980307e-4702-4a5d-956e-17052bce24e4)
2026-06-28 04:20:06,695 INFO Found folder 'Kindle Scribe' (ID: 1C38JFsUTRYHHimqlQwpoRka0Zi1QJKq6)
2026-06-28 04:20:07,907 INFO Found 0 w-termine files in folder
2026-06-28 04:20:07,907 INFO No new w-termine files found
2026-06-28 04:20:07,923 INFO === scribe_sync end ===
2026-06-28 04:30:01,525 INFO === scribe_sync start ===
2026-06-28 04:30:03,831 INFO MCP session initialized (id=3210f22e-6cea-41e0-aefe-2588251d2488)
2026-06-28 04:30:05,395 INFO Found folder 'Kindle Scribe' (ID: 1C38JFsUTRYHHimqlQwpoRka0Zi1QJKq6)
2026-06-28 04:30:07,039 INFO Found 0 w-termine files in folder
2026-06-28 04:30:07,042 INFO No new w-termine files found
2026-06-28 04:30:07,147 INFO === scribe_sync end ===
2026-06-28 04:40:02,195 INFO === scribe_sync start ===
2026-06-28 04:40:04,117 INFO MCP session initialized (id=c6485372-07f7-4a76-bd95-83ac785b4aad)
2026-06-28 04:40:05,562 INFO Found folder 'Kindle Scribe' (ID: 1C38JFsUTRYHHimqlQwpoRka0Zi1QJKq6)
2026-06-28 04:40:06,756 INFO Found 0 w-termine files in folder
2026-06-28 04:40:06,756 INFO No new w-termine files found
2026-06-28 04:40:06,758 INFO === scribe_sync end ===
2026-06-28 04:50:01,385 INFO === scribe_sync start ===
2026-06-28 04:50:02,789 INFO MCP session initialized (id=325e3ab6-164e-4933-8b43-ba74396c10b9)
2026-06-28 04:50:04,184 INFO Found folder 'Kindle Scribe' (ID: 1C38JFsUTRYHHimqlQwpoRka0Zi1QJKq6)
2026-06-28 04:50:05,498 INFO Found 0 w-termine files in folder
2026-06-28 04:50:05,499 INFO No new w-termine files found
2026-06-28 04:50:05,542 INFO === scribe_sync end ===
2026-06-28 05:00:02,146 INFO === scribe_sync start ===
2026-06-28 05:00:04,334 INFO MCP session initialized (id=35c51c5d-6918-45de-a52d-c4edb2c12634)
2026-06-28 05:00:05,782 INFO Found folder 'Kindle Scribe' (ID: 1C38JFsUTRYHHimqlQwpoRka0Zi1QJKq6)
2026-06-28 05:00:07,221 INFO Found 0 w-termine files in folder
2026-06-28 05:00:07,237 INFO No new w-termine files found
2026-06-28 05:00:07,247 INFO === scribe_sync end ===
2026-06-28 05:10:02,261 INFO === scribe_sync start ===
2026-06-28 05:10:03,990 INFO MCP session initialized (id=8161100e-3f31-4a1e-9cd6-aab8e144262e)
2026-06-28 05:10:05,259 INFO Found folder 'Kindle Scribe' (ID: 1C38JFsUTRYHHimqlQwpoRka0Zi1QJKq6)
2026-06-28 05:10:06,417 INFO Found 0 w-termine files in folder
2026-06-28 05:10:06,417 INFO No new w-termine files found
2026-06-28 05:10:06,421 INFO === scribe_sync end ===
2026-06-28 05:20:02,292 INFO === scribe_sync start ===
2026-06-28 05:20:05,852 INFO MCP session initialized (id=62a1186f-ba79-4598-aca4-2c3e70f9dc31)
2026-06-28 05:20:07,244 INFO Found folder 'Kindle Scribe' (ID: 1C38JFsUTRYHHimqlQwpoRka0Zi1QJKq6)
2026-06-28 05:20:08,366 INFO Found 0 w-termine files in folder
2026-06-28 05:20:08,366 INFO No new w-termine files found
2026-06-28 05:20:08,368 INFO === scribe_sync end ===
2026-06-28 05:30:01,311 INFO === scribe_sync start ===
2026-06-28 05:30:03,006 INFO MCP session initialized (id=a46e542f-7be8-426f-9ad8-ac19f242f5e6)
2026-06-28 05:30:04,648 INFO Found folder 'Kindle Scribe' (ID: 1C38JFsUTRYHHimqlQwpoRka0Zi1QJKq6)
2026-06-28 05:30:05,937 INFO Found 0 w-termine files in folder
2026-06-28 05:30:05,938 INFO No new w-termine files found
2026-06-28 05:30:05,939 INFO === scribe_sync end ===
2026-06-28 05:40:02,069 INFO === scribe_sync start ===
2026-06-28 05:40:03,900 INFO MCP session initialized (id=351876f2-20ae-4dd8-8394-1107e963debc)
2026-06-28 05:40:05,363 INFO Found folder 'Kindle Scribe' (ID: 1C38JFsUTRYHHimqlQwpoRka0Zi1QJKq6)
2026-06-28 05:40:06,645 INFO Found 0 w-termine files in folder
2026-06-28 05:40:06,645 INFO No new w-termine files found
2026-06-28 05:40:06,649 INFO === scribe_sync end ===
2026-06-28 05:50:02,237 INFO === scribe_sync start ===
2026-06-28 05:50:03,842 INFO MCP session initialized (id=62200b09-24bb-4a92-8ff8-7d5b99fc9c7c)
2026-06-28 05:50:05,192 INFO Found folder 'Kindle Scribe' (ID: 1C38JFsUTRYHHimqlQwpoRka0Zi1QJKq6)
2026-06-28 05:50:07,247 INFO Found 0 w-termine files in folder
2026-06-28 05:50:07,249 INFO No new w-termine files found
2026-06-28 05:50:07,252 INFO === scribe_sync end ===
2026-06-28 06:00:01,435 INFO === scribe_sync start ===
2026-06-28 06:00:03,857 INFO MCP session initialized (id=e9bf4773-cea0-4180-99fc-f7a4a55ea137)
2026-06-28 06:00:05,682 INFO Found folder 'Kindle Scribe' (ID: 1C38JFsUTRYHHimqlQwpoRka0Zi1QJKq6)
2026-06-28 06:00:07,090 INFO Found 0 w-termine files in folder
2026-06-28 06:00:07,090 INFO No new w-termine files found
2026-06-28 06:00:07,094 INFO === scribe_sync end ===
2026-06-28 06:10:01,552 INFO === scribe_sync start ===
2026-06-28 06:10:03,864 INFO MCP session initialized (id=7a77ed92-3551-4adc-b985-3e5cd95dde23)
2026-06-28 06:10:05,310 INFO Found folder 'Kindle Scribe' (ID: 1C38JFsUTRYHHimqlQwpoRka0Zi1QJKq6)
2026-06-28 06:10:06,591 INFO Found 0 w-termine files in folder
2026-06-28 06:10:06,592 INFO No new w-termine files found
2026-06-28 06:10:06,593 INFO === scribe_sync end ===
2026-06-28 06:20:02,908 INFO === scribe_sync start ===
2026-06-28 06:20:06,082 INFO MCP session initialized (id=fa3edc07-7e74-45cc-b9cb-226e0bad3fba)
2026-06-28 06:20:07,284 INFO Found folder 'Kindle Scribe' (ID: 1C38JFsUTRYHHimqlQwpoRka0Zi1QJKq6)
2026-06-28 06:20:08,463 INFO Found 0 w-termine files in folder
2026-06-28 06:20:08,463 INFO No new w-termine files found
2026-06-28 06:20:08,468 INFO === scribe_sync end ===
2026-06-28 06:30:01,696 INFO === scribe_sync start ===
2026-06-28 06:30:03,757 INFO MCP session initialized (id=c4d7c4ae-3ec7-4a46-ad6b-50b4a04bc315)
2026-06-28 06:30:05,369 INFO Found folder 'Kindle Scribe' (ID: 1C38JFsUTRYHHimqlQwpoRka0Zi1QJKq6)
2026-06-28 06:30:06,754 INFO Found 0 w-termine files in folder
2026-06-28 06:30:06,755 INFO No new w-termine files found
2026-06-28 06:30:06,761 INFO === scribe_sync end ===
2026-06-28 06:40:02,031 INFO === scribe_sync start ===
2026-06-28 06:40:03,960 INFO MCP session initialized (id=8f0421df-679c-403b-9a0d-f9efcca3dd16)
2026-06-28 06:40:05,329 INFO Found folder 'Kindle Scribe' (ID: 1C38JFsUTRYHHimqlQwpoRka0Zi1QJKq6)
2026-06-28 06:40:06,512 INFO Found 0 w-termine files in folder
2026-06-28 06:40:06,531 INFO No new w-termine files found
2026-06-28 06:40:06,547 INFO === scribe_sync end ===
2026-06-28 06:50:02,669 INFO === scribe_sync start ===
2026-06-28 06:50:04,835 INFO MCP session initialized (id=635a0dc8-f042-4ddb-8b6f-111ad4abfcb2)
2026-06-28 06:50:06,716 INFO Found folder 'Kindle Scribe' (ID: 1C38JFsUTRYHHimqlQwpoRka0Zi1QJKq6)
2026-06-28 06:50:08,008 INFO Found 0 w-termine files in folder
2026-06-28 06:50:08,008 INFO No new w-termine files found
2026-06-28 06:50:08,081 INFO === scribe_sync end ===
2026-06-28 07:00:02,436 INFO === scribe_sync start ===
2026-06-28 07:00:05,286 INFO MCP session initialized (id=8b877d5f-341f-4692-852d-eb26cbcff3f5)
2026-06-28 07:00:07,408 INFO Found folder 'Kindle Scribe' (ID: 1C38JFsUTRYHHimqlQwpoRka0Zi1QJKq6)
2026-06-28 07:00:08,760 INFO Found 0 w-termine files in folder
2026-06-28 07:00:08,761 INFO No new w-termine files found
2026-06-28 07:00:08,763 INFO === scribe_sync end ===
2026-06-28 07:10:02,171 INFO === scribe_sync start ===
2026-06-28 07:10:14,618 INFO MCP session initialized (id=7d8fc632-8260-4985-9879-6af94080c964)
2026-06-28 07:10:15,928 INFO Found folder 'Kindle Scribe' (ID: 1C38JFsUTRYHHimqlQwpoRka0Zi1QJKq6)
2026-06-28 07:10:17,235 INFO Found 0 w-termine files in folder
2026-06-28 07:10:17,235 INFO No new w-termine files found
2026-06-28 07:10:17,237 INFO === scribe_sync end ===
2026-06-28 07:20:02,239 INFO === scribe_sync start ===
2026-06-28 07:20:05,439 INFO MCP session initialized (id=abbad1dd-b4ab-4891-b3c1-a179fee2ef49)
2026-06-28 07:20:06,656 INFO Found folder 'Kindle Scribe' (ID: 1C38JFsUTRYHHimqlQwpoRka0Zi1QJKq6)
2026-06-28 07:20:08,180 INFO Found 0 w-termine files in folder
2026-06-28 07:20:08,181 INFO No new w-termine files found
2026-06-28 07:20:08,185 INFO === scribe_sync end ===
2026-06-28 07:30:01,714 INFO === scribe_sync start ===
2026-06-28 07:30:03,168 INFO MCP session initialized (id=afaef61c-e4a5-4aa8-b626-9023c7abe120)
2026-06-28 07:30:04,756 INFO Found folder 'Kindle Scribe' (ID: 1C38JFsUTRYHHimqlQwpoRka0Zi1QJKq6)
2026-06-28 07:30:06,036 INFO Found 0 w-termine files in folder
2026-06-28 07:30:06,036 INFO No new w-termine files found
2026-06-28 07:30:06,049 INFO === scribe_sync end ===
2026-06-28 07:40:01,815 INFO === scribe_sync start ===
2026-06-28 07:40:03,084 INFO MCP session initialized (id=03d51319-b301-44f0-855a-4457cd83a3be)
2026-06-28 07:40:04,606 INFO Found folder 'Kindle Scribe' (ID: 1C38JFsUTRYHHimqlQwpoRka0Zi1QJKq6)
2026-06-28 07:40:05,739 INFO Found 0 w-termine files in folder
2026-06-28 07:40:05,740 INFO No new w-termine files found
2026-06-28 07:40:05,744 INFO === scribe_sync end ===
2026-06-28 07:50:01,678 INFO === scribe_sync start ===
2026-06-28 07:50:03,770 INFO MCP session initialized (id=54c0ac8b-0240-4124-8498-91dc106e71c4)
2026-06-28 07:50:05,285 INFO Found folder 'Kindle Scribe' (ID: 1C38JFsUTRYHHimqlQwpoRka0Zi1QJKq6)
2026-06-28 07:50:06,617 INFO Found 0 w-termine files in folder
2026-06-28 07:50:06,617 INFO No new w-termine files found
2026-06-28 07:50:06,665 INFO === scribe_sync end ===
2026-06-28 08:00:02,361 INFO === scribe_sync start ===
2026-06-28 08:00:04,109 INFO MCP session initialized (id=c9b56abd-ea3c-4a3d-bb63-9670b23e0a82)
2026-06-28 08:00:05,447 INFO Found folder 'Kindle Scribe' (ID: 1C38JFsUTRYHHimqlQwpoRka0Zi1QJKq6)
2026-06-28 08:00:07,499 INFO Found 0 w-termine files in folder
2026-06-28 08:00:07,582 INFO No new w-termine files found
2026-06-28 08:00:07,754 INFO === scribe_sync end ===
2026-06-28 08:10:01,794 INFO === scribe_sync start ===
2026-06-28 08:10:03,420 INFO MCP session initialized (id=424dfa95-0475-4464-8ee4-bcdae4373f6c)
2026-06-28 08:10:04,787 INFO Found folder 'Kindle Scribe' (ID: 1C38JFsUTRYHHimqlQwpoRka0Zi1QJKq6)
2026-06-28 08:10:06,112 INFO Found 0 w-termine files in folder
2026-06-28 08:10:06,112 INFO No new w-termine files found
2026-06-28 08:10:06,178 INFO === scribe_sync end ===
2026-06-28 08:20:03,393 INFO === scribe_sync start ===
2026-06-28 08:20:07,222 INFO MCP session initialized (id=2870adbf-22ea-456c-a45f-2b32b1562312)
2026-06-28 08:20:08,487 INFO Found folder 'Kindle Scribe' (ID: 1C38JFsUTRYHHimqlQwpoRka0Zi1QJKq6)
2026-06-28 08:20:09,588 INFO Found 0 w-termine files in folder
2026-06-28 08:20:09,592 INFO No new w-termine files found
2026-06-28 08:20:09,596 INFO === scribe_sync end ===
2026-06-28 08:30:02,181 INFO === scribe_sync start ===
2026-06-28 08:30:03,904 INFO MCP session initialized (id=211312d9-fcfb-49b9-b744-ceb62b9a98ba)
2026-06-28 08:30:05,247 INFO Found folder 'Kindle Scribe' (ID: 1C38JFsUTRYHHimqlQwpoRka0Zi1QJKq6)
2026-06-28 08:30:06,565 INFO Found 0 w-termine files in folder
2026-06-28 08:30:06,565 INFO No new w-termine files found
2026-06-28 08:30:06,595 INFO === scribe_sync end ===
2026-06-28 08:40:01,845 INFO === scribe_sync start ===
2026-06-28 08:40:03,380 INFO MCP session initialized (id=15c17b33-6f29-4a62-946e-6be16eb2e0a2)
2026-06-28 08:40:04,730 INFO Found folder 'Kindle Scribe' (ID: 1C38JFsUTRYHHimqlQwpoRka0Zi1QJKq6)
2026-06-28 08:40:06,235 INFO Found 0 w-termine files in folder
2026-06-28 08:40:06,253 INFO No new w-termine files found
2026-06-28 08:40:06,258 INFO === scribe_sync end ===
2026-06-28 08:50:01,889 INFO === scribe_sync start ===
2026-06-28 08:50:03,454 INFO MCP session initialized (id=28000e01-12b3-48f3-89eb-294993cf58a8)
2026-06-28 08:50:06,447 INFO Found folder 'Kindle Scribe' (ID: 1C38JFsUTRYHHimqlQwpoRka0Zi1QJKq6)
2026-06-28 08:50:07,610 INFO Found 0 w-termine files in folder
2026-06-28 08:50:07,610 INFO No new w-termine files found
2026-06-28 08:50:07,612 INFO === scribe_sync end ===
2026-06-28 09:00:01,785 INFO === scribe_sync start ===
2026-06-28 09:00:04,326 INFO MCP session initialized (id=be8fc53f-fa39-4b9c-8290-48f2f7ee2eeb)
2026-06-28 09:00:10,683 INFO Found folder 'Kindle Scribe' (ID: 1C38JFsUTRYHHimqlQwpoRka0Zi1QJKq6)
2026-06-28 09:00:11,983 INFO Found 0 w-termine files in folder
2026-06-28 09:00:11,986 INFO No new w-termine files found
2026-06-28 09:00:12,001 INFO === scribe_sync end ===
2026-06-28 09:10:02,289 INFO === scribe_sync start ===
2026-06-28 09:10:04,404 INFO MCP session initialized (id=688f8746-6150-45b2-bbe0-c0c9be094411)
2026-06-28 09:10:05,773 INFO Found folder 'Kindle Scribe' (ID: 1C38JFsUTRYHHimqlQwpoRka0Zi1QJKq6)
2026-06-28 09:10:07,115 INFO Found 0 w-termine files in folder
2026-06-28 09:10:07,115 INFO No new w-termine files found
2026-06-28 09:10:07,117 INFO === scribe_sync end ===
2026-06-28 09:20:03,939 INFO === scribe_sync start ===
2026-06-28 09:20:08,044 INFO MCP session initialized (id=09be73d5-8a0d-4259-af8b-6141345045d0)
2026-06-28 09:20:09,484 INFO Found folder 'Kindle Scribe' (ID: 1C38JFsUTRYHHimqlQwpoRka0Zi1QJKq6)
2026-06-28 09:20:10,731 INFO Found 0 w-termine files in folder
2026-06-28 09:20:10,732 INFO No new w-termine files found
2026-06-28 09:20:10,735 INFO === scribe_sync end ===
2026-06-28 09:30:01,334 INFO === scribe_sync start ===
2026-06-28 09:30:03,051 INFO MCP session initialized (id=fb8554a3-2fde-4583-8e5b-fb8594f978f5)
2026-06-28 09:30:04,610 INFO Found folder 'Kindle Scribe' (ID: 1C38JFsUTRYHHimqlQwpoRka0Zi1QJKq6)
2026-06-28 09:30:05,880 INFO Found 0 w-termine files in folder
2026-06-28 09:30:05,891 INFO No new w-termine files found
2026-06-28 09:30:05,901 INFO === scribe_sync end ===
2026-06-28 09:40:01,951 INFO === scribe_sync start ===
2026-06-28 09:40:03,362 INFO MCP session initialized (id=966cebec-e5b3-4ce6-a51e-a5a1a063eaf3)
2026-06-28 09:40:04,853 INFO Found folder 'Kindle Scribe' (ID: 1C38JFsUTRYHHimqlQwpoRka0Zi1QJKq6)
2026-06-28 09:40:06,093 INFO Found 0 w-termine files in folder
2026-06-28 09:40:06,093 INFO No new w-termine files found
2026-06-28 09:40:06,097 INFO === scribe_sync end ===
2026-06-28 09:50:01,193 INFO === scribe_sync start ===
2026-06-28 09:50:02,667 INFO MCP session initialized (id=57a6bb00-90bb-4073-ab76-380f95cc3761)
2026-06-28 09:50:03,899 INFO Found folder 'Kindle Scribe' (ID: 1C38JFsUTRYHHimqlQwpoRka0Zi1QJKq6)
2026-06-28 09:50:05,064 INFO Found 0 w-termine files in folder
2026-06-28 09:50:05,065 INFO No new w-termine files found
2026-06-28 09:50:05,067 INFO === scribe_sync end ===
2026-06-28 10:00:01,536 INFO === scribe_sync start ===
2026-06-28 10:00:03,178 INFO MCP session initialized (id=ee348ab3-e687-49ac-b9f1-2bbd1b3aa217)
2026-06-28 10:00:04,907 INFO Found folder 'Kindle Scribe' (ID: 1C38JFsUTRYHHimqlQwpoRka0Zi1QJKq6)
2026-06-28 10:00:06,779 INFO Found 0 w-termine files in folder
2026-06-28 10:00:06,779 INFO No new w-termine files found
2026-06-28 10:00:06,805 INFO === scribe_sync end ===
2026-06-28 10:10:02,244 INFO === scribe_sync start ===
2026-06-28 10:10:03,849 INFO MCP session initialized (id=9a389c84-0d21-408e-b8ca-e5ac9d619d3d)
2026-06-28 10:10:05,228 INFO Found folder 'Kindle Scribe' (ID: 1C38JFsUTRYHHimqlQwpoRka0Zi1QJKq6)
2026-06-28 10:10:06,555 INFO Found 0 w-termine files in folder
2026-06-28 10:10:06,556 INFO No new w-termine files found
2026-06-28 10:10:06,567 INFO === scribe_sync end ===
2026-06-28 10:20:02,879 INFO === scribe_sync start ===
2026-06-28 10:20:07,033 INFO MCP session initialized (id=4a373be7-2eaf-429b-899d-b445b4f6c12a)
2026-06-28 10:20:08,373 INFO Found folder 'Kindle Scribe' (ID: 1C38JFsUTRYHHimqlQwpoRka0Zi1QJKq6)
2026-06-28 10:20:09,604 INFO Found 0 w-termine files in folder
2026-06-28 10:20:09,607 INFO No new w-termine files found
2026-06-28 10:20:09,614 INFO === scribe_sync end ===
2026-06-28 10:30:02,432 INFO === scribe_sync start ===
2026-06-28 10:30:04,341 INFO MCP session initialized (id=06217ac7-5bed-460e-92bc-1450700c8651)
2026-06-28 10:30:05,642 INFO Found folder 'Kindle Scribe' (ID: 1C38JFsUTRYHHimqlQwpoRka0Zi1QJKq6)
2026-06-28 10:30:07,024 INFO Found 0 w-termine files in folder
2026-06-28 10:30:07,025 INFO No new w-termine files found
2026-06-28 10:30:07,080 INFO === scribe_sync end ===
2026-06-28 10:40:03,367 INFO === scribe_sync start ===
2026-06-28 10:40:04,890 INFO MCP session initialized (id=52f9c8b1-3d5b-448f-b519-63441b7a2d0d)
2026-06-28 10:40:06,219 INFO Found folder 'Kindle Scribe' (ID: 1C38JFsUTRYHHimqlQwpoRka0Zi1QJKq6)
2026-06-28 10:40:07,348 INFO Found 0 w-termine files in folder
2026-06-28 10:40:07,349 INFO No new w-termine files found
2026-06-28 10:40:07,351 INFO === scribe_sync end ===
2026-06-28 10:50:01,559 INFO === scribe_sync start ===
2026-06-28 10:50:02,966 INFO MCP session initialized (id=6809dd75-b912-49d6-a123-d9de42df158d)
2026-06-28 10:50:04,616 INFO Found folder 'Kindle Scribe' (ID: 1C38JFsUTRYHHimqlQwpoRka0Zi1QJKq6)
2026-06-28 10:50:05,933 INFO Found 0 w-termine files in folder
2026-06-28 10:50:05,933 INFO No new w-termine files found
2026-06-28 10:50:05,944 INFO === scribe_sync end ===
2026-06-28 11:00:01,709 INFO === scribe_sync start ===
2026-06-28 11:00:03,377 INFO MCP session initialized (id=731dfd7e-7d07-4726-a472-5bd2b6192129)
2026-06-28 11:00:04,896 INFO Found folder 'Kindle Scribe' (ID: 1C38JFsUTRYHHimqlQwpoRka0Zi1QJKq6)
2026-06-28 11:00:06,373 INFO Found 0 w-termine files in folder
2026-06-28 11:00:06,374 INFO No new w-termine files found
2026-06-28 11:00:06,379 INFO === scribe_sync end ===
2026-06-28 11:10:01,531 INFO === scribe_sync start ===
2026-06-28 11:10:03,556 INFO MCP session initialized (id=7881eb1b-e351-4716-807c-6453f8dd637c)
2026-06-28 11:10:04,990 INFO Found folder 'Kindle Scribe' (ID: 1C38JFsUTRYHHimqlQwpoRka0Zi1QJKq6)
2026-06-28 11:10:07,009 INFO Found 0 w-termine files in folder
2026-06-28 11:10:07,009 INFO No new w-termine files found
2026-06-28 11:10:07,012 INFO === scribe_sync end ===
2026-06-28 11:20:02,471 INFO === scribe_sync start ===
2026-06-28 11:20:05,777 INFO MCP session initialized (id=629d7e43-1925-454b-b5e2-883578c87979)
2026-06-28 11:20:06,974 INFO Found folder 'Kindle Scribe' (ID: 1C38JFsUTRYHHimqlQwpoRka0Zi1QJKq6)
2026-06-28 11:20:09,967 INFO Found 0 w-termine files in folder
2026-06-28 11:20:09,969 INFO No new w-termine files found
2026-06-28 11:20:09,972 INFO === scribe_sync end ===
2026-06-28 11:30:01,860 INFO === scribe_sync start ===
2026-06-28 11:30:03,486 INFO MCP session initialized (id=94dbe898-32dc-4d0d-8654-ecf616881f0a)
2026-06-28 11:30:04,909 INFO Found folder 'Kindle Scribe' (ID: 1C38JFsUTRYHHimqlQwpoRka0Zi1QJKq6)
2026-06-28 11:30:06,105 INFO Found 0 w-termine files in folder
2026-06-28 11:30:06,105 INFO No new w-termine files found
2026-06-28 11:30:06,109 INFO === scribe_sync end ===
2026-06-28 11:40:02,328 INFO === scribe_sync start ===
2026-06-28 11:40:03,717 INFO MCP session initialized (id=ad618a64-3107-4a57-b9e4-65fd03dec78e)
2026-06-28 11:40:04,943 INFO Found folder 'Kindle Scribe' (ID: 1C38JFsUTRYHHimqlQwpoRka0Zi1QJKq6)
2026-06-28 11:40:06,366 INFO Found 0 w-termine files in folder
2026-06-28 11:40:06,367 INFO No new w-termine files found
2026-06-28 11:40:06,371 INFO === scribe_sync end ===
2026-06-28 11:50:01,655 INFO === scribe_sync start ===
2026-06-28 11:50:03,398 INFO MCP session initialized (id=ca831bbe-823e-417c-9405-d60c32cef345)
2026-06-28 11:50:04,646 INFO Found folder 'Kindle Scribe' (ID: 1C38JFsUTRYHHimqlQwpoRka0Zi1QJKq6)
2026-06-28 11:50:05,944 INFO Found 0 w-termine files in folder
2026-06-28 11:50:05,944 INFO No new w-termine files found
2026-06-28 11:50:05,946 INFO === scribe_sync end ===
2026-06-28 12:00:02,198 INFO === scribe_sync start ===
2026-06-28 12:00:04,249 INFO MCP session initialized (id=5f546ce0-2813-4da9-9051-07f133b80319)
2026-06-28 12:00:06,310 INFO Found folder 'Kindle Scribe' (ID: 1C38JFsUTRYHHimqlQwpoRka0Zi1QJKq6)
2026-06-28 12:00:07,994 INFO Found 0 w-termine files in folder
2026-06-28 12:00:07,994 INFO No new w-termine files found
2026-06-28 12:00:08,025 INFO === scribe_sync end ===
2026-06-28 12:10:02,020 INFO === scribe_sync start ===
2026-06-28 12:10:03,583 INFO MCP session initialized (id=18f72652-5fa6-4c7a-b554-84ad26550c76)
2026-06-28 12:10:04,882 INFO Found folder 'Kindle Scribe' (ID: 1C38JFsUTRYHHimqlQwpoRka0Zi1QJKq6)
2026-06-28 12:10:06,422 INFO Found 0 w-termine files in folder
2026-06-28 12:10:06,422 INFO No new w-termine files found
2026-06-28 12:10:06,460 INFO === scribe_sync end ===
2026-06-28 12:20:02,642 INFO === scribe_sync start ===
2026-06-28 12:20:06,779 INFO MCP session initialized (id=a4d6094b-04ec-4c5c-9179-68dc4925f19d)
2026-06-28 12:20:08,337 INFO Found folder 'Kindle Scribe' (ID: 1C38JFsUTRYHHimqlQwpoRka0Zi1QJKq6)
2026-06-28 12:20:09,830 INFO Found 0 w-termine files in folder
2026-06-28 12:20:09,830 INFO No new w-termine files found
2026-06-28 12:20:09,832 INFO === scribe_sync end ===
2026-06-28 12:30:01,393 INFO === scribe_sync start ===
2026-06-28 12:30:03,149 INFO MCP session initialized (id=3ade7976-8e0c-439c-bbe8-4ffa71808f2e)
2026-06-28 12:30:04,433 INFO Found folder 'Kindle Scribe' (ID: 1C38JFsUTRYHHimqlQwpoRka0Zi1QJKq6)
2026-06-28 12:30:05,534 INFO Found 0 w-termine files in folder
2026-06-28 12:30:05,534 INFO No new w-termine files found
2026-06-28 12:30:05,545 INFO === scribe_sync end ===
2026-06-28 12:40:01,501 INFO === scribe_sync start ===
2026-06-28 12:40:03,032 INFO MCP session initialized (id=f5f01b15-ab23-4130-a072-6e1f0375a536)
2026-06-28 12:40:04,295 INFO Found folder 'Kindle Scribe' (ID: 1C38JFsUTRYHHimqlQwpoRka0Zi1QJKq6)
2026-06-28 12:40:06,301 INFO Found 0 w-termine files in folder
2026-06-28 12:40:06,302 INFO No new w-termine files found
2026-06-28 12:40:06,306 INFO === scribe_sync end ===
2026-06-28 12:50:01,239 INFO === scribe_sync start ===
2026-06-28 12:50:02,530 INFO MCP session initialized (id=9568a9ce-28b4-4b08-870e-ad3fb4c75289)
2026-06-28 12:50:04,181 INFO Found folder 'Kindle Scribe' (ID: 1C38JFsUTRYHHimqlQwpoRka0Zi1QJKq6)
2026-06-28 12:50:05,298 INFO Found 0 w-termine files in folder
2026-06-28 12:50:05,298 INFO No new w-termine files found
2026-06-28 12:50:05,301 INFO === scribe_sync end ===
2026-06-28 13:00:01,692 INFO === scribe_sync start ===
2026-06-28 13:00:03,786 INFO MCP session initialized (id=74d5ff0d-51b8-47c7-b943-fd644adf3b16)
2026-06-28 13:00:05,195 INFO Found folder 'Kindle Scribe' (ID: 1C38JFsUTRYHHimqlQwpoRka0Zi1QJKq6)
2026-06-28 13:00:06,632 INFO Found 0 w-termine files in folder
2026-06-28 13:00:06,632 INFO No new w-termine files found
2026-06-28 13:00:06,641 INFO === scribe_sync end ===
2026-06-28 13:10:01,276 INFO === scribe_sync start ===
2026-06-28 13:10:02,681 INFO MCP session initialized (id=71fabcc3-21b2-456e-a456-360cb9d6940c)
2026-06-28 13:10:04,203 INFO Found folder 'Kindle Scribe' (ID: 1C38JFsUTRYHHimqlQwpoRka0Zi1QJKq6)
2026-06-28 13:10:05,308 INFO Found 0 w-termine files in folder
2026-06-28 13:10:05,308 INFO No new w-termine files found
2026-06-28 13:10:05,316 INFO === scribe_sync end ===
2026-06-28 13:20:02,398 INFO === scribe_sync start ===
2026-06-28 13:20:06,649 INFO MCP session initialized (id=6eb5069e-e4be-4639-b14c-f5811c90de80)
2026-06-28 13:20:08,484 INFO Found folder 'Kindle Scribe' (ID: 1C38JFsUTRYHHimqlQwpoRka0Zi1QJKq6)
2026-06-28 13:20:09,816 INFO Found 0 w-termine files in folder
2026-06-28 13:20:09,817 INFO No new w-termine files found
2026-06-28 13:20:09,820 INFO === scribe_sync end ===
2026-06-28 13:30:01,257 INFO === scribe_sync start ===
2026-06-28 13:30:02,761 INFO MCP session initialized (id=448427ac-5f1e-4eae-ae2c-03a19cdedd47)
2026-06-28 13:30:04,753 INFO Found folder 'Kindle Scribe' (ID: 1C38JFsUTRYHHimqlQwpoRka0Zi1QJKq6)
2026-06-28 13:30:06,068 INFO Found 0 w-termine files in folder
2026-06-28 13:30:06,068 INFO No new w-termine files found
2026-06-28 13:30:06,070 INFO === scribe_sync end ===
2026-06-28 13:40:03,021 INFO === scribe_sync start ===
2026-06-28 13:40:04,384 INFO MCP session initialized (id=a04f5d60-0125-45e5-af00-36dafd07d9e4)
2026-06-28 13:40:06,534 INFO Found folder 'Kindle Scribe' (ID: 1C38JFsUTRYHHimqlQwpoRka0Zi1QJKq6)
2026-06-28 13:40:07,670 INFO Found 0 w-termine files in folder
2026-06-28 13:40:07,671 INFO No new w-termine files found
2026-06-28 13:40:07,673 INFO === scribe_sync end ===
2026-06-28 13:50:02,259 INFO === scribe_sync start ===
2026-06-28 13:50:03,713 INFO MCP session initialized (id=1d81380d-eaab-4527-9b88-7a50f521ccb3)
2026-06-28 13:50:05,108 INFO Found folder 'Kindle Scribe' (ID: 1C38JFsUTRYHHimqlQwpoRka0Zi1QJKq6)
2026-06-28 13:50:06,325 INFO Found 0 w-termine files in folder
2026-06-28 13:50:06,325 INFO No new w-termine files found
2026-06-28 13:50:06,328 INFO === scribe_sync end ===
2026-06-28 14:00:01,457 INFO === scribe_sync start ===
2026-06-28 14:00:03,352 INFO MCP session initialized (id=dd72d7e5-4e63-45a6-8ab1-ab3daef8f094)
2026-06-28 14:00:04,714 INFO Found folder 'Kindle Scribe' (ID: 1C38JFsUTRYHHimqlQwpoRka0Zi1QJKq6)
2026-06-28 14:00:10,062 INFO Found 0 w-termine files in folder
2026-06-28 14:00:10,062 INFO No new w-termine files found
2026-06-28 14:00:10,064 INFO === scribe_sync end ===
2026-06-28 14:10:02,093 INFO === scribe_sync start ===
2026-06-28 14:10:03,947 INFO MCP session initialized (id=659af83b-d351-4f9d-b6bd-655c110765b4)
2026-06-28 14:10:05,344 INFO Found folder 'Kindle Scribe' (ID: 1C38JFsUTRYHHimqlQwpoRka0Zi1QJKq6)
2026-06-28 14:10:06,556 INFO Found 0 w-termine files in folder
2026-06-28 14:10:06,557 INFO No new w-termine files found
2026-06-28 14:10:06,558 INFO === scribe_sync end ===
2026-06-28 14:20:03,476 INFO === scribe_sync start ===
2026-06-28 14:20:06,576 INFO MCP session initialized (id=098b2afb-52a7-49a0-8b2f-8a1425b589d7)
2026-06-28 14:20:08,116 INFO Found folder 'Kindle Scribe' (ID: 1C38JFsUTRYHHimqlQwpoRka0Zi1QJKq6)
2026-06-28 14:20:09,516 INFO Found 0 w-termine files in folder
2026-06-28 14:20:09,517 INFO No new w-termine files found
2026-06-28 14:20:09,519 INFO === scribe_sync end ===
2026-06-28 14:30:01,879 INFO === scribe_sync start ===
2026-06-28 14:30:07,913 INFO MCP session initialized (id=9d252a4a-8307-4c3f-ab3e-d265dce5e19a)
2026-06-28 14:30:09,672 INFO Found folder 'Kindle Scribe' (ID: 1C38JFsUTRYHHimqlQwpoRka0Zi1QJKq6)
2026-06-28 14:30:11,231 INFO Found 0 w-termine files in folder
2026-06-28 14:30:11,231 INFO No new w-termine files found
2026-06-28 14:30:11,238 INFO === scribe_sync end ===
2026-06-28 14:40:01,872 INFO === scribe_sync start ===
2026-06-28 14:40:03,229 INFO MCP session initialized (id=f156ba16-d528-4af0-b70c-d8811b7713ee)
2026-06-28 14:40:04,654 INFO Found folder 'Kindle Scribe' (ID: 1C38JFsUTRYHHimqlQwpoRka0Zi1QJKq6)
2026-06-28 14:40:05,882 INFO Found 0 w-termine files in folder
2026-06-28 14:40:05,882 INFO No new w-termine files found
2026-06-28 14:40:05,884 INFO === scribe_sync end ===
2026-06-28 14:50:01,972 INFO === scribe_sync start ===
2026-06-28 14:50:03,732 INFO MCP session initialized (id=2941825b-fa2e-4285-99c0-9231064fb95b)
2026-06-28 14:50:05,382 INFO Found folder 'Kindle Scribe' (ID: 1C38JFsUTRYHHimqlQwpoRka0Zi1QJKq6)
2026-06-28 14:50:06,575 INFO Found 0 w-termine files in folder
2026-06-28 14:50:06,576 INFO No new w-termine files found
2026-06-28 14:50:06,578 INFO === scribe_sync end ===
2026-06-28 15:00:01,612 INFO === scribe_sync start ===
2026-06-28 15:00:03,826 INFO MCP session initialized (id=081dae4b-4734-443f-9442-7a3492e68e7e)
2026-06-28 15:00:05,228 INFO Found folder 'Kindle Scribe' (ID: 1C38JFsUTRYHHimqlQwpoRka0Zi1QJKq6)
2026-06-28 15:00:07,051 INFO Found 0 w-termine files in folder
2026-06-28 15:00:07,052 INFO No new w-termine files found
2026-06-28 15:00:07,054 INFO === scribe_sync end ===
2026-06-28 15:10:01,839 INFO === scribe_sync start ===
2026-06-28 15:10:03,399 INFO MCP session initialized (id=ca37c9bf-4816-4563-84d3-cf32ad8c2c51)
2026-06-28 15:10:05,117 INFO Found folder 'Kindle Scribe' (ID: 1C38JFsUTRYHHimqlQwpoRka0Zi1QJKq6)
2026-06-28 15:10:06,727 INFO Found 0 w-termine files in folder
2026-06-28 15:10:06,728 INFO No new w-termine files found
2026-06-28 15:10:06,731 INFO === scribe_sync end ===
2026-06-28 15:20:03,101 INFO === scribe_sync start ===
2026-06-28 15:20:06,187 INFO MCP session initialized (id=0716827a-92ae-4152-ac4c-3574b7da3bea)
2026-06-28 15:20:07,523 INFO Found folder 'Kindle Scribe' (ID: 1C38JFsUTRYHHimqlQwpoRka0Zi1QJKq6)
2026-06-28 15:20:08,699 INFO Found 0 w-termine files in folder
2026-06-28 15:20:08,699 INFO No new w-termine files found
2026-06-28 15:20:08,709 INFO === scribe_sync end ===
2026-06-28 15:30:01,760 INFO === scribe_sync start ===
2026-06-28 15:30:03,259 INFO MCP session initialized (id=57418942-598c-4b55-ae2a-d953e3ed1831)
2026-06-28 15:30:04,611 INFO Found folder 'Kindle Scribe' (ID: 1C38JFsUTRYHHimqlQwpoRka0Zi1QJKq6)
2026-06-28 15:30:05,918 INFO Found 0 w-termine files in folder
2026-06-28 15:30:05,919 INFO No new w-termine files found
2026-06-28 15:30:05,921 INFO === scribe_sync end ===
2026-06-28 15:40:01,858 INFO === scribe_sync start ===
2026-06-28 15:40:03,287 INFO MCP session initialized (id=42ce7839-90b0-4b8b-b6d8-f2c2fc8a0ac0)
2026-06-28 15:40:05,169 INFO Found folder 'Kindle Scribe' (ID: 1C38JFsUTRYHHimqlQwpoRka0Zi1QJKq6)
2026-06-28 15:40:06,365 INFO Found 0 w-termine files in folder
2026-06-28 15:40:06,366 INFO No new w-termine files found
2026-06-28 15:40:06,369 INFO === scribe_sync end ===
2026-06-28 15:50:01,414 INFO === scribe_sync start ===
2026-06-28 15:50:03,427 INFO MCP session initialized (id=ac5a6e5a-935e-4d7d-a34d-d9eb6abcaa09)
2026-06-28 15:50:05,104 INFO Found folder 'Kindle Scribe' (ID: 1C38JFsUTRYHHimqlQwpoRka0Zi1QJKq6)
2026-06-28 15:50:06,589 INFO Found 0 w-termine files in folder
2026-06-28 15:50:06,590 INFO No new w-termine files found
2026-06-28 15:50:06,594 INFO === scribe_sync end ===
2026-06-28 16:00:02,070 INFO === scribe_sync start ===
2026-06-28 16:00:03,791 INFO MCP session initialized (id=60ef461a-0418-46c6-bae9-2dca4fbbaa53)
2026-06-28 16:00:05,224 INFO Found folder 'Kindle Scribe' (ID: 1C38JFsUTRYHHimqlQwpoRka0Zi1QJKq6)
2026-06-28 16:00:06,726 INFO Found 0 w-termine files in folder
2026-06-28 16:00:06,726 INFO No new w-termine files found
2026-06-28 16:00:06,728 INFO === scribe_sync end ===
2026-06-28 16:10:01,985 INFO === scribe_sync start ===
2026-06-28 16:10:03,767 INFO MCP session initialized (id=526a3800-9dba-44cc-a694-e53e7ffaa45e)
2026-06-28 16:10:05,199 INFO Found folder 'Kindle Scribe' (ID: 1C38JFsUTRYHHimqlQwpoRka0Zi1QJKq6)
2026-06-28 16:10:06,619 INFO Found 0 w-termine files in folder
2026-06-28 16:10:06,620 INFO No new w-termine files found
2026-06-28 16:10:06,622 INFO === scribe_sync end ===
2026-06-28 16:20:01,226 INFO === scribe_sync start ===
2026-06-28 16:20:02,757 INFO MCP session initialized (id=03f976aa-ec98-403f-b398-56558ed05354)
2026-06-28 16:20:04,334 INFO Found folder 'Kindle Scribe' (ID: 1C38JFsUTRYHHimqlQwpoRka0Zi1QJKq6)
2026-06-28 16:20:05,521 INFO Found 0 w-termine files in folder
2026-06-28 16:20:05,522 INFO No new w-termine files found
2026-06-28 16:20:05,530 INFO === scribe_sync end ===
2026-06-28 16:30:01,491 INFO === scribe_sync start ===
2026-06-28 16:30:03,007 INFO MCP session initialized (id=6ef9c65b-612f-445f-b402-16b25e6b2f3d)
2026-06-28 16:30:04,848 INFO Found folder 'Kindle Scribe' (ID: 1C38JFsUTRYHHimqlQwpoRka0Zi1QJKq6)
2026-06-28 16:30:06,132 INFO Found 0 w-termine files in folder
2026-06-28 16:30:06,132 INFO No new w-termine files found
2026-06-28 16:30:06,151 INFO === scribe_sync end ===
2026-06-28 16:40:01,780 INFO === scribe_sync start ===
2026-06-28 16:40:03,404 INFO MCP session initialized (id=eb99b084-984e-4380-9baa-716cce8d69da)
2026-06-28 16:40:04,759 INFO Found folder 'Kindle Scribe' (ID: 1C38JFsUTRYHHimqlQwpoRka0Zi1QJKq6)
2026-06-28 16:40:06,006 INFO Found 0 w-termine files in folder
2026-06-28 16:40:06,007 INFO No new w-termine files found
2026-06-28 16:40:06,009 INFO === scribe_sync end ===
2026-06-28 16:50:01,147 INFO === scribe_sync start ===
2026-06-28 16:50:02,460 INFO MCP session initialized (id=1f305b46-b492-44bb-8530-9580ea00e82c)
2026-06-28 16:50:03,819 INFO Found folder 'Kindle Scribe' (ID: 1C38JFsUTRYHHimqlQwpoRka0Zi1QJKq6)
2026-06-28 16:50:05,284 INFO Found 0 w-termine files in folder
2026-06-28 16:50:05,284 INFO No new w-termine files found
2026-06-28 16:50:05,293 INFO === scribe_sync end ===
2026-06-28 17:00:01,863 INFO === scribe_sync start ===
2026-06-28 17:00:03,850 INFO MCP session initialized (id=6cf03f1b-dbfe-4a59-bfcd-12547c79bf1f)
2026-06-28 17:00:05,642 INFO Found folder 'Kindle Scribe' (ID: 1C38JFsUTRYHHimqlQwpoRka0Zi1QJKq6)
2026-06-28 17:00:13,056 INFO Found 0 w-termine files in folder
2026-06-28 17:00:13,056 INFO No new w-termine files found
2026-06-28 17:00:13,059 INFO === scribe_sync end ===
2026-06-28 17:10:01,841 INFO === scribe_sync start ===
2026-06-28 17:10:03,971 INFO MCP session initialized (id=8ef7de11-979f-43bf-899f-9bc9c33f2d52)
2026-06-28 17:10:05,387 INFO Found folder 'Kindle Scribe' (ID: 1C38JFsUTRYHHimqlQwpoRka0Zi1QJKq6)
2026-06-28 17:10:06,746 INFO Found 0 w-termine files in folder
2026-06-28 17:10:06,746 INFO No new w-termine files found
2026-06-28 17:10:06,750 INFO === scribe_sync end ===
2026-06-28 17:20:03,923 INFO === scribe_sync start ===
2026-06-28 17:20:07,612 INFO MCP session initialized (id=d174c8bd-bd1a-4264-9394-eea20bbb0ef5)
2026-06-28 17:20:08,964 INFO Found folder 'Kindle Scribe' (ID: 1C38JFsUTRYHHimqlQwpoRka0Zi1QJKq6)
2026-06-28 17:20:10,227 INFO Found 0 w-termine files in folder
2026-06-28 17:20:10,228 INFO No new w-termine files found
2026-06-28 17:20:10,232 INFO === scribe_sync end ===
2026-06-28 17:30:01,314 INFO === scribe_sync start ===
2026-06-28 17:30:02,644 INFO MCP session initialized (id=53528385-2201-4eb7-81ad-af3ce34af97d)
2026-06-28 17:30:04,606 INFO Found folder 'Kindle Scribe' (ID: 1C38JFsUTRYHHimqlQwpoRka0Zi1QJKq6)
2026-06-28 17:30:06,418 INFO Found 0 w-termine files in folder
2026-06-28 17:30:06,418 INFO No new w-termine files found
2026-06-28 17:30:06,421 INFO === scribe_sync end ===
2026-06-28 17:40:01,602 INFO === scribe_sync start ===
2026-06-28 17:40:02,973 INFO MCP session initialized (id=d16e2121-cfe0-46e9-a1b4-c0313fd877e8)
2026-06-28 17:40:04,343 INFO Found folder 'Kindle Scribe' (ID: 1C38JFsUTRYHHimqlQwpoRka0Zi1QJKq6)
2026-06-28 17:40:05,524 INFO Found 0 w-termine files in folder
2026-06-28 17:40:05,525 INFO No new w-termine files found
2026-06-28 17:40:05,526 INFO === scribe_sync end ===
2026-06-28 17:50:01,926 INFO === scribe_sync start ===
2026-06-28 17:50:03,540 INFO MCP session initialized (id=bed97fa3-bf9c-45b2-ab5a-4acebdc3446b)
2026-06-28 17:50:04,972 INFO Found folder 'Kindle Scribe' (ID: 1C38JFsUTRYHHimqlQwpoRka0Zi1QJKq6)
2026-06-28 17:50:06,267 INFO Found 0 w-termine files in folder
2026-06-28 17:50:06,267 INFO No new w-termine files found
2026-06-28 17:50:06,271 INFO === scribe_sync end ===
2026-06-28 18:00:01,556 INFO === scribe_sync start ===
2026-06-28 18:00:03,334 INFO MCP session initialized (id=8740957a-0952-41ad-87f7-38107f4346b0)
2026-06-28 18:00:05,253 INFO Found folder 'Kindle Scribe' (ID: 1C38JFsUTRYHHimqlQwpoRka0Zi1QJKq6)
2026-06-28 18:00:06,613 INFO Found 0 w-termine files in folder
2026-06-28 18:00:06,614 INFO No new w-termine files found
2026-06-28 18:00:06,616 INFO === scribe_sync end ===
2026-06-28 18:10:01,376 INFO === scribe_sync start ===
2026-06-28 18:10:02,704 INFO MCP session initialized (id=3e2f70dd-1041-4061-a4cb-5ccd52fe9347)
2026-06-28 18:10:04,024 INFO Found folder 'Kindle Scribe' (ID: 1C38JFsUTRYHHimqlQwpoRka0Zi1QJKq6)
2026-06-28 18:10:05,312 INFO Found 0 w-termine files in folder
2026-06-28 18:10:05,312 INFO No new w-termine files found
2026-06-28 18:10:05,314 INFO === scribe_sync end ===
2026-06-28 18:20:03,534 INFO === scribe_sync start ===
2026-06-28 18:20:07,441 INFO MCP session initialized (id=a44655d7-0ee8-4b90-8544-964c6a252555)
2026-06-28 18:20:09,295 INFO Found folder 'Kindle Scribe' (ID: 1C38JFsUTRYHHimqlQwpoRka0Zi1QJKq6)
2026-06-28 18:20:10,708 INFO Found 0 w-termine files in folder
2026-06-28 18:20:10,708 INFO No new w-termine files found
2026-06-28 18:20:10,711 INFO === scribe_sync end ===
2026-06-28 18:30:01,441 INFO === scribe_sync start ===
2026-06-28 18:30:03,013 INFO MCP session initialized (id=81baf2f9-acb5-4be0-badc-50c773af5c37)
2026-06-28 18:30:04,450 INFO Found folder 'Kindle Scribe' (ID: 1C38JFsUTRYHHimqlQwpoRka0Zi1QJKq6)
2026-06-28 18:30:05,769 INFO Found 0 w-termine files in folder
2026-06-28 18:30:05,770 INFO No new w-termine files found
2026-06-28 18:30:05,771 INFO === scribe_sync end ===
2026-06-28 18:40:02,185 INFO === scribe_sync start ===
2026-06-28 18:40:03,590 INFO MCP session initialized (id=377e635b-4efa-43f0-a5b8-e62c8e46d617)
2026-06-28 18:40:05,561 INFO Found folder 'Kindle Scribe' (ID: 1C38JFsUTRYHHimqlQwpoRka0Zi1QJKq6)
2026-06-28 18:40:07,128 INFO Found 0 w-termine files in folder
2026-06-28 18:40:07,128 INFO No new w-termine files found
2026-06-28 18:40:07,130 INFO === scribe_sync end ===
2026-06-28 18:50:01,278 INFO === scribe_sync start ===
2026-06-28 18:50:02,531 INFO MCP session initialized (id=a7010290-827b-4102-88f6-9e812a3a526a)
2026-06-28 18:50:03,849 INFO Found folder 'Kindle Scribe' (ID: 1C38JFsUTRYHHimqlQwpoRka0Zi1QJKq6)
2026-06-28 18:50:05,136 INFO Found 0 w-termine files in folder
2026-06-28 18:50:05,136 INFO No new w-termine files found
2026-06-28 18:50:05,138 INFO === scribe_sync end ===
2026-06-28 19:00:02,016 INFO === scribe_sync start ===
2026-06-28 19:00:03,879 INFO MCP session initialized (id=a3149f5f-86da-4add-af5c-dd199e2cb592)
2026-06-28 19:00:05,668 INFO Found folder 'Kindle Scribe' (ID: 1C38JFsUTRYHHimqlQwpoRka0Zi1QJKq6)
2026-06-28 19:00:07,200 INFO Found 0 w-termine files in folder
2026-06-28 19:00:07,200 INFO No new w-termine files found
2026-06-28 19:00:07,203 INFO === scribe_sync end ===
2026-06-28 19:10:02,339 INFO === scribe_sync start ===
2026-06-28 19:10:03,842 INFO MCP session initialized (id=43500d89-f460-43df-a2f1-332e0c9e8a4f)
2026-06-28 19:10:05,585 INFO Found folder 'Kindle Scribe' (ID: 1C38JFsUTRYHHimqlQwpoRka0Zi1QJKq6)
2026-06-28 19:10:06,796 INFO Found 0 w-termine files in folder
2026-06-28 19:10:06,796 INFO No new w-termine files found
2026-06-28 19:10:06,800 INFO === scribe_sync end ===
2026-06-28 19:20:03,372 INFO === scribe_sync start ===
2026-06-28 19:20:07,949 INFO MCP session initialized (id=e1db8285-cf77-4520-86a1-078cf5c28770)
2026-06-28 19:20:09,336 INFO Found folder 'Kindle Scribe' (ID: 1C38JFsUTRYHHimqlQwpoRka0Zi1QJKq6)
2026-06-28 19:20:10,589 INFO Found 0 w-termine files in folder
2026-06-28 19:20:10,589 INFO No new w-termine files found
2026-06-28 19:20:10,591 INFO === scribe_sync end ===
2026-06-28 19:30:01,191 INFO === scribe_sync start ===
2026-06-28 19:30:02,698 INFO MCP session initialized (id=45fc115d-02bc-447e-81fe-c6cd8dfc8baf)
2026-06-28 19:30:04,167 INFO Found folder 'Kindle Scribe' (ID: 1C38JFsUTRYHHimqlQwpoRka0Zi1QJKq6)
2026-06-28 19:30:05,610 INFO Found 0 w-termine files in folder
2026-06-28 19:30:05,611 INFO No new w-termine files found
2026-06-28 19:30:05,613 INFO === scribe_sync end ===
2026-06-29 08:50:23,178 INFO === scribe_sync start ===
2026-06-29 08:50:24,343 INFO MCP session initialized (id=4627e9f1-15a8-4c72-bd1f-c02bca678594)
2026-06-29 08:50:25,667 INFO Found folder 'Kindle Scribe' (ID: 1C38JFsUTRYHHimqlQwpoRka0Zi1QJKq6)
2026-06-29 08:50:27,076 INFO Found 0 w-termine files in folder
2026-06-29 08:50:27,076 INFO No new w-termine files found
2026-06-29 08:50:27,078 INFO === scribe_sync end ===
2026-06-29 08:51:35,797 INFO === scribe_sync start ===
2026-06-29 08:51:37,006 INFO MCP session initialized (id=ec0a50fb-a095-4eff-90f7-5797ea25f35e)
2026-06-29 08:51:38,512 INFO Found folder 'Kindle Scribe' (ID: 1C38JFsUTRYHHimqlQwpoRka0Zi1QJKq6)
2026-06-29 08:51:39,811 INFO Found 0 w-termine files in folder
2026-06-29 08:51:39,811 INFO No new w-termine files found
2026-06-29 08:51:39,812 INFO === scribe_sync end ===
2026-06-29 09:17:01,084 INFO === scribe_sync start ===
2026-06-29 09:17:02,381 INFO MCP session initialized (id=a4aec4ae-a3ed-4bd3-9d89-c2af8ce720f2)
2026-06-29 09:17:03,712 INFO Found folder 'Kindle Scribe' (ID: 1C38JFsUTRYHHimqlQwpoRka0Zi1QJKq6)
2026-06-29 09:17:04,978 INFO Found 0 w-termine files in folder
2026-06-29 09:17:04,979 INFO No new w-termine files found
2026-06-29 09:17:05,001 INFO === scribe_sync end ===
2026-06-29 09:17:06,345 INFO === scribe_sync start ===
2026-06-29 09:17:09,955 INFO MCP session initialized (id=c684256b-b315-450d-a24a-60f62867bea7)
2026-06-29 09:17:11,255 INFO Found folder 'Kindle Scribe' (ID: 1C38JFsUTRYHHimqlQwpoRka0Zi1QJKq6)
2026-06-29 09:17:12,427 INFO Found 0 w-termine files in folder
2026-06-29 09:17:12,427 INFO No new w-termine files found
2026-06-29 09:17:12,429 INFO === scribe_sync end ===
2026-06-29 09:18:21,122 INFO === scribe_sync start ===
2026-06-29 09:18:22,433 INFO MCP session initialized (id=2b195afb-6f9d-432e-8002-2e1ade9f7cc0)
2026-06-29 09:18:23,729 INFO Found folder 'Kindle Scribe' (ID: 1C38JFsUTRYHHimqlQwpoRka0Zi1QJKq6)
2026-06-29 09:18:24,547 INFO === scribe_sync start ===
2026-06-29 09:18:24,783 INFO Found 0 w-termine files in folder
2026-06-29 09:18:24,784 INFO No new w-termine files found
2026-06-29 09:18:24,786 INFO === scribe_sync end ===
2026-06-29 09:18:25,880 INFO MCP session initialized (id=88016377-dd42-48f7-80de-f5445acd6e0e)
2026-06-29 09:18:27,108 INFO Found folder 'Kindle Scribe' (ID: 1C38JFsUTRYHHimqlQwpoRka0Zi1QJKq6)
2026-06-29 09:18:28,296 INFO Found 0 w-termine files in folder
2026-06-29 09:18:28,297 INFO No new w-termine files found
2026-06-29 09:18:28,299 INFO === scribe_sync end ===
2026-06-29 11:20:41,829 INFO === scribe_sync start ===
2026-06-29 11:21:18,036 INFO MCP session initialized (id=7551563d-b658-4736-ba40-531328c3f5cd)
2026-06-29 11:21:19,292 INFO Found folder 'Kindle Scribe' (ID: 1C38JFsUTRYHHimqlQwpoRka0Zi1QJKq6)
2026-06-29 11:21:20,402 INFO Found 0 w-termine files in folder
2026-06-29 11:21:20,402 INFO No new w-termine files found
2026-06-29 11:21:20,404 INFO === scribe_sync end ===
2026-06-29 13:59:08,905 INFO === scribe_sync start ===
2026-06-29 13:59:10,254 INFO MCP session initialized (id=6b2e835d-498b-49d8-b99c-ea4c14841ba0)
2026-06-29 13:59:11,770 INFO Found folder 'Kindle Scribe' (ID: 1C38JFsUTRYHHimqlQwpoRka0Zi1QJKq6)
2026-06-29 13:59:11,896 INFO === scribe_sync start ===
2026-06-29 13:59:12,963 INFO Found 0 w-termine files in folder
2026-06-29 13:59:12,963 INFO No new w-termine files found
2026-06-29 13:59:12,966 INFO === scribe_sync end ===
2026-06-29 13:59:13,215 INFO MCP session initialized (id=0f782763-c369-4ce1-98f6-85316a2556d1)
2026-06-29 13:59:14,561 INFO Found folder 'Kindle Scribe' (ID: 1C38JFsUTRYHHimqlQwpoRka0Zi1QJKq6)
2026-06-29 13:59:16,048 INFO Found 0 w-termine files in folder
2026-06-29 13:59:16,048 INFO No new w-termine files found
2026-06-29 13:59:16,050 INFO === scribe_sync end ===
2026-06-29 14:38:05,978 INFO === scribe_sync start ===
2026-06-29 14:38:07,487 INFO MCP session initialized (id=d4f3d5f1-d4fb-4feb-a5a4-0360e66ede8e)
2026-06-29 14:38:08,653 INFO Found folder 'Kindle Scribe' (ID: 1C38JFsUTRYHHimqlQwpoRka0Zi1QJKq6)
2026-06-29 14:38:09,901 INFO Found 0 w-termine files in folder
2026-06-29 14:38:09,901 INFO No new w-termine files found
2026-06-29 14:38:09,905 INFO === scribe_sync end ===
2026-06-29 14:41:31,001 INFO === scribe_sync start ===
2026-06-29 14:41:31,457 INFO === scribe_sync start ===
2026-06-29 14:41:32,711 INFO === scribe_sync start ===
2026-06-29 14:41:32,795 INFO MCP session initialized (id=b5573deb-20c5-457f-b9dd-620ada5b9fdf)
2026-06-29 14:41:33,911 INFO === scribe_sync start ===
2026-06-29 14:41:34,134 INFO Found folder 'Kindle Scribe' (ID: 1C38JFsUTRYHHimqlQwpoRka0Zi1QJKq6)
2026-06-29 14:41:34,137 INFO MCP session initialized (id=a8d3373d-6395-489a-8360-240c092ed148)
2026-06-29 14:41:35,244 INFO MCP session initialized (id=3c5096a3-e10f-4724-b91c-da7410c79e96)
2026-06-29 14:41:35,299 INFO Found 0 w-termine files in folder
2026-06-29 14:41:35,300 INFO No new w-termine files found
2026-06-29 14:41:35,302 INFO === scribe_sync end ===
2026-06-29 14:41:35,487 INFO Found folder 'Kindle Scribe' (ID: 1C38JFsUTRYHHimqlQwpoRka0Zi1QJKq6)
2026-06-29 14:41:35,504 INFO MCP session initialized (id=25ac6663-9a5e-47af-903a-b86337aa3276)
2026-06-29 14:41:36,574 INFO Found folder 'Kindle Scribe' (ID: 1C38JFsUTRYHHimqlQwpoRka0Zi1QJKq6)
2026-06-29 14:41:36,597 INFO Found 0 w-termine files in folder
2026-06-29 14:41:36,597 INFO No new w-termine files found
2026-06-29 14:41:36,601 INFO === scribe_sync end ===
2026-06-29 14:41:36,807 INFO Found folder 'Kindle Scribe' (ID: 1C38JFsUTRYHHimqlQwpoRka0Zi1QJKq6)
2026-06-29 14:41:37,879 INFO Found 0 w-termine files in folder
2026-06-29 14:41:37,880 INFO No new w-termine files found
2026-06-29 14:41:37,882 INFO === scribe_sync end ===
2026-06-29 14:41:38,144 INFO Found 0 w-termine files in folder
2026-06-29 14:41:38,146 INFO No new w-termine files found
2026-06-29 14:41:38,152 INFO === scribe_sync end ===
2026-06-29 14:41:41,160 INFO === scribe_sync start ===
2026-06-29 14:41:41,834 INFO === scribe_sync start ===
2026-06-29 14:41:42,477 INFO MCP session initialized (id=8a5a13a8-b861-44ff-9a66-b01e9ab29e1c)
2026-06-29 14:41:43,049 INFO MCP session initialized (id=b8e7eab8-9aab-4314-923c-fb53ac45e725)
2026-06-29 14:41:43,690 INFO Found folder 'Kindle Scribe' (ID: 1C38JFsUTRYHHimqlQwpoRka0Zi1QJKq6)
2026-06-29 14:41:44,268 INFO Found folder 'Kindle Scribe' (ID: 1C38JFsUTRYHHimqlQwpoRka0Zi1QJKq6)
2026-06-29 14:41:44,923 INFO Found 0 w-termine files in folder
2026-06-29 14:41:44,924 INFO No new w-termine files found
2026-06-29 14:41:44,927 INFO === scribe_sync end ===
2026-06-29 14:41:45,505 INFO Found 0 w-termine files in folder
2026-06-29 14:41:45,505 INFO No new w-termine files found
2026-06-29 14:41:45,507 INFO === scribe_sync end ===
2026-06-29 14:41:49,816 INFO === scribe_sync start ===
2026-06-29 14:41:51,044 INFO MCP session initialized (id=1e38eed7-f085-46ed-8b80-25786fa6462b)
2026-06-29 14:41:52,489 INFO Found folder 'Kindle Scribe' (ID: 1C38JFsUTRYHHimqlQwpoRka0Zi1QJKq6)
2026-06-29 14:41:53,576 INFO Found 0 w-termine files in folder
2026-06-29 14:41:53,577 INFO No new w-termine files found
2026-06-29 14:41:53,581 INFO === scribe_sync end ===
2026-06-29 14:47:40,372 INFO === scribe_sync start ===
2026-06-29 14:47:40,840 INFO === scribe_sync start ===
2026-06-29 14:47:41,505 INFO MCP session initialized (id=9c1ec629-1813-4ad2-a993-0944ad09c9ab)
2026-06-29 14:47:41,982 INFO MCP session initialized (id=1ba70967-ef9a-4e9f-a754-3dfd1fdff40d)
2026-06-29 14:47:42,897 INFO Found folder 'Kindle Scribe' (ID: 1C38JFsUTRYHHimqlQwpoRka0Zi1QJKq6)
2026-06-29 14:47:43,295 INFO Found folder 'Kindle Scribe' (ID: 1C38JFsUTRYHHimqlQwpoRka0Zi1QJKq6)
2026-06-29 14:47:44,284 INFO Found 0 w-termine files in folder
2026-06-29 14:47:44,284 INFO No new w-termine files found
2026-06-29 14:47:44,287 INFO === scribe_sync end ===
2026-06-29 14:47:44,674 INFO Found 0 w-termine files in folder
2026-06-29 14:47:44,675 INFO No new w-termine files found
2026-06-29 14:47:44,678 INFO === scribe_sync end ===
2026-06-29 14:59:21,271 INFO === scribe_sync start ===
2026-06-29 14:59:22,552 INFO MCP session initialized (id=ffcfd62d-04bb-4a61-8c43-b74bda1e5646)
2026-06-29 14:59:23,863 INFO Found folder 'Kindle Scribe' (ID: 1C38JFsUTRYHHimqlQwpoRka0Zi1QJKq6)
2026-06-29 14:59:25,030 INFO Found 0 w-termine files in folder
2026-06-29 14:59:25,031 INFO No new w-termine files found
2026-06-29 14:59:25,033 INFO === scribe_sync end ===
2026-06-29 14:59:30,624 INFO === scribe_sync start ===
2026-06-29 14:59:31,935 INFO MCP session initialized (id=dc393424-fd4c-423e-9364-a3e4f475b72a)
2026-06-29 14:59:33,180 INFO Found folder 'Kindle Scribe' (ID: 1C38JFsUTRYHHimqlQwpoRka0Zi1QJKq6)
2026-06-29 14:59:34,711 INFO Found 0 w-termine files in folder
2026-06-29 14:59:34,711 INFO No new w-termine files found
2026-06-29 14:59:34,714 INFO === scribe_sync end ===
2026-06-29 15:05:04,896 INFO === scribe_sync start ===
2026-06-29 15:05:06,407 INFO MCP session initialized (id=74e17713-1f06-4ca1-a88d-51866c93346e)
2026-06-29 15:05:08,002 INFO Found folder 'Kindle Scribe' (ID: 1C38JFsUTRYHHimqlQwpoRka0Zi1QJKq6)
2026-06-29 15:05:09,379 INFO Found 0 w-termine files in folder
2026-06-29 15:05:09,380 INFO No new w-termine files found
2026-06-29 15:05:09,382 INFO === scribe_sync end ===
2026-06-29 19:16:36,176 INFO === scribe_sync start ===
2026-06-29 19:16:39,113 INFO === scribe_sync start ===
2026-06-29 19:16:40,576 INFO MCP session initialized (id=b3fe7e55-bff1-4f14-b2c8-dc33db07bdc5)
2026-06-29 19:16:40,602 INFO MCP session initialized (id=6a4a7adb-5df3-46d0-b21c-d6afc756e0bb)
2026-06-29 19:16:42,034 INFO Found folder 'Kindle Scribe' (ID: 1C38JFsUTRYHHimqlQwpoRka0Zi1QJKq6)
2026-06-29 19:16:42,062 INFO Found folder 'Kindle Scribe' (ID: 1C38JFsUTRYHHimqlQwpoRka0Zi1QJKq6)
2026-06-29 19:16:43,194 INFO Found 0 w-termine files in folder
2026-06-29 19:16:43,194 INFO No new w-termine files found
2026-06-29 19:16:43,198 INFO === scribe_sync end ===
2026-06-29 19:16:43,219 INFO Found 0 w-termine files in folder
2026-06-29 19:16:43,220 INFO No new w-termine files found
2026-06-29 19:16:43,222 INFO === scribe_sync end ===
2026-06-29 19:16:54,153 INFO === scribe_sync start ===
2026-06-29 19:16:55,352 INFO MCP session initialized (id=3562af5c-d50a-435d-b865-48e932b63785)
2026-06-29 19:16:56,743 INFO Found folder 'Kindle Scribe' (ID: 1C38JFsUTRYHHimqlQwpoRka0Zi1QJKq6)
2026-06-29 19:17:00,190 INFO Found 0 w-termine files in folder
2026-06-29 19:17:00,190 INFO No new w-termine files found
2026-06-29 19:17:00,192 INFO === scribe_sync end ===
2026-06-30 16:42:07,720 INFO === scribe_sync start ===
2026-06-30 16:42:09,087 INFO MCP session initialized (id=06b7752f-6845-4de6-94c5-326da701b832)
2026-06-30 16:42:10,443 INFO Found folder 'Kindle Scribe' (ID: 1C38JFsUTRYHHimqlQwpoRka0Zi1QJKq6)
2026-06-30 16:42:11,760 INFO Found 0 w-termine files in folder
2026-06-30 16:42:11,761 INFO No new w-termine files found
2026-06-30 16:42:11,767 INFO === scribe_sync end ===
2026-06-30 16:42:26,591 INFO === scribe_sync start ===
2026-06-30 16:42:28,311 INFO MCP session initialized (id=b16e3eb8-b8ba-465b-84d8-cb081a18f563)
2026-06-30 16:42:34,069 INFO Found folder 'Kindle Scribe' (ID: 1C38JFsUTRYHHimqlQwpoRka0Zi1QJKq6)
2026-06-30 16:42:35,399 INFO Found 0 w-termine files in folder
2026-06-30 16:42:35,399 INFO No new w-termine files found
2026-06-30 16:42:35,405 INFO === scribe_sync end ===
2026-06-30 17:12:57,887 INFO === scribe_sync start ===
2026-06-30 17:12:59,173 INFO MCP session initialized (id=78bae075-c969-44f5-8098-2147c4ae701a)
2026-06-30 17:13:02,411 INFO Found folder 'Kindle Scribe' (ID: 1C38JFsUTRYHHimqlQwpoRka0Zi1QJKq6)
2026-06-30 17:13:03,975 INFO === scribe_sync start ===
2026-06-30 17:13:05,333 INFO MCP session initialized (id=5cac18e4-6c62-42dc-8107-55fe82b4213f)
2026-06-30 17:13:06,030 INFO Found 0 w-termine files in folder
2026-06-30 17:13:06,031 INFO No new w-termine files found
2026-06-30 17:13:06,033 INFO === scribe_sync end ===
2026-06-30 17:13:06,694 INFO Found folder 'Kindle Scribe' (ID: 1C38JFsUTRYHHimqlQwpoRka0Zi1QJKq6)
2026-06-30 17:13:07,927 INFO Found 0 w-termine files in folder
2026-06-30 17:13:07,927 INFO No new w-termine files found
2026-06-30 17:13:07,929 INFO === scribe_sync end ===
2026-06-30 17:13:13,722 INFO === scribe_sync start ===
2026-06-30 17:13:15,626 INFO MCP session initialized (id=5b115605-3d0f-4bf1-b2f6-d65be562eedf)
2026-06-30 17:13:17,157 INFO Found folder 'Kindle Scribe' (ID: 1C38JFsUTRYHHimqlQwpoRka0Zi1QJKq6)
2026-06-30 17:13:18,346 INFO Found 0 w-termine files in folder
2026-06-30 17:13:18,346 INFO No new w-termine files found
2026-06-30 17:13:18,348 INFO === scribe_sync end ===
2026-06-30 17:13:24,846 INFO === scribe_sync start ===
2026-06-30 17:13:26,112 INFO MCP session initialized (id=1222bec3-2ce5-4f39-b3e7-11be1e0e945f)
2026-06-30 17:13:27,695 INFO Found folder 'Kindle Scribe' (ID: 1C38JFsUTRYHHimqlQwpoRka0Zi1QJKq6)
2026-06-30 17:13:29,148 INFO Found 0 w-termine files in folder
2026-06-30 17:13:29,149 INFO No new w-termine files found
2026-06-30 17:13:29,152 INFO === scribe_sync end ===
2026-06-30 17:13:55,816 INFO === scribe_sync start ===
2026-06-30 17:13:56,942 INFO MCP session initialized (id=8df20bfb-f7ab-4dff-814a-154ffae8dc72)
2026-06-30 17:13:58,202 INFO Found folder 'Kindle Scribe' (ID: 1C38JFsUTRYHHimqlQwpoRka0Zi1QJKq6)
2026-06-30 17:13:59,358 INFO Found 0 w-termine files in folder
2026-06-30 17:13:59,358 INFO No new w-termine files found
2026-06-30 17:13:59,362 INFO === scribe_sync end ===
2026-06-30 17:14:44,415 INFO === scribe_sync start ===
2026-06-30 17:14:45,739 INFO MCP session initialized (id=293ac480-0ab4-40fe-8ac9-551370d1e3b4)
2026-06-30 17:14:47,133 INFO Found folder 'Kindle Scribe' (ID: 1C38JFsUTRYHHimqlQwpoRka0Zi1QJKq6)
2026-06-30 17:14:48,613 INFO Found 0 w-termine files in folder
2026-06-30 17:14:48,613 INFO No new w-termine files found
2026-06-30 17:14:48,616 INFO === scribe_sync end ===
2026-06-30 17:14:49,994 INFO === scribe_sync start ===
2026-06-30 17:14:51,400 INFO MCP session initialized (id=6346cb90-e92e-468a-adc8-c60eda1d4cd7)
2026-06-30 17:14:52,238 INFO === scribe_sync start ===
2026-06-30 17:14:52,944 INFO Found folder 'Kindle Scribe' (ID: 1C38JFsUTRYHHimqlQwpoRka0Zi1QJKq6)
2026-06-30 17:14:54,208 INFO Found 0 w-termine files in folder
2026-06-30 17:14:54,209 INFO No new w-termine files found
2026-06-30 17:14:54,212 INFO === scribe_sync end ===
2026-06-30 17:14:54,343 INFO MCP session initialized (id=e146fd8e-cc5b-4c81-8108-afda6b863ebe)
2026-06-30 17:14:55,762 INFO Found folder 'Kindle Scribe' (ID: 1C38JFsUTRYHHimqlQwpoRka0Zi1QJKq6)
2026-06-30 17:14:57,003 INFO Found 0 w-termine files in folder
2026-06-30 17:14:57,004 INFO No new w-termine files found
2026-06-30 17:14:57,009 INFO === scribe_sync end ===
2026-06-30 17:15:15,639 INFO === scribe_sync start ===
2026-06-30 17:15:16,815 INFO MCP session initialized (id=0eefebb3-d7d8-4176-8df2-e4e97fe52ed0)
2026-06-30 17:15:17,978 INFO === scribe_sync start ===
2026-06-30 17:15:18,558 INFO Found folder 'Kindle Scribe' (ID: 1C38JFsUTRYHHimqlQwpoRka0Zi1QJKq6)
2026-06-30 17:15:19,346 INFO MCP session initialized (id=9d6fcb87-3dbc-456d-8adb-bd19e1a1207a)
2026-06-30 17:15:20,060 INFO Found 0 w-termine files in folder
2026-06-30 17:15:20,061 INFO No new w-termine files found
2026-06-30 17:15:20,070 INFO === scribe_sync end ===
2026-06-30 17:15:20,783 INFO Found folder 'Kindle Scribe' (ID: 1C38JFsUTRYHHimqlQwpoRka0Zi1QJKq6)
2026-06-30 17:15:22,202 INFO Found 0 w-termine files in folder
2026-06-30 17:15:22,202 INFO No new w-termine files found
2026-06-30 17:15:22,208 INFO === scribe_sync end ===
2026-06-30 17:19:21,351 INFO === scribe_sync start ===
2026-06-30 17:19:28,437 INFO === scribe_sync start ===
2026-06-30 17:19:49,234 INFO MCP session initialized (id=0dc5cf04-0cc0-42b5-be8e-b6183f3b5326)
2026-06-30 17:19:51,082 INFO Found folder 'Kindle Scribe' (ID: 1C38JFsUTRYHHimqlQwpoRka0Zi1QJKq6)
2026-06-30 17:19:52,276 INFO Found 0 w-termine files in folder
2026-06-30 17:19:52,276 INFO No new w-termine files found
2026-06-30 17:19:52,279 INFO === scribe_sync end ===
2026-06-30 17:19:53,222 INFO MCP session initialized (id=e70a537d-4118-433b-8366-627080b99431)
2026-06-30 17:19:54,599 INFO Found folder 'Kindle Scribe' (ID: 1C38JFsUTRYHHimqlQwpoRka0Zi1QJKq6)
2026-06-30 17:19:55,876 INFO Found 0 w-termine files in folder
2026-06-30 17:19:55,877 INFO No new w-termine files found
2026-06-30 17:19:55,886 INFO === scribe_sync end ===
2026-06-30 17:23:34,980 INFO === scribe_sync start ===
2026-06-30 17:23:36,156 INFO MCP session initialized (id=1e6080d9-db54-46a1-8599-5a4c123cdb0b)
2026-06-30 17:23:37,621 INFO Found folder 'Kindle Scribe' (ID: 1C38JFsUTRYHHimqlQwpoRka0Zi1QJKq6)
2026-06-30 17:23:38,879 INFO Found 0 w-termine files in folder
2026-06-30 17:23:38,880 INFO No new w-termine files found
2026-06-30 17:23:38,882 INFO === scribe_sync end ===
2026-06-30 19:54:53,705 INFO === scribe_sync start ===
2026-06-30 19:54:54,875 INFO MCP session initialized (id=0586ec95-dd0f-411d-a8a7-caa0d2eaa509)
2026-06-30 19:54:56,739 INFO === scribe_sync start ===
2026-06-30 19:54:58,074 INFO Found folder 'Kindle Scribe' (ID: 1C38JFsUTRYHHimqlQwpoRka0Zi1QJKq6)
2026-06-30 19:54:58,729 INFO MCP session initialized (id=b81a5d4b-ac98-4c08-a79a-bbaec0ab07e1)
2026-06-30 19:54:59,287 INFO Found 0 w-termine files in folder
2026-06-30 19:54:59,291 INFO No new w-termine files found
2026-06-30 19:54:59,299 INFO === scribe_sync end ===
2026-06-30 19:55:00,059 INFO Found folder 'Kindle Scribe' (ID: 1C38JFsUTRYHHimqlQwpoRka0Zi1QJKq6)
2026-06-30 19:55:01,767 INFO Found 0 w-termine files in folder
2026-06-30 19:55:01,851 INFO No new w-termine files found
2026-06-30 19:55:01,853 INFO === scribe_sync end ===
2026-06-30 19:55:18,241 INFO === scribe_sync start ===
2026-06-30 19:55:19,497 INFO MCP session initialized (id=399a7a38-bd12-4478-8c33-3aadb66a78ee)
2026-06-30 19:55:20,918 INFO Found folder 'Kindle Scribe' (ID: 1C38JFsUTRYHHimqlQwpoRka0Zi1QJKq6)
2026-06-30 19:55:22,067 INFO Found 0 w-termine files in folder
2026-06-30 19:55:22,067 INFO No new w-termine files found
2026-06-30 19:55:22,069 INFO === scribe_sync end ===
2026-06-30 20:12:39,662 INFO === scribe_sync start ===
2026-06-30 20:12:41,047 INFO MCP session initialized (id=930fb872-7301-41bd-9d23-e709bd141699)
2026-06-30 20:12:42,221 INFO Found folder 'Kindle Scribe' (ID: 1C38JFsUTRYHHimqlQwpoRka0Zi1QJKq6)
2026-06-30 20:12:43,282 INFO === scribe_sync start ===
2026-06-30 20:12:43,723 INFO Found 0 w-termine files in folder
2026-06-30 20:12:43,726 INFO No new w-termine files found
2026-06-30 20:12:43,738 INFO === scribe_sync end ===
2026-06-30 20:12:44,519 INFO MCP session initialized (id=ccbe2000-7457-4765-b236-92537405facd)
2026-06-30 20:12:45,898 INFO Found folder 'Kindle Scribe' (ID: 1C38JFsUTRYHHimqlQwpoRka0Zi1QJKq6)
2026-06-30 20:12:47,180 INFO Found 0 w-termine files in folder
2026-06-30 20:12:47,181 INFO No new w-termine files found
2026-06-30 20:12:47,183 INFO === scribe_sync end ===
2026-06-30 20:16:35,836 INFO === scribe_sync start ===
2026-06-30 20:16:37,270 INFO MCP session initialized (id=8a2af85e-c730-47a4-899f-d36dc95e6fc3)
2026-06-30 20:16:39,180 INFO Found folder 'Kindle Scribe' (ID: 1C38JFsUTRYHHimqlQwpoRka0Zi1QJKq6)
2026-06-30 20:16:40,378 INFO Found 0 w-termine files in folder
2026-06-30 20:16:40,378 INFO No new w-termine files found
2026-06-30 20:16:40,380 INFO === scribe_sync end ===
2026-06-30 20:23:32,064 INFO === scribe_sync start ===
2026-06-30 20:23:33,411 INFO MCP session initialized (id=47b145ed-1591-4a36-804b-aa3bb7b08b46)
2026-06-30 20:23:34,708 INFO Found folder 'Kindle Scribe' (ID: 1C38JFsUTRYHHimqlQwpoRka0Zi1QJKq6)
2026-06-30 20:23:36,194 INFO Found 0 w-termine files in folder
2026-06-30 20:23:36,196 INFO No new w-termine files found
2026-06-30 20:23:36,205 INFO === scribe_sync end ===
2026-06-30 20:23:38,453 INFO === scribe_sync start ===
2026-06-30 20:23:39,829 INFO MCP session initialized (id=23bb64d1-3c58-4a02-a9e3-14e58d6fa57e)
2026-06-30 20:23:41,304 INFO Found folder 'Kindle Scribe' (ID: 1C38JFsUTRYHHimqlQwpoRka0Zi1QJKq6)
2026-06-30 20:23:42,669 INFO Found 0 w-termine files in folder
2026-06-30 20:23:42,669 INFO No new w-termine files found
2026-06-30 20:23:42,672 INFO === scribe_sync end ===
2026-06-30 20:23:52,924 INFO === scribe_sync start ===
2026-06-30 20:23:54,340 INFO MCP session initialized (id=9e838d88-9c26-4e32-8919-c5c91cfd2053)
2026-06-30 20:23:55,690 INFO Found folder 'Kindle Scribe' (ID: 1C38JFsUTRYHHimqlQwpoRka0Zi1QJKq6)
2026-06-30 20:23:56,086 INFO === scribe_sync start ===
2026-06-30 20:23:57,049 INFO Found 0 w-termine files in folder
2026-06-30 20:23:57,051 INFO No new w-termine files found
2026-06-30 20:23:57,059 INFO === scribe_sync end ===
2026-06-30 20:23:57,340 INFO MCP session initialized (id=5cec25f5-c995-44f8-b12a-c40a7dc4fff6)
2026-06-30 20:23:58,718 INFO Found folder 'Kindle Scribe' (ID: 1C38JFsUTRYHHimqlQwpoRka0Zi1QJKq6)
2026-06-30 20:24:00,079 INFO Found 0 w-termine files in folder
2026-06-30 20:24:00,079 INFO No new w-termine files found
2026-06-30 20:24:00,089 INFO === scribe_sync end ===
2026-06-30 20:25:00,024 INFO === scribe_sync start ===
2026-06-30 20:25:01,357 INFO MCP session initialized (id=66605324-e90e-421a-80a4-b5c5c406dfc0)
2026-06-30 20:25:02,697 INFO Found folder 'Kindle Scribe' (ID: 1C38JFsUTRYHHimqlQwpoRka0Zi1QJKq6)
2026-06-30 20:25:03,153 INFO === scribe_sync start ===
2026-06-30 20:25:04,060 INFO Found 0 w-termine files in folder
2026-06-30 20:25:04,061 INFO No new w-termine files found
2026-06-30 20:25:04,064 INFO === scribe_sync end ===
2026-06-30 20:25:05,519 INFO MCP session initialized (id=8fa9d141-978c-40bf-95b8-483acafd73ec)
2026-06-30 20:25:06,918 INFO Found folder 'Kindle Scribe' (ID: 1C38JFsUTRYHHimqlQwpoRka0Zi1QJKq6)
2026-06-30 20:25:08,224 INFO Found 0 w-termine files in folder
2026-06-30 20:25:08,224 INFO No new w-termine files found
2026-06-30 20:25:08,228 INFO === scribe_sync end ===
2026-06-30 20:25:33,346 INFO === scribe_sync start ===
2026-06-30 20:25:34,653 INFO MCP session initialized (id=22b20245-22d9-49cb-afa2-03929e9d39f9)
2026-06-30 20:25:35,958 INFO Found folder 'Kindle Scribe' (ID: 1C38JFsUTRYHHimqlQwpoRka0Zi1QJKq6)
2026-06-30 20:25:37,190 INFO Found 0 w-termine files in folder
2026-06-30 20:25:37,190 INFO No new w-termine files found
2026-06-30 20:25:37,192 INFO === scribe_sync end ===
2026-06-30 20:25:40,144 INFO === scribe_sync start ===
2026-06-30 20:25:41,807 INFO MCP session initialized (id=f7342433-0d2e-44d9-a991-cecb0d5f120d)
2026-06-30 20:25:43,154 INFO Found folder 'Kindle Scribe' (ID: 1C38JFsUTRYHHimqlQwpoRka0Zi1QJKq6)
2026-06-30 20:25:43,413 INFO === scribe_sync start ===
2026-06-30 20:25:44,315 INFO Found 0 w-termine files in folder
2026-06-30 20:25:44,315 INFO No new w-termine files found
2026-06-30 20:25:44,318 INFO === scribe_sync end ===
2026-06-30 20:25:44,836 INFO MCP session initialized (id=a02bc562-add5-41c4-93a3-79b491faa191)
2026-06-30 20:25:46,305 INFO Found folder 'Kindle Scribe' (ID: 1C38JFsUTRYHHimqlQwpoRka0Zi1QJKq6)
2026-06-30 20:25:47,594 INFO Found 0 w-termine files in folder
2026-06-30 20:25:47,597 INFO No new w-termine files found
2026-06-30 20:25:47,609 INFO === scribe_sync end ===
2026-06-30 20:29:54,691 INFO === scribe_sync start ===
2026-06-30 20:29:56,184 INFO MCP session initialized (id=9c53505c-65b6-4bd6-a0db-dc60db95b7fc)
2026-06-30 20:29:57,549 INFO Found folder 'Kindle Scribe' (ID: 1C38JFsUTRYHHimqlQwpoRka0Zi1QJKq6)
2026-06-30 20:29:58,920 INFO Found 0 w-termine files in folder
2026-06-30 20:29:58,920 INFO No new w-termine files found
2026-06-30 20:29:58,923 INFO === scribe_sync end ===
2026-06-30 20:30:04,651 INFO === scribe_sync start ===
2026-06-30 20:30:06,367 INFO MCP session initialized (id=b2eb8553-06e2-4144-b2f3-d7d86874758d)
2026-06-30 20:30:08,056 INFO Found folder 'Kindle Scribe' (ID: 1C38JFsUTRYHHimqlQwpoRka0Zi1QJKq6)
2026-06-30 20:30:09,457 INFO Found 0 w-termine files in folder
2026-06-30 20:30:09,475 INFO No new w-termine files found
2026-06-30 20:30:09,508 INFO === scribe_sync end ===
2026-06-30 20:30:12,643 INFO === scribe_sync start ===
2026-06-30 20:30:16,991 INFO MCP session initialized (id=1178c820-b3e0-499a-85fd-0e69fce92d06)
2026-06-30 20:30:18,630 INFO Found folder 'Kindle Scribe' (ID: 1C38JFsUTRYHHimqlQwpoRka0Zi1QJKq6)
2026-06-30 20:30:19,838 INFO Found 0 w-termine files in folder
2026-06-30 20:30:19,839 INFO No new w-termine files found
2026-06-30 20:30:19,843 INFO === scribe_sync end ===
2026-06-30 20:30:34,926 INFO === scribe_sync start ===
2026-06-30 20:30:36,483 INFO MCP session initialized (id=e7e07c23-7c80-4b39-b852-11ee8f47b4de)
2026-06-30 20:30:38,139 INFO Found folder 'Kindle Scribe' (ID: 1C38JFsUTRYHHimqlQwpoRka0Zi1QJKq6)
2026-06-30 20:30:40,838 INFO Found 0 w-termine files in folder
2026-06-30 20:30:40,840 INFO No new w-termine files found
2026-06-30 20:30:40,843 INFO === scribe_sync end ===
2026-06-30 20:31:59,489 INFO === scribe_sync start ===
2026-06-30 20:32:01,078 INFO MCP session initialized (id=626807c1-a553-4364-aa1c-765cc28239e9)
2026-06-30 20:32:02,751 INFO === scribe_sync start ===
2026-06-30 20:32:03,055 INFO Found folder 'Kindle Scribe' (ID: 1C38JFsUTRYHHimqlQwpoRka0Zi1QJKq6)
2026-06-30 20:32:04,377 INFO Found 0 w-termine files in folder
2026-06-30 20:32:04,377 INFO No new w-termine files found
2026-06-30 20:32:04,385 INFO === scribe_sync end ===
2026-06-30 20:32:04,559 INFO MCP session initialized (id=271fee81-8b57-4be8-b6b3-0a55bccd85ab)
2026-06-30 20:32:08,218 INFO === scribe_sync start ===
2026-06-30 20:32:09,508 INFO Found folder 'Kindle Scribe' (ID: 1C38JFsUTRYHHimqlQwpoRka0Zi1QJKq6)
2026-06-30 20:32:09,645 INFO MCP session initialized (id=f547fd11-f5fd-4900-9d9b-8b38b3b3548f)
2026-06-30 20:32:10,727 INFO Found 0 w-termine files in folder
2026-06-30 20:32:10,728 INFO No new w-termine files found
2026-06-30 20:32:10,730 INFO === scribe_sync end ===
2026-06-30 20:32:16,799 INFO Found folder 'Kindle Scribe' (ID: 1C38JFsUTRYHHimqlQwpoRka0Zi1QJKq6)
2026-06-30 20:32:17,989 INFO Found 0 w-termine files in folder
2026-06-30 20:32:17,989 INFO No new w-termine files found
2026-06-30 20:32:17,994 INFO === scribe_sync end ===
2026-06-30 20:32:26,725 INFO === scribe_sync start ===
2026-06-30 20:32:28,785 INFO MCP session initialized (id=478f959b-654a-4c66-ad77-9694fc84625d)
2026-06-30 20:32:30,115 INFO Found folder 'Kindle Scribe' (ID: 1C38JFsUTRYHHimqlQwpoRka0Zi1QJKq6)
2026-06-30 20:32:31,405 INFO Found 0 w-termine files in folder
2026-06-30 20:32:31,405 INFO No new w-termine files found
2026-06-30 20:32:31,409 INFO === scribe_sync end ===
2026-06-30 20:32:37,903 INFO === scribe_sync start ===
2026-06-30 20:32:39,370 INFO MCP session initialized (id=48d3b248-1c15-4eb4-9cee-f987895fc54a)
2026-06-30 20:32:40,789 INFO Found folder 'Kindle Scribe' (ID: 1C38JFsUTRYHHimqlQwpoRka0Zi1QJKq6)
2026-06-30 20:32:42,118 INFO Found 0 w-termine files in folder
2026-06-30 20:32:42,119 INFO No new w-termine files found
2026-06-30 20:32:42,131 INFO === scribe_sync end ===
2026-06-30 21:01:37,924 INFO === scribe_sync start ===
2026-06-30 21:01:39,434 INFO MCP session initialized (id=f5fa074a-ce87-4eec-9f02-8286be1853a5)
2026-06-30 21:01:40,322 INFO === scribe_sync start ===
2026-06-30 21:01:40,849 INFO Found folder 'Kindle Scribe' (ID: 1C38JFsUTRYHHimqlQwpoRka0Zi1QJKq6)
2026-06-30 21:01:41,977 INFO Found 0 w-termine files in folder
2026-06-30 21:01:41,978 INFO No new w-termine files found
2026-06-30 21:01:41,986 INFO === scribe_sync end ===
2026-06-30 21:01:42,249 INFO MCP session initialized (id=94faecfe-f2da-4dc3-a3b6-2c71ef42d047)
2026-06-30 21:01:45,963 INFO Found folder 'Kindle Scribe' (ID: 1C38JFsUTRYHHimqlQwpoRka0Zi1QJKq6)
2026-06-30 21:01:47,124 INFO Found 0 w-termine files in folder
2026-06-30 21:01:47,131 INFO No new w-termine files found
2026-06-30 21:01:47,149 INFO === scribe_sync end ===
2026-06-30 21:02:26,422 INFO === scribe_sync start ===
2026-06-30 21:02:27,818 INFO MCP session initialized (id=90445b86-e171-4911-8f41-8909e5ef3063)
2026-06-30 21:02:29,349 INFO Found folder 'Kindle Scribe' (ID: 1C38JFsUTRYHHimqlQwpoRka0Zi1QJKq6)
2026-06-30 21:02:30,615 INFO Found 0 w-termine files in folder
2026-06-30 21:02:30,616 INFO No new w-termine files found
2026-06-30 21:02:30,618 INFO === scribe_sync end ===
2026-06-30 21:09:04,761 INFO === scribe_sync start ===
2026-06-30 21:09:05,451 INFO === scribe_sync start ===
2026-06-30 21:09:07,473 INFO MCP session initialized (id=6a42a196-00a0-40be-b499-ac1125cb402c)
2026-06-30 21:09:07,550 INFO MCP session initialized (id=b2d39e1f-b3ca-437e-a68f-c0c5dd16ed1c)
2026-06-30 21:09:09,069 INFO Found folder 'Kindle Scribe' (ID: 1C38JFsUTRYHHimqlQwpoRka0Zi1QJKq6)
2026-06-30 21:09:09,071 INFO Found folder 'Kindle Scribe' (ID: 1C38JFsUTRYHHimqlQwpoRka0Zi1QJKq6)
2026-06-30 21:09:10,292 INFO Found 0 w-termine files in folder
2026-06-30 21:09:10,292 INFO No new w-termine files found
2026-06-30 21:09:10,334 INFO === scribe_sync end ===
2026-06-30 21:09:10,364 INFO Found 0 w-termine files in folder
2026-06-30 21:09:10,368 INFO No new w-termine files found
2026-06-30 21:09:10,376 INFO === scribe_sync end ===
2026-06-30 21:09:49,961 INFO === scribe_sync start ===
2026-06-30 21:09:51,394 INFO MCP session initialized (id=2a94f2b3-8b15-4733-9405-6938cda328db)
2026-06-30 21:09:52,619 INFO Found folder 'Kindle Scribe' (ID: 1C38JFsUTRYHHimqlQwpoRka0Zi1QJKq6)
2026-06-30 21:09:53,893 INFO Found 0 w-termine files in folder
2026-06-30 21:09:53,894 INFO No new w-termine files found
2026-06-30 21:09:53,896 INFO === scribe_sync end ===
2026-06-30 21:44:40,738 INFO === scribe_sync start ===
2026-06-30 21:44:42,090 INFO MCP session initialized (id=75d578f9-d78c-4fe9-87e6-5d849cb805db)
2026-06-30 21:44:43,272 INFO Found folder 'Kindle Scribe' (ID: 1C38JFsUTRYHHimqlQwpoRka0Zi1QJKq6)
2026-06-30 21:44:44,586 INFO Found 0 w-termine files in folder
2026-06-30 21:44:44,587 INFO No new w-termine files found
2026-06-30 21:44:44,598 INFO === scribe_sync end ===
2026-06-30 21:45:09,583 INFO === scribe_sync start ===
2026-06-30 21:45:20,545 ERROR Unexpected error: HTTPSConnectionPool(host='connect.composio.dev', port=443): Read timed out. (read timeout=10)
Traceback (most recent call last):
  File "/usr/local/lib/python3.12/dist-packages/urllib3/connectionpool.py", line 534, in _make_request
    response = conn.getresponse()
               ^^^^^^^^^^^^^^^^^^
  File "/usr/local/lib/python3.12/dist-packages/urllib3/connection.py", line 571, in getresponse
    httplib_response = super().getresponse()
                       ^^^^^^^^^^^^^^^^^^^^^
  File "/usr/lib/python3.12/http/client.py", line 1448, in getresponse
    response.begin()
  File "/usr/lib/python3.12/http/client.py", line 336, in begin
    version, status, reason = self._read_status()
                              ^^^^^^^^^^^^^^^^^^^
  File "/usr/lib/python3.12/http/client.py", line 297, in _read_status
    line = str(self.fp.readline(_MAXLINE + 1), "iso-8859-1")
               ^^^^^^^^^^^^^^^^^^^^^^^^^^^^^^
  File "/usr/lib/python3.12/socket.py", line 707, in readinto
    return self._sock.recv_into(b)
           ^^^^^^^^^^^^^^^^^^^^^^^
  File "/usr/lib/python3.12/ssl.py", line 1252, in recv_into
    return self.read(nbytes, buffer)
           ^^^^^^^^^^^^^^^^^^^^^^^^^
  File "/usr/lib/python3.12/ssl.py", line 1104, in read
    return self._sslobj.read(len, buffer)
           ^^^^^^^^^^^^^^^^^^^^^^^^^^^^^^
TimeoutError: The read operation timed out

The above exception was the direct cause of the following exception:

Traceback (most recent call last):
  File "/usr/local/lib/python3.12/dist-packages/requests/adapters.py", line 696, in send
    resp = conn.urlopen(
           ^^^^^^^^^^^^^
  File "/usr/local/lib/python3.12/dist-packages/urllib3/connectionpool.py", line 841, in urlopen
    retries = retries.increment(
              ^^^^^^^^^^^^^^^^^^
  File "/usr/local/lib/python3.12/dist-packages/urllib3/util/retry.py", line 490, in increment
    raise reraise(type(error), error, _stacktrace)
          ^^^^^^^^^^^^^^^^^^^^^^^^^^^^^^^^^^^^^^^^
  File "/usr/local/lib/python3.12/dist-packages/urllib3/util/util.py", line 39, in reraise
    raise value
  File "/usr/local/lib/python3.12/dist-packages/urllib3/connectionpool.py", line 787, in urlopen
    response = self._make_request(
               ^^^^^^^^^^^^^^^^^^^
  File "/usr/local/lib/python3.12/dist-packages/urllib3/connectionpool.py", line 536, in _make_request
    self._raise_timeout(err=e, url=url, timeout_value=read_timeout)
  File "/usr/local/lib/python3.12/dist-packages/urllib3/connectionpool.py", line 367, in _raise_timeout
    raise ReadTimeoutError(
urllib3.exceptions.ReadTimeoutError: HTTPSConnectionPool(host='connect.composio.dev', port=443): Read timed out. (read timeout=10)

During handling of the above exception, another exception occurred:

Traceback (most recent call last):
  File "/root/.local/.openclaw/workspace/scribe/scribe_sync.py", line 605, in main
    process_files()
  File "/root/.local/.openclaw/workspace/scribe/scribe_sync.py", line 518, in process_files
    mcp = MCPClient(MCP_URL, str(OAUTH_FILE))
          ^^^^^^^^^^^^^^^^^^^^^^^^^^^^^^^^^^^
  File "/root/.local/.openclaw/workspace/scribe/scribe_sync.py", line 75, in __init__
    self._initialize()
  File "/root/.local/.openclaw/workspace/scribe/scribe_sync.py", line 116, in _initialize
    self.session.post(self.url, json=notif, timeout=10)
  File "/usr/local/lib/python3.12/dist-packages/requests/sessions.py", line 712, in post
    return self.request("POST", url, data=data, json=json, **kwargs)
           ^^^^^^^^^^^^^^^^^^^^^^^^^^^^^^^^^^^^^^^^^^^^^^^^^^^^^^^^^
  File "/usr/local/lib/python3.12/dist-packages/requests/sessions.py", line 651, in request
    resp = self.send(prep, **send_kwargs)
           ^^^^^^^^^^^^^^^^^^^^^^^^^^^^^^
  File "/usr/local/lib/python3.12/dist-packages/requests/sessions.py", line 784, in send
    r = adapter.send(request, **kwargs)
        ^^^^^^^^^^^^^^^^^^^^^^^^^^^^^^^
  File "/usr/local/lib/python3.12/dist-packages/requests/adapters.py", line 742, in send
    raise ReadTimeout(e, request=request)
requests.exceptions.ReadTimeout: HTTPSConnectionPool(host='connect.composio.dev', port=443): Read timed out. (read timeout=10)
2026-06-30 21:45:20,587 INFO === scribe_sync end ===
2026-06-30 21:45:24,403 INFO === scribe_sync start ===
2026-06-30 21:46:07,128 INFO MCP session initialized (id=d22785fe-2edd-481a-9bea-8200fd347b84)
2026-06-30 21:46:08,452 INFO === scribe_sync start ===
2026-06-30 21:46:08,481 INFO Found folder 'Kindle Scribe' (ID: 1C38JFsUTRYHHimqlQwpoRka0Zi1QJKq6)
2026-06-30 21:46:09,853 INFO Found 0 w-termine files in folder
2026-06-30 21:46:09,860 INFO No new w-termine files found
2026-06-30 21:46:09,868 INFO === scribe_sync end ===
2026-06-30 21:46:09,901 INFO MCP session initialized (id=1d3fb54b-3e3b-4191-a0e7-8e46f95f8ec3)
2026-06-30 21:46:11,200 INFO Found folder 'Kindle Scribe' (ID: 1C38JFsUTRYHHimqlQwpoRka0Zi1QJKq6)
2026-06-30 21:46:12,383 INFO Found 0 w-termine files in folder
2026-06-30 21:46:12,383 INFO No new w-termine files found
2026-06-30 21:46:12,386 INFO === scribe_sync end ===
2026-06-30 21:57:28,529 INFO === scribe_sync start ===
2026-06-30 21:57:30,220 INFO MCP session initialized (id=a560b379-a16f-4468-82cb-4346aa30105e)
2026-06-30 21:57:31,487 INFO Found folder 'Kindle Scribe' (ID: 1C38JFsUTRYHHimqlQwpoRka0Zi1QJKq6)
2026-06-30 21:57:32,810 INFO Found 0 w-termine files in folder
2026-06-30 21:57:32,823 INFO No new w-termine files found
2026-06-30 21:57:32,861 INFO === scribe_sync end ===
2026-06-30 21:57:49,175 INFO === scribe_sync start ===
2026-06-30 21:57:50,783 INFO MCP session initialized (id=48f8c472-ef4e-4b01-8509-7abc0c66bc26)
2026-06-30 21:57:51,978 INFO Found folder 'Kindle Scribe' (ID: 1C38JFsUTRYHHimqlQwpoRka0Zi1QJKq6)
2026-06-30 21:57:53,288 INFO Found 0 w-termine files in folder
2026-06-30 21:57:53,289 INFO No new w-termine files found
2026-06-30 21:57:53,293 INFO === scribe_sync end ===
2026-06-30 21:58:25,419 INFO === scribe_sync start ===
2026-06-30 21:58:26,589 INFO MCP session initialized (id=02c9da64-835e-4e25-b671-f4c602c92252)
2026-06-30 21:58:29,021 INFO Found folder 'Kindle Scribe' (ID: 1C38JFsUTRYHHimqlQwpoRka0Zi1QJKq6)
2026-06-30 21:58:30,211 INFO Found 0 w-termine files in folder
2026-06-30 21:58:30,214 INFO No new w-termine files found
2026-06-30 21:58:30,218 INFO === scribe_sync end ===
2026-06-30 22:01:43,177 INFO === scribe_sync start ===
2026-06-30 22:01:44,489 INFO MCP session initialized (id=1a3c51de-c77f-4105-940c-fb3df54fc187)
2026-06-30 22:01:45,825 INFO Found folder 'Kindle Scribe' (ID: 1C38JFsUTRYHHimqlQwpoRka0Zi1QJKq6)
2026-06-30 22:01:47,096 INFO Found 0 w-termine files in folder
2026-06-30 22:01:47,100 INFO No new w-termine files found
2026-06-30 22:01:47,106 INFO === scribe_sync end ===
2026-06-30 22:06:01,489 INFO === scribe_sync start ===
2026-06-30 22:06:03,273 INFO MCP session initialized (id=a6183184-8ed6-4b63-b54d-7377fc7816dc)
2026-06-30 22:06:04,529 INFO Found folder 'Kindle Scribe' (ID: 1C38JFsUTRYHHimqlQwpoRka0Zi1QJKq6)
2026-06-30 22:06:05,777 INFO Found 0 w-termine files in folder
2026-06-30 22:06:05,778 INFO No new w-termine files found
2026-06-30 22:06:05,780 INFO === scribe_sync end ===
2026-07-01 13:45:04,636 INFO === scribe_sync start ===
2026-07-01 13:45:06,061 INFO MCP session initialized (id=e8bde720-0e08-4978-acf6-70350acbd44b)
2026-07-01 13:45:06,232 INFO === scribe_sync start ===
2026-07-01 13:45:07,613 INFO MCP session initialized (id=f73d9303-3569-4cf7-b674-24661f8d9cc8)
2026-07-01 13:45:07,893 INFO Found folder 'Kindle Scribe' (ID: 1C38JFsUTRYHHimqlQwpoRka0Zi1QJKq6)
2026-07-01 13:45:09,308 INFO Found folder 'Kindle Scribe' (ID: 1C38JFsUTRYHHimqlQwpoRka0Zi1QJKq6)
2026-07-01 13:45:10,620 INFO Found 0 w-termine files in folder
2026-07-01 13:45:10,620 INFO No new w-termine files found
2026-07-01 13:45:10,622 INFO === scribe_sync end ===
2026-07-01 13:45:10,810 INFO Found 0 w-termine files in folder
2026-07-01 13:45:10,811 INFO No new w-termine files found
2026-07-01 13:45:10,813 INFO === scribe_sync end ===
2026-07-01 16:14:25,561 INFO === scribe_sync start ===
2026-07-01 16:14:27,053 INFO MCP session initialized (id=b364ec31-0cd2-4ad1-b94f-a1db72dde730)
2026-07-01 16:14:28,448 INFO Found folder 'Kindle Scribe' (ID: 1C38JFsUTRYHHimqlQwpoRka0Zi1QJKq6)
2026-07-01 16:14:28,478 INFO === scribe_sync start ===
2026-07-01 16:14:29,711 INFO MCP session initialized (id=4e054a03-906e-493d-8a28-d2bb242eb33d)
2026-07-01 16:14:29,968 INFO Found 0 w-termine files in folder
2026-07-01 16:14:29,968 INFO No new w-termine files found
2026-07-01 16:14:29,971 INFO === scribe_sync end ===
2026-07-01 16:14:31,468 INFO Found folder 'Kindle Scribe' (ID: 1C38JFsUTRYHHimqlQwpoRka0Zi1QJKq6)
2026-07-01 16:14:33,464 INFO Found 0 w-termine files in folder
2026-07-01 16:14:33,464 INFO No new w-termine files found
2026-07-01 16:14:33,466 INFO === scribe_sync end ===
2026-07-01 16:16:25,026 INFO === scribe_sync start ===
2026-07-01 16:16:26,432 INFO MCP session initialized (id=8b409287-a4cd-4999-bf7b-49052351fe68)
2026-07-01 16:16:27,833 INFO Found folder 'Kindle Scribe' (ID: 1C38JFsUTRYHHimqlQwpoRka0Zi1QJKq6)
2026-07-01 16:16:29,332 INFO Found 0 w-termine files in folder
2026-07-01 16:16:29,336 INFO No new w-termine files found
2026-07-01 16:16:29,340 INFO === scribe_sync end ===
2026-07-01 16:17:26,731 INFO === scribe_sync start ===
2026-07-01 16:17:28,371 INFO MCP session initialized (id=9fc43a32-5ac5-4d21-846c-7974a9b21b09)
2026-07-01 16:17:29,979 INFO Found folder 'Kindle Scribe' (ID: 1C38JFsUTRYHHimqlQwpoRka0Zi1QJKq6)
2026-07-01 16:17:30,459 INFO === scribe_sync start ===
2026-07-01 16:17:31,271 INFO === scribe_sync start ===
2026-07-01 16:17:31,557 INFO Found 0 w-termine files in folder
2026-07-01 16:17:31,557 INFO No new w-termine files found
2026-07-01 16:17:31,559 INFO === scribe_sync end ===
2026-07-01 16:17:31,663 INFO MCP session initialized (id=b3b30587-c5b5-44e8-9fd1-18cd331f47fb)
2026-07-01 16:17:32,730 INFO MCP session initialized (id=4ae6c56c-78e9-4392-b636-7d91559e9410)
2026-07-01 16:17:33,061 INFO Found folder 'Kindle Scribe' (ID: 1C38JFsUTRYHHimqlQwpoRka0Zi1QJKq6)
2026-07-01 16:17:35,231 INFO Found folder 'Kindle Scribe' (ID: 1C38JFsUTRYHHimqlQwpoRka0Zi1QJKq6)
2026-07-01 16:17:35,356 INFO Found 0 w-termine files in folder
2026-07-01 16:17:35,356 INFO No new w-termine files found
2026-07-01 16:17:35,361 INFO === scribe_sync end ===
2026-07-01 16:17:37,392 INFO Found 0 w-termine files in folder
2026-07-01 16:17:37,392 INFO No new w-termine files found
2026-07-01 16:17:37,395 INFO === scribe_sync end ===
2026-07-01 16:17:52,792 INFO === scribe_sync start ===
2026-07-01 16:17:54,035 INFO MCP session initialized (id=55df3fbc-8a19-4e19-9d43-8c0649cca6bd)
2026-07-01 16:17:56,172 INFO Found folder 'Kindle Scribe' (ID: 1C38JFsUTRYHHimqlQwpoRka0Zi1QJKq6)
2026-07-01 16:17:57,818 INFO Found 0 w-termine files in folder
2026-07-01 16:17:57,818 INFO No new w-termine files found
2026-07-01 16:17:57,823 INFO === scribe_sync end ===
2026-07-01 16:18:48,226 INFO === scribe_sync start ===
2026-07-01 16:18:49,504 INFO MCP session initialized (id=bf5d6b4e-ca6f-4bc8-8308-7fbbc3fc2a80)
2026-07-01 16:18:51,299 INFO Found folder 'Kindle Scribe' (ID: 1C38JFsUTRYHHimqlQwpoRka0Zi1QJKq6)
2026-07-01 16:18:53,142 INFO Found 0 w-termine files in folder
2026-07-01 16:18:53,144 INFO No new w-termine files found
2026-07-01 16:18:53,147 INFO === scribe_sync end ===
2026-07-01 16:22:00,732 INFO === scribe_sync start ===
2026-07-01 16:22:02,219 INFO MCP session initialized (id=09833064-b5be-4e20-9cf7-db591217ac24)
2026-07-01 16:22:03,565 INFO Found folder 'Kindle Scribe' (ID: 1C38JFsUTRYHHimqlQwpoRka0Zi1QJKq6)
2026-07-01 16:22:04,914 INFO Found 0 w-termine files in folder
2026-07-01 16:22:04,914 INFO No new w-termine files found
2026-07-01 16:22:04,918 INFO === scribe_sync end ===
2026-07-01 16:22:23,879 INFO === scribe_sync start ===
2026-07-01 16:22:25,384 INFO MCP session initialized (id=195b8645-8828-42bc-bd2c-40147fa60410)
2026-07-01 16:22:26,770 INFO Found folder 'Kindle Scribe' (ID: 1C38JFsUTRYHHimqlQwpoRka0Zi1QJKq6)
2026-07-01 16:22:28,419 INFO Found 0 w-termine files in folder
2026-07-01 16:22:28,419 INFO No new w-termine files found
2026-07-01 16:22:28,423 INFO === scribe_sync end ===
2026-07-01 18:18:26,726 INFO === scribe_sync start ===
2026-07-01 18:18:28,294 INFO MCP session initialized (id=3f00bd3a-691b-4224-9590-ea01ad81828e)
2026-07-01 18:18:30,457 INFO === scribe_sync start ===
2026-07-01 18:18:30,556 INFO Found folder 'Kindle Scribe' (ID: 1C38JFsUTRYHHimqlQwpoRka0Zi1QJKq6)
2026-07-01 18:18:31,767 INFO Found 0 w-termine files in folder
2026-07-01 18:18:31,767 INFO No new w-termine files found
2026-07-01 18:18:31,770 INFO === scribe_sync end ===
2026-07-01 18:18:32,228 INFO MCP session initialized (id=6336de25-77e0-4131-bb1b-7917e45231bf)
2026-07-01 18:18:34,059 INFO Found folder 'Kindle Scribe' (ID: 1C38JFsUTRYHHimqlQwpoRka0Zi1QJKq6)
2026-07-01 18:18:35,657 INFO Found 0 w-termine files in folder
2026-07-01 18:18:35,657 INFO No new w-termine files found
2026-07-01 18:18:35,659 INFO === scribe_sync end ===
2026-07-01 19:16:57,856 INFO === scribe_sync start ===
2026-07-01 19:16:59,472 INFO MCP session initialized (id=ad080f5f-393a-4e28-8b94-92c4a36ed7e7)
2026-07-01 19:17:00,582 INFO === scribe_sync start ===
2026-07-01 19:17:01,131 INFO === scribe_sync start ===
2026-07-01 19:17:01,453 INFO Found folder 'Kindle Scribe' (ID: 1C38JFsUTRYHHimqlQwpoRka0Zi1QJKq6)
2026-07-01 19:17:02,810 INFO MCP session initialized (id=6d8a3251-647d-4fe5-81f1-e62702703c36)
2026-07-01 19:17:03,474 INFO Found 0 w-termine files in folder
2026-07-01 19:17:03,474 INFO No new w-termine files found
2026-07-01 19:17:03,642 INFO MCP session initialized (id=0cdab4f4-a281-42df-8fe9-c6aa9effb3b4)
2026-07-01 19:17:03,643 INFO === scribe_sync end ===
2026-07-01 19:17:04,773 INFO Found folder 'Kindle Scribe' (ID: 1C38JFsUTRYHHimqlQwpoRka0Zi1QJKq6)
2026-07-01 19:17:05,789 INFO Found folder 'Kindle Scribe' (ID: 1C38JFsUTRYHHimqlQwpoRka0Zi1QJKq6)
2026-07-01 19:17:06,257 INFO Found 0 w-termine files in folder
2026-07-01 19:17:06,257 INFO No new w-termine files found
2026-07-01 19:17:06,274 INFO === scribe_sync end ===
2026-07-01 19:17:07,163 INFO Found 0 w-termine files in folder
2026-07-01 19:17:07,163 INFO No new w-termine files found
2026-07-01 19:17:07,177 INFO === scribe_sync end ===
2026-07-01 19:33:27,981 INFO === scribe_sync start ===
2026-07-01 19:33:29,316 INFO MCP session initialized (id=187c45fd-b1b9-43a8-8d6a-835811a5deb4)
2026-07-01 19:33:31,764 INFO Found folder 'Kindle Scribe' (ID: 1C38JFsUTRYHHimqlQwpoRka0Zi1QJKq6)
2026-07-01 19:33:33,545 INFO Found 0 w-termine files in folder
2026-07-01 19:33:33,546 INFO No new w-termine files found
2026-07-01 19:33:33,548 INFO === scribe_sync end ===
2026-07-01 19:39:04,141 INFO === scribe_sync start ===
2026-07-01 19:39:05,509 INFO MCP session initialized (id=5511768b-6dc4-46d2-9dd7-de46eb4edab9)
2026-07-01 19:39:07,046 INFO === scribe_sync start ===
2026-07-01 19:39:07,398 INFO Found folder 'Kindle Scribe' (ID: 1C38JFsUTRYHHimqlQwpoRka0Zi1QJKq6)
2026-07-01 19:39:08,571 INFO MCP session initialized (id=dcf6dba6-4939-48b4-92e1-0750afe67762)
2026-07-01 19:39:08,870 INFO Found 0 w-termine files in folder
2026-07-01 19:39:08,871 INFO No new w-termine files found
2026-07-01 19:39:08,873 INFO === scribe_sync end ===
2026-07-01 19:39:09,869 INFO Found folder 'Kindle Scribe' (ID: 1C38JFsUTRYHHimqlQwpoRka0Zi1QJKq6)
2026-07-01 19:39:09,929 INFO === scribe_sync start ===
2026-07-01 19:39:11,129 INFO Found 0 w-termine files in folder
2026-07-01 19:39:11,130 INFO No new w-termine files found
2026-07-01 19:39:11,139 INFO === scribe_sync end ===
2026-07-01 19:39:11,222 INFO MCP session initialized (id=6b531a54-5d93-4976-ac8a-cf4b568cd08e)
2026-07-01 19:39:12,456 INFO Found folder 'Kindle Scribe' (ID: 1C38JFsUTRYHHimqlQwpoRka0Zi1QJKq6)
2026-07-01 19:39:14,133 INFO Found 0 w-termine files in folder
2026-07-01 19:39:14,133 INFO No new w-termine files found
2026-07-01 19:39:14,138 INFO === scribe_sync end ===
2026-07-01 19:40:04,734 INFO === scribe_sync start ===
2026-07-01 19:40:06,201 INFO MCP session initialized (id=c53d4fdd-82a6-4bbb-97b2-80e7c781e0e8)
2026-07-01 19:40:07,555 INFO Found folder 'Kindle Scribe' (ID: 1C38JFsUTRYHHimqlQwpoRka0Zi1QJKq6)
2026-07-01 19:40:09,024 INFO Found 0 w-termine files in folder
2026-07-01 19:40:09,025 INFO No new w-termine files found
2026-07-01 19:40:09,027 INFO === scribe_sync end ===
2026-07-01 20:11:03,930 INFO === scribe_sync start ===
2026-07-01 20:11:05,243 INFO MCP session initialized (id=1a3984cf-df54-47aa-9aeb-c972b630cb68)
2026-07-01 20:11:06,723 INFO Found folder 'Kindle Scribe' (ID: 1C38JFsUTRYHHimqlQwpoRka0Zi1QJKq6)
2026-07-01 20:11:06,744 INFO === scribe_sync start ===
2026-07-01 20:11:06,869 INFO === scribe_sync start ===
2026-07-01 20:11:08,097 INFO MCP session initialized (id=44b457c4-826b-4a0c-ae1e-b100177229ab)
2026-07-01 20:11:08,173 INFO MCP session initialized (id=9e5773ae-45b1-4bb3-ab37-3a8c79db1a38)
2026-07-01 20:11:09,690 INFO Found folder 'Kindle Scribe' (ID: 1C38JFsUTRYHHimqlQwpoRka0Zi1QJKq6)
2026-07-01 20:11:10,944 INFO Found folder 'Kindle Scribe' (ID: 1C38JFsUTRYHHimqlQwpoRka0Zi1QJKq6)
2026-07-01 20:11:11,002 INFO Found 0 w-termine files in folder
2026-07-01 20:11:11,002 INFO No new w-termine files found
2026-07-01 20:11:11,005 INFO === scribe_sync end ===
2026-07-01 20:11:11,205 INFO Found 0 w-termine files in folder
2026-07-01 20:11:11,205 INFO No new w-termine files found
2026-07-01 20:11:11,208 INFO === scribe_sync end ===
2026-07-01 20:11:13,235 INFO Found 0 w-termine files in folder
2026-07-01 20:11:13,235 INFO No new w-termine files found
2026-07-01 20:11:13,248 INFO === scribe_sync end ===
2026-07-01 20:12:39,373 INFO === scribe_sync start ===
2026-07-01 20:12:40,593 INFO MCP session initialized (id=37b58a3d-d818-47b9-b455-9f9d814443d2)
2026-07-01 20:12:41,996 INFO Found folder 'Kindle Scribe' (ID: 1C38JFsUTRYHHimqlQwpoRka0Zi1QJKq6)
2026-07-01 20:12:43,201 INFO Found 0 w-termine files in folder
2026-07-01 20:12:43,201 INFO No new w-termine files found
2026-07-01 20:12:43,203 INFO === scribe_sync end ===
2026-07-01 21:23:39,234 INFO === scribe_sync start ===
2026-07-01 21:23:41,010 INFO MCP session initialized (id=d6f5ccbc-b328-42ec-8c40-3da7066977ae)
2026-07-01 21:23:42,145 INFO === scribe_sync start ===
2026-07-01 21:23:42,864 INFO Found folder 'Kindle Scribe' (ID: 1C38JFsUTRYHHimqlQwpoRka0Zi1QJKq6)
2026-07-01 21:23:43,428 INFO MCP session initialized (id=cf90fd6d-f5da-432d-8f8f-252742085b79)
2026-07-01 21:23:44,572 INFO Found 0 w-termine files in folder
2026-07-01 21:23:44,580 INFO No new w-termine files found
2026-07-01 21:23:44,586 INFO === scribe_sync end ===
2026-07-01 21:23:45,083 INFO Found folder 'Kindle Scribe' (ID: 1C38JFsUTRYHHimqlQwpoRka0Zi1QJKq6)
2026-07-01 21:23:46,776 INFO Found 0 w-termine files in folder
2026-07-01 21:23:46,777 INFO No new w-termine files found
2026-07-01 21:23:46,781 INFO === scribe_sync end ===
2026-07-01 21:23:48,207 INFO === scribe_sync start ===
2026-07-01 21:23:49,431 INFO MCP session initialized (id=eb8648c8-0622-402a-ac3f-9ace09405c49)
2026-07-01 21:23:51,580 INFO Found folder 'Kindle Scribe' (ID: 1C38JFsUTRYHHimqlQwpoRka0Zi1QJKq6)
2026-07-01 21:23:52,947 INFO Found 0 w-termine files in folder
2026-07-01 21:23:52,948 INFO No new w-termine files found
2026-07-01 21:23:52,953 INFO === scribe_sync end ===
2026-07-01 21:41:53,925 INFO === scribe_sync start ===
2026-07-01 21:41:55,127 INFO MCP session initialized (id=ab223d14-3203-4cb5-88bb-58852c0caf47)
2026-07-01 21:41:56,513 INFO Found folder 'Kindle Scribe' (ID: 1C38JFsUTRYHHimqlQwpoRka0Zi1QJKq6)
2026-07-01 21:41:58,272 INFO Found 0 w-termine files in folder
2026-07-01 21:41:58,272 INFO No new w-termine files found
2026-07-01 21:41:58,275 INFO === scribe_sync end ===
2026-07-02 09:08:52,056 INFO === scribe_sync start ===
2026-07-02 09:08:53,368 INFO MCP session initialized (id=dd16c7fb-6200-4643-af1f-dfd09a25dd57)
2026-07-02 09:08:54,761 INFO Found folder 'Kindle Scribe' (ID: 1C38JFsUTRYHHimqlQwpoRka0Zi1QJKq6)
2026-07-02 09:08:56,213 INFO Found 0 w-termine files in folder
2026-07-02 09:08:56,214 INFO No new w-termine files found
2026-07-02 09:08:56,218 INFO === scribe_sync end ===
2026-07-02 09:50:01,876 INFO === scribe_sync start ===
2026-07-02 09:50:03,267 INFO MCP session initialized (id=f093ad32-52d9-4402-984a-7ce760957484)
2026-07-02 09:50:04,755 INFO Found folder 'Kindle Scribe' (ID: 1C38JFsUTRYHHimqlQwpoRka0Zi1QJKq6)
2026-07-02 09:50:07,292 INFO Found 0 w-termine files in folder
2026-07-02 09:50:07,293 INFO No new w-termine files found
2026-07-02 09:50:07,296 INFO === scribe_sync end ===
2026-07-02 10:00:02,450 INFO === scribe_sync start ===
2026-07-02 10:00:05,075 INFO MCP session initialized (id=82256669-eedf-4ae1-a2a9-00e96f7818f9)
2026-07-02 10:00:06,474 INFO Found folder 'Kindle Scribe' (ID: 1C38JFsUTRYHHimqlQwpoRka0Zi1QJKq6)
2026-07-02 10:00:07,945 INFO Found 0 w-termine files in folder
2026-07-02 10:00:07,945 INFO No new w-termine files found
2026-07-02 10:00:07,947 INFO === scribe_sync end ===
2026-07-02 10:10:02,332 INFO === scribe_sync start ===
2026-07-02 10:10:03,688 INFO MCP session initialized (id=11ff23d9-4983-48ca-b208-841043ac00c8)
2026-07-02 10:10:05,096 INFO Found folder 'Kindle Scribe' (ID: 1C38JFsUTRYHHimqlQwpoRka0Zi1QJKq6)
2026-07-02 10:10:06,625 INFO Found 0 w-termine files in folder
2026-07-02 10:10:06,626 INFO No new w-termine files found
2026-07-02 10:10:06,628 INFO === scribe_sync end ===
2026-07-02 10:20:01,266 INFO === scribe_sync start ===
2026-07-02 10:20:02,828 INFO MCP session initialized (id=c22d24fc-f66e-4f4e-9558-311520a09e1d)
2026-07-02 10:20:05,083 INFO Found folder 'Kindle Scribe' (ID: 1C38JFsUTRYHHimqlQwpoRka0Zi1QJKq6)
2026-07-02 10:20:06,790 INFO Found 0 w-termine files in folder
2026-07-02 10:20:06,791 INFO No new w-termine files found
2026-07-02 10:20:06,793 INFO === scribe_sync end ===
2026-07-02 10:30:01,735 INFO === scribe_sync start ===
2026-07-02 10:30:03,798 INFO MCP session initialized (id=86238d47-b735-47e5-8df8-9f7531ad95ca)
2026-07-02 10:30:05,164 INFO Found folder 'Kindle Scribe' (ID: 1C38JFsUTRYHHimqlQwpoRka0Zi1QJKq6)
2026-07-02 10:30:06,750 INFO Found 0 w-termine files in folder
2026-07-02 10:30:06,751 INFO No new w-termine files found
2026-07-02 10:30:06,759 INFO === scribe_sync end ===
2026-07-02 10:40:01,504 INFO === scribe_sync start ===
2026-07-02 10:40:03,360 INFO MCP session initialized (id=3a265fe4-f9f6-483b-9321-9a18ec163fd2)
2026-07-02 10:40:05,359 INFO Found folder 'Kindle Scribe' (ID: 1C38JFsUTRYHHimqlQwpoRka0Zi1QJKq6)
2026-07-02 10:40:06,792 INFO Found 0 w-termine files in folder
2026-07-02 10:40:06,794 INFO No new w-termine files found
2026-07-02 10:40:06,812 INFO === scribe_sync end ===
2026-07-02 10:50:01,581 INFO === scribe_sync start ===
2026-07-02 10:50:03,411 INFO MCP session initialized (id=fa2e9f7c-150c-48db-bc26-36f92465b7a9)
2026-07-02 10:50:04,979 INFO Found folder 'Kindle Scribe' (ID: 1C38JFsUTRYHHimqlQwpoRka0Zi1QJKq6)
2026-07-02 10:50:06,346 INFO Found 0 w-termine files in folder
2026-07-02 10:50:06,348 INFO No new w-termine files found
2026-07-02 10:50:06,354 INFO === scribe_sync end ===
2026-07-02 11:00:01,780 INFO === scribe_sync start ===
2026-07-02 11:00:04,207 INFO MCP session initialized (id=40f692d1-1f4e-4c5e-bd7b-58703fcde355)
2026-07-02 11:00:05,812 INFO Found folder 'Kindle Scribe' (ID: 1C38JFsUTRYHHimqlQwpoRka0Zi1QJKq6)
2026-07-02 11:00:07,500 INFO Found 0 w-termine files in folder
2026-07-02 11:00:07,500 INFO No new w-termine files found
2026-07-02 11:00:07,502 INFO === scribe_sync end ===
2026-07-02 11:10:02,517 INFO === scribe_sync start ===
2026-07-02 11:10:03,915 INFO MCP session initialized (id=15cbd675-5c66-4d04-84b4-112f6e9c5a4c)
2026-07-02 11:10:06,052 INFO Found folder 'Kindle Scribe' (ID: 1C38JFsUTRYHHimqlQwpoRka0Zi1QJKq6)
2026-07-02 11:10:10,112 INFO Found 0 w-termine files in folder
2026-07-02 11:10:10,113 INFO No new w-termine files found
2026-07-02 11:10:10,117 INFO === scribe_sync end ===
2026-07-02 11:20:02,227 INFO === scribe_sync start ===
2026-07-02 11:20:04,022 INFO MCP session initialized (id=29c4affb-8334-45c4-af1d-72c351bfa555)
2026-07-02 11:20:05,714 INFO Found folder 'Kindle Scribe' (ID: 1C38JFsUTRYHHimqlQwpoRka0Zi1QJKq6)
2026-07-02 11:20:07,533 INFO Found 0 w-termine files in folder
2026-07-02 11:20:07,534 INFO No new w-termine files found
2026-07-02 11:20:07,541 INFO === scribe_sync end ===
2026-07-02 11:30:01,976 INFO === scribe_sync start ===
2026-07-02 11:30:03,898 INFO MCP session initialized (id=9292d42b-7502-44f6-92f0-9fbd5b44dc8f)
2026-07-02 11:30:05,257 INFO Found folder 'Kindle Scribe' (ID: 1C38JFsUTRYHHimqlQwpoRka0Zi1QJKq6)
2026-07-02 11:30:06,780 INFO Found 0 w-termine files in folder
2026-07-02 11:30:06,785 INFO No new w-termine files found
2026-07-02 11:30:06,788 INFO === scribe_sync end ===
2026-07-02 11:40:01,623 INFO === scribe_sync start ===
2026-07-02 11:40:03,113 INFO MCP session initialized (id=3eb10fde-88aa-459e-9d63-8e370746f897)
2026-07-02 11:40:04,763 INFO Found folder 'Kindle Scribe' (ID: 1C38JFsUTRYHHimqlQwpoRka0Zi1QJKq6)
2026-07-02 11:40:06,166 INFO Found 0 w-termine files in folder
2026-07-02 11:40:06,166 INFO No new w-termine files found
2026-07-02 11:40:06,169 INFO === scribe_sync end ===
2026-07-02 11:50:01,785 INFO === scribe_sync start ===
2026-07-02 11:50:03,316 INFO MCP session initialized (id=87cce7f6-6972-453a-9201-815700381418)
2026-07-02 11:50:04,669 INFO Found folder 'Kindle Scribe' (ID: 1C38JFsUTRYHHimqlQwpoRka0Zi1QJKq6)
2026-07-02 11:50:07,648 INFO Found 0 w-termine files in folder
2026-07-02 11:50:07,649 INFO No new w-termine files found
2026-07-02 11:50:07,651 INFO === scribe_sync end ===
2026-07-02 12:00:01,310 INFO === scribe_sync start ===
2026-07-02 12:00:07,669 INFO MCP session initialized (id=d01577c6-5ab8-47e5-9cd3-b37d6c545d71)
2026-07-02 12:00:09,097 INFO Found folder 'Kindle Scribe' (ID: 1C38JFsUTRYHHimqlQwpoRka0Zi1QJKq6)
2026-07-02 12:00:14,171 INFO Found 0 w-termine files in folder
2026-07-02 12:00:14,171 INFO No new w-termine files found
2026-07-02 12:00:14,173 INFO === scribe_sync end ===
2026-07-02 12:10:02,053 INFO === scribe_sync start ===
2026-07-02 12:10:03,742 INFO MCP session initialized (id=76b9926d-d12b-4a7b-bcc5-ac5101ad1d88)
2026-07-02 12:10:05,121 INFO Found folder 'Kindle Scribe' (ID: 1C38JFsUTRYHHimqlQwpoRka0Zi1QJKq6)
2026-07-02 12:10:06,881 INFO Found 0 w-termine files in folder
2026-07-02 12:10:06,881 INFO No new w-termine files found
2026-07-02 12:10:06,883 INFO === scribe_sync end ===
2026-07-02 12:20:01,688 INFO === scribe_sync start ===
2026-07-02 12:20:14,597 INFO MCP session initialized (id=c3c37e1d-f35b-4713-8d69-12ecef171d37)
2026-07-02 12:20:15,994 INFO Found folder 'Kindle Scribe' (ID: 1C38JFsUTRYHHimqlQwpoRka0Zi1QJKq6)
2026-07-02 12:20:17,578 INFO Found 0 w-termine files in folder
2026-07-02 12:20:17,579 INFO No new w-termine files found
2026-07-02 12:20:17,585 INFO === scribe_sync end ===
2026-07-02 12:30:01,807 INFO === scribe_sync start ===
2026-07-02 12:30:08,247 INFO MCP session initialized (id=3b5789c7-cddb-42a1-a339-83f1247155f8)
2026-07-02 12:30:09,623 INFO Found folder 'Kindle Scribe' (ID: 1C38JFsUTRYHHimqlQwpoRka0Zi1QJKq6)
2026-07-02 12:30:10,946 INFO Found 0 w-termine files in folder
2026-07-02 12:30:10,946 INFO No new w-termine files found
2026-07-02 12:30:10,949 INFO === scribe_sync end ===
2026-07-02 12:40:01,928 INFO === scribe_sync start ===
2026-07-02 12:40:03,463 INFO MCP session initialized (id=3d607814-e72e-4be3-85f9-1a5c216240fd)
2026-07-02 12:40:05,663 INFO Found folder 'Kindle Scribe' (ID: 1C38JFsUTRYHHimqlQwpoRka0Zi1QJKq6)
2026-07-02 12:40:07,208 INFO Found 0 w-termine files in folder
2026-07-02 12:40:07,209 INFO No new w-termine files found
2026-07-02 12:40:07,210 INFO === scribe_sync end ===
2026-07-02 12:50:01,785 INFO === scribe_sync start ===
2026-07-02 12:50:03,488 INFO MCP session initialized (id=14a6de06-4d15-4805-b380-9ed21f272ee0)
2026-07-02 12:50:05,517 INFO Found folder 'Kindle Scribe' (ID: 1C38JFsUTRYHHimqlQwpoRka0Zi1QJKq6)
2026-07-02 12:50:06,756 INFO Found 0 w-termine files in folder
2026-07-02 12:50:06,756 INFO No new w-termine files found
2026-07-02 12:50:06,758 INFO === scribe_sync end ===
2026-07-02 13:00:02,075 INFO === scribe_sync start ===
2026-07-02 13:00:04,185 INFO MCP session initialized (id=2dfba790-f34a-40c3-a376-581bd04d8b78)
2026-07-02 13:00:06,532 INFO Found folder 'Kindle Scribe' (ID: 1C38JFsUTRYHHimqlQwpoRka0Zi1QJKq6)
2026-07-02 13:00:07,966 INFO Found 0 w-termine files in folder
2026-07-02 13:00:07,966 INFO No new w-termine files found
2026-07-02 13:00:07,968 INFO === scribe_sync end ===
2026-07-02 13:10:01,205 INFO === scribe_sync start ===
2026-07-02 13:10:02,833 INFO MCP session initialized (id=f4aef908-3b99-4016-a0a9-a3e42433726b)
2026-07-02 13:10:04,584 INFO Found folder 'Kindle Scribe' (ID: 1C38JFsUTRYHHimqlQwpoRka0Zi1QJKq6)
2026-07-02 13:10:06,302 INFO Found 0 w-termine files in folder
2026-07-02 13:10:06,302 INFO No new w-termine files found
2026-07-02 13:10:06,305 INFO === scribe_sync end ===
2026-07-02 13:20:01,925 INFO === scribe_sync start ===
2026-07-02 13:20:04,940 INFO MCP session initialized (id=afbf9e5f-5cd6-4231-b169-0933ed8f10a5)
2026-07-02 13:20:07,136 INFO Found folder 'Kindle Scribe' (ID: 1C38JFsUTRYHHimqlQwpoRka0Zi1QJKq6)
2026-07-02 13:20:09,291 INFO Found 0 w-termine files in folder
2026-07-02 13:20:09,291 INFO No new w-termine files found
2026-07-02 13:20:09,293 INFO === scribe_sync end ===
2026-07-02 13:30:02,134 INFO === scribe_sync start ===
2026-07-02 13:30:04,485 INFO MCP session initialized (id=5782679c-7087-4c41-a14c-4428f9ba24ef)
2026-07-02 13:30:06,993 INFO Found folder 'Kindle Scribe' (ID: 1C38JFsUTRYHHimqlQwpoRka0Zi1QJKq6)
2026-07-02 13:30:08,502 INFO Found 0 w-termine files in folder
2026-07-02 13:30:08,502 INFO No new w-termine files found
2026-07-02 13:30:08,544 INFO === scribe_sync end ===
2026-07-02 13:40:01,561 INFO === scribe_sync start ===
2026-07-02 13:40:03,921 INFO MCP session initialized (id=225a002f-db0e-4477-a2da-92c06e931835)
2026-07-02 13:40:05,243 INFO Found folder 'Kindle Scribe' (ID: 1C38JFsUTRYHHimqlQwpoRka0Zi1QJKq6)
2026-07-02 13:40:07,141 INFO Found 0 w-termine files in folder
2026-07-02 13:40:07,142 INFO No new w-termine files found
2026-07-02 13:40:07,230 INFO === scribe_sync end ===
2026-07-02 13:50:02,128 INFO === scribe_sync start ===
2026-07-02 13:50:04,419 INFO MCP session initialized (id=7d174a17-492b-4bc8-8c6e-0f2b3fa538ed)
2026-07-02 13:50:06,031 INFO Found folder 'Kindle Scribe' (ID: 1C38JFsUTRYHHimqlQwpoRka0Zi1QJKq6)
2026-07-02 13:50:07,833 INFO Found 0 w-termine files in folder
2026-07-02 13:50:07,833 INFO No new w-termine files found
2026-07-02 13:50:07,835 INFO === scribe_sync end ===
2026-07-02 14:00:01,991 INFO === scribe_sync start ===
2026-07-02 14:00:09,334 INFO MCP session initialized (id=3a784612-625b-41cf-8b26-7f37536e48ca)
2026-07-02 14:00:10,935 INFO Found folder 'Kindle Scribe' (ID: 1C38JFsUTRYHHimqlQwpoRka0Zi1QJKq6)
2026-07-02 14:00:12,487 INFO Found 0 w-termine files in folder
2026-07-02 14:00:12,488 INFO No new w-termine files found
2026-07-02 14:00:12,495 INFO === scribe_sync end ===
2026-07-02 14:10:01,688 INFO === scribe_sync start ===
2026-07-02 14:10:03,837 INFO MCP session initialized (id=8c2f1663-547c-44ef-8b9c-3716fccf4865)
2026-07-02 14:10:05,691 INFO Found folder 'Kindle Scribe' (ID: 1C38JFsUTRYHHimqlQwpoRka0Zi1QJKq6)
2026-07-02 14:10:07,210 INFO Found 0 w-termine files in folder
2026-07-02 14:10:07,211 INFO No new w-termine files found
2026-07-02 14:10:07,214 INFO === scribe_sync end ===
2026-07-02 14:20:01,764 INFO === scribe_sync start ===
2026-07-02 14:20:03,486 INFO MCP session initialized (id=19ecb91c-60b6-4cfd-8ba6-6d10f7dc775a)
2026-07-02 14:20:07,575 INFO Found folder 'Kindle Scribe' (ID: 1C38JFsUTRYHHimqlQwpoRka0Zi1QJKq6)
2026-07-02 14:20:09,965 INFO Found 0 w-termine files in folder
2026-07-02 14:20:09,965 INFO No new w-termine files found
2026-07-02 14:20:09,967 INFO === scribe_sync end ===
2026-07-02 14:30:01,675 INFO === scribe_sync start ===
2026-07-02 14:30:09,615 INFO MCP session initialized (id=0b630e4c-8952-44ba-a4b8-4086de8ffa80)
2026-07-02 14:30:11,421 INFO Found folder 'Kindle Scribe' (ID: 1C38JFsUTRYHHimqlQwpoRka0Zi1QJKq6)
2026-07-02 14:30:13,359 INFO Found 0 w-termine files in folder
2026-07-02 14:30:13,361 INFO No new w-termine files found
2026-07-02 14:30:13,375 INFO === scribe_sync end ===
2026-07-02 14:40:01,666 INFO === scribe_sync start ===
2026-07-02 14:40:03,366 INFO MCP session initialized (id=2a64e29a-0736-41bc-bd3a-05a15e225671)
2026-07-02 14:40:05,474 INFO Found folder 'Kindle Scribe' (ID: 1C38JFsUTRYHHimqlQwpoRka0Zi1QJKq6)
2026-07-02 14:40:06,942 INFO Found 0 w-termine files in folder
2026-07-02 14:40:06,942 INFO No new w-termine files found
2026-07-02 14:40:06,955 INFO === scribe_sync end ===
2026-07-02 14:50:01,936 INFO === scribe_sync start ===
2026-07-02 14:50:03,432 INFO MCP session initialized (id=dce25230-f437-4e5f-bf7e-3df52d082b44)
2026-07-02 14:50:07,046 INFO Found folder 'Kindle Scribe' (ID: 1C38JFsUTRYHHimqlQwpoRka0Zi1QJKq6)
2026-07-02 14:50:08,366 INFO Found 0 w-termine files in folder
2026-07-02 14:50:08,366 INFO No new w-termine files found
2026-07-02 14:50:08,368 INFO === scribe_sync end ===
2026-07-02 15:00:02,039 INFO === scribe_sync start ===
2026-07-02 15:00:08,924 INFO MCP session initialized (id=204439d1-64e0-4594-a0c4-3fd3fc61fe48)
2026-07-02 15:00:12,303 INFO Found folder 'Kindle Scribe' (ID: 1C38JFsUTRYHHimqlQwpoRka0Zi1QJKq6)
2026-07-02 15:00:13,814 INFO Found 0 w-termine files in folder
2026-07-02 15:00:13,815 INFO No new w-termine files found
2026-07-02 15:00:13,818 INFO === scribe_sync end ===
2026-07-02 15:10:01,270 INFO === scribe_sync start ===
2026-07-02 15:10:03,118 INFO MCP session initialized (id=c7867c0d-8522-42be-a051-3cd468922142)
2026-07-02 15:10:04,677 INFO Found folder 'Kindle Scribe' (ID: 1C38JFsUTRYHHimqlQwpoRka0Zi1QJKq6)
2026-07-02 15:10:06,326 INFO Found 0 w-termine files in folder
2026-07-02 15:10:06,328 INFO No new w-termine files found
2026-07-02 15:10:06,332 INFO === scribe_sync end ===
2026-07-02 15:20:02,304 INFO === scribe_sync start ===
2026-07-02 15:20:03,710 INFO MCP session initialized (id=0dd1dfee-21e4-4770-a80e-6df8e5d2c9f3)
2026-07-02 15:20:05,602 INFO Found folder 'Kindle Scribe' (ID: 1C38JFsUTRYHHimqlQwpoRka0Zi1QJKq6)
2026-07-02 15:20:07,500 INFO Found 0 w-termine files in folder
2026-07-02 15:20:07,500 INFO No new w-termine files found
2026-07-02 15:20:07,502 INFO === scribe_sync end ===
2026-07-02 15:30:01,809 INFO === scribe_sync start ===
2026-07-02 15:30:03,659 INFO MCP session initialized (id=9d43880d-7cb4-4534-ac07-d40f34401879)
2026-07-02 15:30:05,681 INFO Found folder 'Kindle Scribe' (ID: 1C38JFsUTRYHHimqlQwpoRka0Zi1QJKq6)
2026-07-02 15:30:10,311 INFO Found 0 w-termine files in folder
2026-07-02 15:30:10,314 INFO No new w-termine files found
2026-07-02 15:30:10,318 INFO === scribe_sync end ===
2026-07-02 15:40:01,386 INFO === scribe_sync start ===
2026-07-02 15:40:03,430 INFO MCP session initialized (id=8607584e-0f1b-46f3-a87a-7875122b8b4e)
2026-07-02 15:40:05,702 INFO Found folder 'Kindle Scribe' (ID: 1C38JFsUTRYHHimqlQwpoRka0Zi1QJKq6)
2026-07-02 15:40:07,362 INFO Found 0 w-termine files in folder
2026-07-02 15:40:07,362 INFO No new w-termine files found
2026-07-02 15:40:07,364 INFO === scribe_sync end ===
2026-07-02 15:50:01,856 INFO === scribe_sync start ===
2026-07-02 15:50:03,426 INFO MCP session initialized (id=3119a1ff-6322-4304-8511-4968c8f6b3c5)
2026-07-02 15:50:05,374 INFO Found folder 'Kindle Scribe' (ID: 1C38JFsUTRYHHimqlQwpoRka0Zi1QJKq6)
2026-07-02 15:50:07,051 INFO Found 0 w-termine files in folder
2026-07-02 15:50:07,051 INFO No new w-termine files found
2026-07-02 15:50:07,053 INFO === scribe_sync end ===
2026-07-02 16:00:02,240 INFO === scribe_sync start ===
2026-07-02 16:00:04,465 INFO MCP session initialized (id=ac16434a-2c27-47cb-ad1a-36e5853bf2ba)
2026-07-02 16:00:07,071 INFO Found folder 'Kindle Scribe' (ID: 1C38JFsUTRYHHimqlQwpoRka0Zi1QJKq6)
2026-07-02 16:00:13,079 INFO Found 0 w-termine files in folder
2026-07-02 16:00:13,079 INFO No new w-termine files found
2026-07-02 16:00:13,083 INFO === scribe_sync end ===
2026-07-02 16:10:01,773 INFO === scribe_sync start ===
2026-07-02 16:10:03,642 INFO MCP session initialized (id=c3e7de12-89f3-45b3-a138-e72903d2aff5)
2026-07-02 16:10:06,580 INFO Found folder 'Kindle Scribe' (ID: 1C38JFsUTRYHHimqlQwpoRka0Zi1QJKq6)
2026-07-02 16:10:09,169 INFO Found 0 w-termine files in folder
2026-07-02 16:10:09,169 INFO No new w-termine files found
2026-07-02 16:10:09,171 INFO === scribe_sync end ===
2026-07-02 16:20:01,958 INFO === scribe_sync start ===
2026-07-02 16:20:03,796 INFO MCP session initialized (id=fb91704b-aa36-4496-bf99-124559de5f7d)
2026-07-02 16:20:05,526 INFO Found folder 'Kindle Scribe' (ID: 1C38JFsUTRYHHimqlQwpoRka0Zi1QJKq6)
2026-07-02 16:20:07,509 INFO Found 0 w-termine files in folder
2026-07-02 16:20:07,509 INFO No new w-termine files found
2026-07-02 16:20:07,511 INFO === scribe_sync end ===
2026-07-02 16:30:01,464 INFO === scribe_sync start ===
2026-07-02 16:30:07,319 INFO MCP session initialized (id=86aa6e02-583d-474c-87bf-3cf998254b9a)
2026-07-02 16:30:12,164 INFO Found folder 'Kindle Scribe' (ID: 1C38JFsUTRYHHimqlQwpoRka0Zi1QJKq6)
2026-07-02 16:30:13,966 INFO Found 0 w-termine files in folder
2026-07-02 16:30:13,968 INFO No new w-termine files found
2026-07-02 16:30:13,985 INFO === scribe_sync end ===
2026-07-02 16:40:01,842 INFO === scribe_sync start ===
2026-07-02 16:40:03,288 INFO MCP session initialized (id=4b8dd767-6232-4c47-b68b-505ebf0d68b9)
2026-07-02 16:40:04,945 INFO Found folder 'Kindle Scribe' (ID: 1C38JFsUTRYHHimqlQwpoRka0Zi1QJKq6)
2026-07-02 16:40:06,193 INFO Found 0 w-termine files in folder
2026-07-02 16:40:06,193 INFO No new w-termine files found
2026-07-02 16:40:06,200 INFO === scribe_sync end ===
2026-07-02 16:50:02,036 INFO === scribe_sync start ===
2026-07-02 16:50:03,577 INFO MCP session initialized (id=28656be1-74fc-4471-a885-729d1f1af0f4)
2026-07-02 16:50:04,944 INFO Found folder 'Kindle Scribe' (ID: 1C38JFsUTRYHHimqlQwpoRka0Zi1QJKq6)
2026-07-02 16:50:06,403 INFO Found 0 w-termine files in folder
2026-07-02 16:50:06,403 INFO No new w-termine files found
2026-07-02 16:50:06,405 INFO === scribe_sync end ===
2026-07-02 17:00:01,971 INFO === scribe_sync start ===
2026-07-02 17:00:10,365 INFO MCP session initialized (id=85b3a28a-82ec-43fc-84d1-b8c96322ced9)
2026-07-02 17:00:11,887 INFO Found folder 'Kindle Scribe' (ID: 1C38JFsUTRYHHimqlQwpoRka0Zi1QJKq6)
2026-07-02 17:00:13,321 INFO Found 0 w-termine files in folder
2026-07-02 17:00:13,322 INFO No new w-termine files found
2026-07-02 17:00:13,327 INFO === scribe_sync end ===
2026-07-02 17:10:01,871 INFO === scribe_sync start ===
2026-07-02 17:10:03,809 INFO MCP session initialized (id=9acc5a16-753a-4563-a990-f599cbe86789)
2026-07-02 17:10:06,269 INFO Found folder 'Kindle Scribe' (ID: 1C38JFsUTRYHHimqlQwpoRka0Zi1QJKq6)
2026-07-02 17:10:08,061 INFO Found 0 w-termine files in folder
2026-07-02 17:10:08,062 INFO No new w-termine files found
2026-07-02 17:10:08,065 INFO === scribe_sync end ===
2026-07-02 17:20:02,382 INFO === scribe_sync start ===
2026-07-02 17:20:04,361 INFO MCP session initialized (id=b52f3323-d152-4ee3-94b1-901b27963117)
2026-07-02 17:20:06,399 INFO Found folder 'Kindle Scribe' (ID: 1C38JFsUTRYHHimqlQwpoRka0Zi1QJKq6)
2026-07-02 17:20:07,728 INFO Found 0 w-termine files in folder
2026-07-02 17:20:07,728 INFO No new w-termine files found
2026-07-02 17:20:07,730 INFO === scribe_sync end ===
2026-07-02 17:26:44,670 INFO === scribe_sync start ===
2026-07-02 17:26:46,009 INFO MCP session initialized (id=11d0c40d-107b-4e45-96f3-7bc2fe6482d5)
2026-07-02 17:26:47,569 INFO === scribe_sync start ===
2026-07-02 17:26:47,770 INFO Found folder 'Kindle Scribe' (ID: 1C38JFsUTRYHHimqlQwpoRka0Zi1QJKq6)
2026-07-02 17:26:48,803 INFO MCP session initialized (id=61623873-82de-4a6d-be03-a80d24f45045)
2026-07-02 17:26:49,059 INFO Found 0 w-termine files in folder
2026-07-02 17:26:49,060 INFO No new w-termine files found
2026-07-02 17:26:49,062 INFO === scribe_sync end ===
2026-07-02 17:26:50,480 INFO Found folder 'Kindle Scribe' (ID: 1C38JFsUTRYHHimqlQwpoRka0Zi1QJKq6)
2026-07-02 17:26:52,075 INFO Found 0 w-termine files in folder
2026-07-02 17:26:52,076 INFO No new w-termine files found
2026-07-02 17:26:52,078 INFO === scribe_sync end ===
2026-07-02 17:27:05,552 INFO === scribe_sync start ===
2026-07-02 17:27:06,765 INFO MCP session initialized (id=0b3204f4-a7c8-42e0-9b37-d6fa0061221e)
2026-07-02 17:27:09,662 INFO Found folder 'Kindle Scribe' (ID: 1C38JFsUTRYHHimqlQwpoRka0Zi1QJKq6)
2026-07-02 17:27:11,374 INFO Found 0 w-termine files in folder
2026-07-02 17:27:11,374 INFO No new w-termine files found
2026-07-02 17:27:11,376 INFO === scribe_sync end ===
2026-07-02 17:30:01,740 INFO === scribe_sync start ===
2026-07-02 17:30:03,807 INFO MCP session initialized (id=d9cf0066-975f-48a1-ae18-d0bab31f4f1a)
2026-07-02 17:30:05,583 INFO Found folder 'Kindle Scribe' (ID: 1C38JFsUTRYHHimqlQwpoRka0Zi1QJKq6)
2026-07-02 17:30:07,056 INFO Found 0 w-termine files in folder
2026-07-02 17:30:07,056 INFO No new w-termine files found
2026-07-02 17:30:07,077 INFO === scribe_sync end ===
2026-07-02 17:40:02,095 INFO === scribe_sync start ===
2026-07-02 17:40:03,391 INFO MCP session initialized (id=382d998a-b57a-44a3-8df0-ff803debc373)
2026-07-02 17:40:04,951 INFO Found folder 'Kindle Scribe' (ID: 1C38JFsUTRYHHimqlQwpoRka0Zi1QJKq6)
2026-07-02 17:40:06,378 INFO Found 0 w-termine files in folder
2026-07-02 17:40:06,379 INFO No new w-termine files found
2026-07-02 17:40:06,382 INFO === scribe_sync end ===
2026-07-02 17:50:01,377 INFO === scribe_sync start ===
2026-07-02 17:50:03,028 INFO MCP session initialized (id=f6ea36f4-c24f-42cf-b8d2-31ec1a35cef0)
2026-07-02 17:50:04,375 INFO Found folder 'Kindle Scribe' (ID: 1C38JFsUTRYHHimqlQwpoRka0Zi1QJKq6)
2026-07-02 17:50:06,274 INFO Found 0 w-termine files in folder
2026-07-02 17:50:06,274 INFO No new w-termine files found
2026-07-02 17:50:06,276 INFO === scribe_sync end ===
2026-07-02 18:00:02,291 INFO === scribe_sync start ===
2026-07-02 18:00:04,986 INFO MCP session initialized (id=1f687ef9-f4a2-445d-90f1-e55b57e6e881)
2026-07-02 18:00:06,868 INFO Found folder 'Kindle Scribe' (ID: 1C38JFsUTRYHHimqlQwpoRka0Zi1QJKq6)
2026-07-02 18:00:11,913 INFO Found 0 w-termine files in folder
2026-07-02 18:00:11,913 INFO No new w-termine files found
2026-07-02 18:00:11,915 INFO === scribe_sync end ===
2026-07-02 18:10:01,235 INFO === scribe_sync start ===
2026-07-02 18:10:02,974 INFO MCP session initialized (id=54de7396-3028-408a-bec2-a4b93b5e80bd)
2026-07-02 18:10:04,311 INFO Found folder 'Kindle Scribe' (ID: 1C38JFsUTRYHHimqlQwpoRka0Zi1QJKq6)
2026-07-02 18:10:06,097 INFO Found 0 w-termine files in folder
2026-07-02 18:10:06,097 INFO No new w-termine files found
2026-07-02 18:10:06,104 INFO === scribe_sync end ===
2026-07-02 18:20:01,671 INFO === scribe_sync start ===
2026-07-02 18:20:03,887 INFO MCP session initialized (id=975c3864-6f69-4bfc-8813-332d5fe79c32)
2026-07-02 18:20:05,295 INFO Found folder 'Kindle Scribe' (ID: 1C38JFsUTRYHHimqlQwpoRka0Zi1QJKq6)
2026-07-02 18:20:09,904 INFO Found 0 w-termine files in folder
2026-07-02 18:20:09,906 INFO No new w-termine files found
2026-07-02 18:20:09,914 INFO === scribe_sync end ===
2026-07-02 18:24:35,461 INFO === scribe_sync start ===
2026-07-02 18:24:36,831 INFO MCP session initialized (id=854a80b8-b016-4238-8dec-31b57a5ea0cc)
2026-07-02 18:24:38,322 INFO === scribe_sync start ===
2026-07-02 18:24:38,495 INFO Found folder 'Kindle Scribe' (ID: 1C38JFsUTRYHHimqlQwpoRka0Zi1QJKq6)
2026-07-02 18:24:39,548 INFO MCP session initialized (id=7f20c775-3b32-480e-a1e5-2b27f93fa6f4)
2026-07-02 18:24:40,161 INFO Found 0 w-termine files in folder
2026-07-02 18:24:40,162 INFO No new w-termine files found
2026-07-02 18:24:40,163 INFO === scribe_sync end ===
2026-07-02 18:24:43,061 INFO Found folder 'Kindle Scribe' (ID: 1C38JFsUTRYHHimqlQwpoRka0Zi1QJKq6)
2026-07-02 18:24:45,313 INFO Found 0 w-termine files in folder
2026-07-02 18:24:45,313 INFO No new w-termine files found
2026-07-02 18:24:45,315 INFO === scribe_sync end ===
2026-07-02 18:30:01,808 INFO === scribe_sync start ===
2026-07-02 18:30:04,167 INFO MCP session initialized (id=79dc0fa9-1b4c-40c2-af2b-427bba62c918)
2026-07-02 18:30:06,122 INFO Found folder 'Kindle Scribe' (ID: 1C38JFsUTRYHHimqlQwpoRka0Zi1QJKq6)
2026-07-02 18:30:07,699 INFO Found 0 w-termine files in folder
2026-07-02 18:30:07,700 INFO No new w-termine files found
2026-07-02 18:30:07,702 INFO === scribe_sync end ===
2026-07-02 18:40:01,571 INFO === scribe_sync start ===
2026-07-02 18:40:03,247 INFO MCP session initialized (id=51703fbf-621e-49ac-bf08-bbf0b8a928b1)
2026-07-02 18:40:05,141 INFO Found folder 'Kindle Scribe' (ID: 1C38JFsUTRYHHimqlQwpoRka0Zi1QJKq6)
2026-07-02 18:40:07,227 INFO Found 0 w-termine files in folder
2026-07-02 18:40:07,228 INFO No new w-termine files found
2026-07-02 18:40:07,229 INFO === scribe_sync end ===
2026-07-02 18:50:01,474 INFO === scribe_sync start ===
2026-07-02 18:50:03,849 INFO MCP session initialized (id=a0832041-03d7-449b-b0d4-d2401a05cd6d)
2026-07-02 18:50:05,245 INFO Found folder 'Kindle Scribe' (ID: 1C38JFsUTRYHHimqlQwpoRka0Zi1QJKq6)
2026-07-02 18:50:06,600 INFO Found 0 w-termine files in folder
2026-07-02 18:50:06,608 INFO No new w-termine files found
2026-07-02 18:50:06,611 INFO === scribe_sync end ===
2026-07-02 19:00:01,277 INFO === scribe_sync start ===
2026-07-02 19:00:02,969 INFO MCP session initialized (id=aab573be-63d5-4648-be3c-dd40e3bbdf6c)
2026-07-02 19:00:05,407 INFO Found folder 'Kindle Scribe' (ID: 1C38JFsUTRYHHimqlQwpoRka0Zi1QJKq6)
2026-07-02 19:00:08,990 INFO Found 0 w-termine files in folder
2026-07-02 19:00:08,990 INFO No new w-termine files found
2026-07-02 19:00:09,001 INFO === scribe_sync end ===
2026-07-02 19:10:01,190 INFO === scribe_sync start ===
2026-07-02 19:10:02,748 INFO MCP session initialized (id=f28b05fe-a6eb-4045-abdf-4e63507421fe)
2026-07-02 19:10:04,449 INFO Found folder 'Kindle Scribe' (ID: 1C38JFsUTRYHHimqlQwpoRka0Zi1QJKq6)
2026-07-02 19:10:05,876 INFO Found 0 w-termine files in folder
2026-07-02 19:10:05,877 INFO No new w-termine files found
2026-07-02 19:10:05,888 INFO === scribe_sync end ===
2026-07-02 19:20:01,303 INFO === scribe_sync start ===
2026-07-02 19:20:03,534 INFO MCP session initialized (id=46abd74c-bbac-47b0-bd4d-ef4e5f34e0a4)
2026-07-02 19:20:05,136 INFO Found folder 'Kindle Scribe' (ID: 1C38JFsUTRYHHimqlQwpoRka0Zi1QJKq6)
2026-07-02 19:20:07,146 INFO Found 0 w-termine files in folder
2026-07-02 19:20:07,146 INFO No new w-termine files found
2026-07-02 19:20:07,150 INFO === scribe_sync end ===
2026-07-02 19:30:01,748 INFO === scribe_sync start ===
2026-07-02 19:30:03,518 INFO MCP session initialized (id=621543c5-6b16-40d0-bbd1-61623c2584af)
2026-07-02 19:30:05,109 INFO Found folder 'Kindle Scribe' (ID: 1C38JFsUTRYHHimqlQwpoRka0Zi1QJKq6)
2026-07-02 19:30:06,554 INFO Found 0 w-termine files in folder
2026-07-02 19:30:06,555 INFO No new w-termine files found
2026-07-02 19:30:06,556 INFO === scribe_sync end ===
2026-07-02 19:40:02,189 INFO === scribe_sync start ===
2026-07-02 19:40:04,006 INFO MCP session initialized (id=bef123c8-e3a7-4b8a-8823-280275b02435)
2026-07-02 19:40:05,539 INFO Found folder 'Kindle Scribe' (ID: 1C38JFsUTRYHHimqlQwpoRka0Zi1QJKq6)
2026-07-02 19:40:06,899 INFO Found 0 w-termine files in folder
2026-07-02 19:40:06,900 INFO No new w-termine files found
2026-07-02 19:40:06,903 INFO === scribe_sync end ===
2026-07-02 19:50:02,069 INFO === scribe_sync start ===
2026-07-02 19:50:34,104 INFO MCP session initialized (id=934eb14c-020c-4824-b473-2848f8776cbd)
2026-07-02 19:50:35,792 INFO Found folder 'Kindle Scribe' (ID: 1C38JFsUTRYHHimqlQwpoRka0Zi1QJKq6)
2026-07-02 19:50:37,666 INFO Found 0 w-termine files in folder
2026-07-02 19:50:37,666 INFO No new w-termine files found
2026-07-02 19:50:37,667 INFO === scribe_sync end ===
2026-07-02 20:00:01,974 INFO === scribe_sync start ===
2026-07-02 20:00:10,114 INFO MCP session initialized (id=2cfdaeab-13f2-4203-bad6-04728a816f8e)
2026-07-02 20:00:14,780 INFO Found folder 'Kindle Scribe' (ID: 1C38JFsUTRYHHimqlQwpoRka0Zi1QJKq6)
2026-07-02 20:00:17,341 INFO Found 0 w-termine files in folder
2026-07-02 20:00:17,342 INFO No new w-termine files found
2026-07-02 20:00:17,343 INFO === scribe_sync end ===
2026-07-02 20:10:02,284 INFO === scribe_sync start ===
2026-07-02 20:10:03,748 INFO MCP session initialized (id=fabb3ce0-6506-4899-8a3f-0c8777c8abb2)
2026-07-02 20:10:05,093 INFO Found folder 'Kindle Scribe' (ID: 1C38JFsUTRYHHimqlQwpoRka0Zi1QJKq6)
2026-07-02 20:10:06,521 INFO Found 0 w-termine files in folder
2026-07-02 20:10:06,521 INFO No new w-termine files found
2026-07-02 20:10:06,523 INFO === scribe_sync end ===
2026-07-02 20:20:01,922 INFO === scribe_sync start ===
2026-07-02 20:20:04,942 INFO MCP session initialized (id=75138574-27fe-4ea8-8ecf-e87d57c3266c)
2026-07-02 20:20:06,511 INFO Found folder 'Kindle Scribe' (ID: 1C38JFsUTRYHHimqlQwpoRka0Zi1QJKq6)
2026-07-02 20:20:07,819 INFO Found 0 w-termine files in folder
2026-07-02 20:20:07,819 INFO No new w-termine files found
2026-07-02 20:20:07,821 INFO === scribe_sync end ===
2026-07-02 20:30:01,714 INFO === scribe_sync start ===
2026-07-02 20:30:03,407 INFO MCP session initialized (id=26c3c437-7458-46d1-ad30-0655558d37fa)
2026-07-02 20:30:05,174 INFO Found folder 'Kindle Scribe' (ID: 1C38JFsUTRYHHimqlQwpoRka0Zi1QJKq6)
2026-07-02 20:30:06,807 INFO Found 0 w-termine files in folder
2026-07-02 20:30:06,807 INFO No new w-termine files found
2026-07-02 20:30:06,809 INFO === scribe_sync end ===
2026-07-02 20:40:01,696 INFO === scribe_sync start ===
2026-07-02 20:40:03,222 INFO MCP session initialized (id=551e3550-c717-4bfc-b7b3-0b9091c0d597)
2026-07-02 20:40:04,592 INFO Found folder 'Kindle Scribe' (ID: 1C38JFsUTRYHHimqlQwpoRka0Zi1QJKq6)
2026-07-02 20:40:06,188 INFO Found 0 w-termine files in folder
2026-07-02 20:40:06,188 INFO No new w-termine files found
2026-07-02 20:40:06,190 INFO === scribe_sync end ===
2026-07-02 20:50:01,251 INFO === scribe_sync start ===
2026-07-02 20:50:02,953 INFO MCP session initialized (id=a3ef2d86-53b9-4261-b4a1-71e38f6d61a3)
2026-07-02 20:50:04,570 INFO Found folder 'Kindle Scribe' (ID: 1C38JFsUTRYHHimqlQwpoRka0Zi1QJKq6)
2026-07-02 20:50:06,489 INFO Found 0 w-termine files in folder
2026-07-02 20:50:06,490 INFO No new w-termine files found
2026-07-02 20:50:06,492 INFO === scribe_sync end ===
2026-07-02 21:00:01,593 INFO === scribe_sync start ===
2026-07-02 21:00:03,955 INFO MCP session initialized (id=5c7d5e4d-ea23-49e5-858d-59099eee5376)
2026-07-02 21:00:07,782 INFO Found folder 'Kindle Scribe' (ID: 1C38JFsUTRYHHimqlQwpoRka0Zi1QJKq6)
2026-07-02 21:00:09,180 INFO Found 0 w-termine files in folder
2026-07-02 21:00:09,181 INFO No new w-termine files found
2026-07-02 21:00:09,184 INFO === scribe_sync end ===
2026-07-02 21:10:01,138 INFO === scribe_sync start ===
2026-07-02 21:10:02,635 INFO MCP session initialized (id=308c3a07-d72b-48ad-804f-b61886cc3aaa)
2026-07-02 21:10:04,073 INFO Found folder 'Kindle Scribe' (ID: 1C38JFsUTRYHHimqlQwpoRka0Zi1QJKq6)
2026-07-02 21:10:05,456 INFO Found 0 w-termine files in folder
2026-07-02 21:10:05,456 INFO No new w-termine files found
2026-07-02 21:10:05,459 INFO === scribe_sync end ===
2026-07-02 21:20:01,815 INFO === scribe_sync start ===
2026-07-02 21:20:03,628 INFO MCP session initialized (id=f9b9c1ef-a718-4ec3-ace2-61d8a5e8b7c3)
2026-07-02 21:20:05,624 INFO Found folder 'Kindle Scribe' (ID: 1C38JFsUTRYHHimqlQwpoRka0Zi1QJKq6)
2026-07-02 21:20:07,107 INFO Found 0 w-termine files in folder
2026-07-02 21:20:07,107 INFO No new w-termine files found
2026-07-02 21:20:07,109 INFO === scribe_sync end ===
2026-07-02 21:30:02,339 INFO === scribe_sync start ===
2026-07-02 21:30:04,961 INFO MCP session initialized (id=316470fb-f905-493d-a909-5fd3cfdb2809)
2026-07-02 21:30:06,518 INFO Found folder 'Kindle Scribe' (ID: 1C38JFsUTRYHHimqlQwpoRka0Zi1QJKq6)
2026-07-02 21:30:10,617 INFO Found 0 w-termine files in folder
2026-07-02 21:30:10,617 INFO No new w-termine files found
2026-07-02 21:30:10,641 INFO === scribe_sync end ===
2026-07-02 21:40:01,662 INFO === scribe_sync start ===
2026-07-02 21:40:02,946 INFO MCP session initialized (id=aac150ab-d4bf-421f-89fb-546f45aacd6a)
2026-07-02 21:40:05,760 INFO Found folder 'Kindle Scribe' (ID: 1C38JFsUTRYHHimqlQwpoRka0Zi1QJKq6)
2026-07-02 21:40:07,472 INFO Found 0 w-termine files in folder
2026-07-02 21:40:07,472 INFO No new w-termine files found
2026-07-02 21:40:07,482 INFO === scribe_sync end ===
2026-07-02 21:50:01,408 INFO === scribe_sync start ===
2026-07-02 21:50:02,780 INFO MCP session initialized (id=6b659b1d-eb01-4487-b4fa-5f9bba01d219)
2026-07-02 21:50:05,110 INFO Found folder 'Kindle Scribe' (ID: 1C38JFsUTRYHHimqlQwpoRka0Zi1QJKq6)
2026-07-02 21:50:07,105 INFO Found 0 w-termine files in folder
2026-07-02 21:50:07,105 INFO No new w-termine files found
2026-07-02 21:50:07,108 INFO === scribe_sync end ===
2026-07-02 22:00:01,974 INFO === scribe_sync start ===
2026-07-02 22:00:03,689 INFO MCP session initialized (id=407eafba-ed9f-42dd-bb7b-20f24ea1d35c)
2026-07-02 22:00:10,308 INFO Found folder 'Kindle Scribe' (ID: 1C38JFsUTRYHHimqlQwpoRka0Zi1QJKq6)
2026-07-02 22:00:12,381 INFO Found 0 w-termine files in folder
2026-07-02 22:00:12,381 INFO No new w-termine files found
2026-07-02 22:00:12,382 INFO === scribe_sync end ===
2026-07-02 22:10:02,061 INFO === scribe_sync start ===
2026-07-02 22:10:06,233 INFO MCP session initialized (id=a462d84e-ef68-4cc0-85ac-8320295f909b)
2026-07-02 22:10:09,411 INFO Found folder 'Kindle Scribe' (ID: 1C38JFsUTRYHHimqlQwpoRka0Zi1QJKq6)
2026-07-02 22:10:13,015 INFO Found 0 w-termine files in folder
2026-07-02 22:10:13,015 INFO No new w-termine files found
2026-07-02 22:10:13,017 INFO === scribe_sync end ===
2026-07-02 22:20:01,961 INFO === scribe_sync start ===
2026-07-02 22:20:23,385 INFO MCP session initialized (id=67bf0047-f354-45aa-a7e5-c72baa51030e)
2026-07-02 22:20:25,217 INFO Found folder 'Kindle Scribe' (ID: 1C38JFsUTRYHHimqlQwpoRka0Zi1QJKq6)
2026-07-02 22:20:26,585 INFO Found 0 w-termine files in folder
2026-07-02 22:20:26,586 INFO No new w-termine files found
2026-07-02 22:20:26,587 INFO === scribe_sync end ===
2026-07-02 22:30:01,934 INFO === scribe_sync start ===
2026-07-02 22:30:04,348 INFO MCP session initialized (id=19d12f6b-534c-45e1-82ac-5da264c00fde)
2026-07-02 22:30:05,666 INFO Found folder 'Kindle Scribe' (ID: 1C38JFsUTRYHHimqlQwpoRka0Zi1QJKq6)
2026-07-02 22:30:07,402 INFO Found 0 w-termine files in folder
2026-07-02 22:30:07,403 INFO No new w-termine files found
2026-07-02 22:30:07,405 INFO === scribe_sync end ===
2026-07-02 22:40:02,489 INFO === scribe_sync start ===
2026-07-02 22:40:05,067 INFO MCP session initialized (id=02273673-2505-4178-a582-6946a06a6b11)
2026-07-02 22:40:07,784 INFO Found folder 'Kindle Scribe' (ID: 1C38JFsUTRYHHimqlQwpoRka0Zi1QJKq6)
2026-07-02 22:40:09,163 INFO Found 0 w-termine files in folder
2026-07-02 22:40:09,163 INFO No new w-termine files found
2026-07-02 22:40:09,165 INFO === scribe_sync end ===
2026-07-02 22:50:01,212 INFO === scribe_sync start ===
2026-07-02 22:50:03,101 INFO MCP session initialized (id=5de643ac-1af0-45c2-bcd9-5e10c666eef4)
2026-07-02 22:50:04,416 INFO Found folder 'Kindle Scribe' (ID: 1C38JFsUTRYHHimqlQwpoRka0Zi1QJKq6)
2026-07-02 22:50:05,766 INFO Found 0 w-termine files in folder
2026-07-02 22:50:05,768 INFO No new w-termine files found
2026-07-02 22:50:05,772 INFO === scribe_sync end ===
2026-07-02 23:00:02,308 INFO === scribe_sync start ===
2026-07-02 23:00:04,196 INFO MCP session initialized (id=6c6cd82e-8768-456f-a297-f00ff4667226)
2026-07-02 23:00:05,587 INFO Found folder 'Kindle Scribe' (ID: 1C38JFsUTRYHHimqlQwpoRka0Zi1QJKq6)
2026-07-02 23:00:07,226 INFO Found 0 w-termine files in folder
2026-07-02 23:00:07,226 INFO No new w-termine files found
2026-07-02 23:00:07,229 INFO === scribe_sync end ===
2026-07-02 23:10:02,207 INFO === scribe_sync start ===
2026-07-02 23:10:03,726 INFO MCP session initialized (id=83d157d5-0572-4d27-8411-fb352c816ed2)
2026-07-02 23:10:05,386 INFO Found folder 'Kindle Scribe' (ID: 1C38JFsUTRYHHimqlQwpoRka0Zi1QJKq6)
2026-07-02 23:10:07,081 INFO Found 0 w-termine files in folder
2026-07-02 23:10:07,081 INFO No new w-termine files found
2026-07-02 23:10:07,084 INFO === scribe_sync end ===
2026-07-02 23:20:01,913 INFO === scribe_sync start ===
2026-07-02 23:20:03,941 INFO MCP session initialized (id=8fe69ded-5a77-4c36-b3c7-5df82dc49f6f)
2026-07-02 23:20:05,954 INFO Found folder 'Kindle Scribe' (ID: 1C38JFsUTRYHHimqlQwpoRka0Zi1QJKq6)
2026-07-02 23:20:07,329 INFO Found 0 w-termine files in folder
2026-07-02 23:20:07,329 INFO No new w-termine files found
2026-07-02 23:20:07,334 INFO === scribe_sync end ===
2026-07-02 23:30:01,819 INFO === scribe_sync start ===
2026-07-02 23:30:04,005 INFO MCP session initialized (id=4644392a-51fc-4c85-858a-a24de68cc79c)
2026-07-02 23:30:06,312 INFO Found folder 'Kindle Scribe' (ID: 1C38JFsUTRYHHimqlQwpoRka0Zi1QJKq6)
2026-07-02 23:30:08,362 INFO Found 0 w-termine files in folder
2026-07-02 23:30:08,362 INFO No new w-termine files found
2026-07-02 23:30:08,379 INFO === scribe_sync end ===
2026-07-02 23:40:01,322 INFO === scribe_sync start ===
2026-07-02 23:40:02,908 INFO MCP session initialized (id=6d6e0d65-b0b4-4d74-b676-791d25d7daf4)
2026-07-02 23:40:04,415 INFO Found folder 'Kindle Scribe' (ID: 1C38JFsUTRYHHimqlQwpoRka0Zi1QJKq6)
2026-07-02 23:40:06,772 INFO Found 0 w-termine files in folder
2026-07-02 23:40:06,772 INFO No new w-termine files found
2026-07-02 23:40:06,774 INFO === scribe_sync end ===
2026-07-02 23:50:01,828 INFO === scribe_sync start ===
2026-07-02 23:50:03,628 INFO MCP session initialized (id=02a1d072-f0fa-4746-9faa-4f08f4912e18)
2026-07-02 23:50:05,816 INFO Found folder 'Kindle Scribe' (ID: 1C38JFsUTRYHHimqlQwpoRka0Zi1QJKq6)
2026-07-02 23:50:08,816 INFO Found 0 w-termine files in folder
2026-07-02 23:50:08,826 INFO No new w-termine files found
2026-07-02 23:50:08,862 INFO === scribe_sync end ===
2026-07-03 00:00:02,097 INFO === scribe_sync start ===
2026-07-03 00:00:03,548 INFO MCP session initialized (id=6116d9b4-04fa-452e-afa7-a2a9b1dc4ace)
2026-07-03 00:00:05,006 INFO Found folder 'Kindle Scribe' (ID: 1C38JFsUTRYHHimqlQwpoRka0Zi1QJKq6)
2026-07-03 00:00:07,111 INFO Found 0 w-termine files in folder
2026-07-03 00:00:07,112 INFO No new w-termine files found
2026-07-03 00:00:07,139 INFO === scribe_sync end ===
2026-07-03 00:10:01,619 INFO === scribe_sync start ===
2026-07-03 00:10:03,370 INFO MCP session initialized (id=c1154298-93de-4722-9a91-69a7d1a96ba3)
2026-07-03 00:10:04,932 INFO Found folder 'Kindle Scribe' (ID: 1C38JFsUTRYHHimqlQwpoRka0Zi1QJKq6)
2026-07-03 00:10:09,203 INFO Found 0 w-termine files in folder
2026-07-03 00:10:09,203 INFO No new w-termine files found
2026-07-03 00:10:09,208 INFO === scribe_sync end ===
2026-07-03 00:20:02,114 INFO === scribe_sync start ===
2026-07-03 00:20:14,166 ERROR Unexpected error: HTTPSConnectionPool(host='connect.composio.dev', port=443): Read timed out. (read timeout=10)
Traceback (most recent call last):
  File "/usr/local/lib/python3.12/dist-packages/urllib3/connectionpool.py", line 534, in _make_request
    response = conn.getresponse()
               ^^^^^^^^^^^^^^^^^^
  File "/usr/local/lib/python3.12/dist-packages/urllib3/connection.py", line 571, in getresponse
    httplib_response = super().getresponse()
                       ^^^^^^^^^^^^^^^^^^^^^
  File "/usr/lib/python3.12/http/client.py", line 1448, in getresponse
    response.begin()
  File "/usr/lib/python3.12/http/client.py", line 336, in begin
    version, status, reason = self._read_status()
                              ^^^^^^^^^^^^^^^^^^^
  File "/usr/lib/python3.12/http/client.py", line 297, in _read_status
    line = str(self.fp.readline(_MAXLINE + 1), "iso-8859-1")
               ^^^^^^^^^^^^^^^^^^^^^^^^^^^^^^
  File "/usr/lib/python3.12/socket.py", line 707, in readinto
    return self._sock.recv_into(b)
           ^^^^^^^^^^^^^^^^^^^^^^^
  File "/usr/lib/python3.12/ssl.py", line 1252, in recv_into
    return self.read(nbytes, buffer)
           ^^^^^^^^^^^^^^^^^^^^^^^^^
  File "/usr/lib/python3.12/ssl.py", line 1104, in read
    return self._sslobj.read(len, buffer)
           ^^^^^^^^^^^^^^^^^^^^^^^^^^^^^^
TimeoutError: The read operation timed out

The above exception was the direct cause of the following exception:

Traceback (most recent call last):
  File "/usr/local/lib/python3.12/dist-packages/requests/adapters.py", line 696, in send
    resp = conn.urlopen(
           ^^^^^^^^^^^^^
  File "/usr/local/lib/python3.12/dist-packages/urllib3/connectionpool.py", line 841, in urlopen
    retries = retries.increment(
              ^^^^^^^^^^^^^^^^^^
  File "/usr/local/lib/python3.12/dist-packages/urllib3/util/retry.py", line 490, in increment
    raise reraise(type(error), error, _stacktrace)
          ^^^^^^^^^^^^^^^^^^^^^^^^^^^^^^^^^^^^^^^^
  File "/usr/local/lib/python3.12/dist-packages/urllib3/util/util.py", line 39, in reraise
    raise value
  File "/usr/local/lib/python3.12/dist-packages/urllib3/connectionpool.py", line 787, in urlopen
    response = self._make_request(
               ^^^^^^^^^^^^^^^^^^^
  File "/usr/local/lib/python3.12/dist-packages/urllib3/connectionpool.py", line 536, in _make_request
    self._raise_timeout(err=e, url=url, timeout_value=read_timeout)
  File "/usr/local/lib/python3.12/dist-packages/urllib3/connectionpool.py", line 367, in _raise_timeout
    raise ReadTimeoutError(
urllib3.exceptions.ReadTimeoutError: HTTPSConnectionPool(host='connect.composio.dev', port=443): Read timed out. (read timeout=10)

During handling of the above exception, another exception occurred:

Traceback (most recent call last):
  File "/root/.local/.openclaw/workspace/scribe/scribe_sync.py", line 605, in main
    process_files()
  File "/root/.local/.openclaw/workspace/scribe/scribe_sync.py", line 518, in process_files
    mcp = MCPClient(MCP_URL, str(OAUTH_FILE))
          ^^^^^^^^^^^^^^^^^^^^^^^^^^^^^^^^^^^
  File "/root/.local/.openclaw/workspace/scribe/scribe_sync.py", line 75, in __init__
    self._initialize()
  File "/root/.local/.openclaw/workspace/scribe/scribe_sync.py", line 116, in _initialize
    self.session.post(self.url, json=notif, timeout=10)
  File "/usr/local/lib/python3.12/dist-packages/requests/sessions.py", line 712, in post
    return self.request("POST", url, data=data, json=json, **kwargs)
           ^^^^^^^^^^^^^^^^^^^^^^^^^^^^^^^^^^^^^^^^^^^^^^^^^^^^^^^^^
  File "/usr/local/lib/python3.12/dist-packages/requests/sessions.py", line 651, in request
    resp = self.send(prep, **send_kwargs)
           ^^^^^^^^^^^^^^^^^^^^^^^^^^^^^^
  File "/usr/local/lib/python3.12/dist-packages/requests/sessions.py", line 784, in send
    r = adapter.send(request, **kwargs)
        ^^^^^^^^^^^^^^^^^^^^^^^^^^^^^^^
  File "/usr/local/lib/python3.12/dist-packages/requests/adapters.py", line 742, in send
    raise ReadTimeout(e, request=request)
requests.exceptions.ReadTimeout: HTTPSConnectionPool(host='connect.composio.dev', port=443): Read timed out. (read timeout=10)
2026-07-03 00:20:14,208 INFO === scribe_sync end ===
2026-07-03 00:30:01,622 INFO === scribe_sync start ===
2026-07-03 00:30:03,376 INFO MCP session initialized (id=aa1a10dc-2a97-449f-bd95-58b91a79c982)
2026-07-03 00:30:05,259 INFO Found folder 'Kindle Scribe' (ID: 1C38JFsUTRYHHimqlQwpoRka0Zi1QJKq6)
2026-07-03 00:30:06,685 INFO Found 0 w-termine files in folder
2026-07-03 00:30:06,685 INFO No new w-termine files found
2026-07-03 00:30:06,690 INFO === scribe_sync end ===
2026-07-03 00:40:02,242 INFO === scribe_sync start ===
2026-07-03 00:40:04,166 INFO MCP session initialized (id=fbdd46a9-7b70-48c9-97bc-d5abcbed3974)
2026-07-03 00:40:05,669 INFO Found folder 'Kindle Scribe' (ID: 1C38JFsUTRYHHimqlQwpoRka0Zi1QJKq6)
2026-07-03 00:40:06,931 INFO Found 0 w-termine files in folder
2026-07-03 00:40:06,932 INFO No new w-termine files found
2026-07-03 00:40:06,934 INFO === scribe_sync end ===
2026-07-03 00:50:02,107 INFO === scribe_sync start ===
2026-07-03 00:50:04,132 INFO MCP session initialized (id=e3ff77c5-aa6b-4c10-96de-4ff2b5fb12a8)
2026-07-03 00:50:05,497 INFO Found folder 'Kindle Scribe' (ID: 1C38JFsUTRYHHimqlQwpoRka0Zi1QJKq6)
2026-07-03 00:50:07,160 INFO Found 0 w-termine files in folder
2026-07-03 00:50:07,161 INFO No new w-termine files found
2026-07-03 00:50:07,163 INFO === scribe_sync end ===
2026-07-03 01:00:01,515 INFO === scribe_sync start ===
2026-07-03 01:00:04,483 INFO MCP session initialized (id=3cc46ead-b30f-4c4d-b5bb-76de96b6b7b6)
2026-07-03 01:00:06,413 INFO Found folder 'Kindle Scribe' (ID: 1C38JFsUTRYHHimqlQwpoRka0Zi1QJKq6)
2026-07-03 01:00:08,742 INFO Found 0 w-termine files in folder
2026-07-03 01:00:08,742 INFO No new w-termine files found
2026-07-03 01:00:08,744 INFO === scribe_sync end ===
2026-07-03 01:10:01,321 INFO === scribe_sync start ===
2026-07-03 01:10:03,207 INFO MCP session initialized (id=c3a402ec-144d-455c-8d06-cf3a7f9672bb)
2026-07-03 01:10:04,543 INFO Found folder 'Kindle Scribe' (ID: 1C38JFsUTRYHHimqlQwpoRka0Zi1QJKq6)
2026-07-03 01:10:05,832 INFO Found 0 w-termine files in folder
2026-07-03 01:10:05,832 INFO No new w-termine files found
2026-07-03 01:10:05,834 INFO === scribe_sync end ===
2026-07-03 01:20:01,588 INFO === scribe_sync start ===
2026-07-03 01:20:03,251 INFO MCP session initialized (id=f512103c-3b08-4b1b-9917-6967ace4ec1c)
2026-07-03 01:20:04,528 INFO Found folder 'Kindle Scribe' (ID: 1C38JFsUTRYHHimqlQwpoRka0Zi1QJKq6)
2026-07-03 01:20:05,843 INFO Found 0 w-termine files in folder
2026-07-03 01:20:05,843 INFO No new w-termine files found
2026-07-03 01:20:05,875 INFO === scribe_sync end ===
2026-07-03 01:30:01,901 INFO === scribe_sync start ===
2026-07-03 01:30:03,797 INFO MCP session initialized (id=53bfed23-886b-4798-962c-6d281d000cbf)
2026-07-03 01:30:06,093 INFO Found folder 'Kindle Scribe' (ID: 1C38JFsUTRYHHimqlQwpoRka0Zi1QJKq6)
2026-07-03 01:30:08,780 INFO Found 0 w-termine files in folder
2026-07-03 01:30:08,781 INFO No new w-termine files found
2026-07-03 01:30:08,785 INFO === scribe_sync end ===
2026-07-03 01:40:01,783 INFO === scribe_sync start ===
2026-07-03 01:40:03,015 INFO MCP session initialized (id=7c1cbb37-13e7-4911-a86e-8b6272652645)
2026-07-03 01:40:05,301 INFO Found folder 'Kindle Scribe' (ID: 1C38JFsUTRYHHimqlQwpoRka0Zi1QJKq6)
2026-07-03 01:40:06,630 INFO Found 0 w-termine files in folder
2026-07-03 01:40:06,632 INFO No new w-termine files found
2026-07-03 01:40:06,636 INFO === scribe_sync end ===
2026-07-03 01:50:02,298 INFO === scribe_sync start ===
2026-07-03 01:50:03,901 INFO MCP session initialized (id=52e14c98-518c-4844-8d56-9e33917e3fb5)
2026-07-03 01:50:05,285 INFO Found folder 'Kindle Scribe' (ID: 1C38JFsUTRYHHimqlQwpoRka0Zi1QJKq6)
2026-07-03 01:50:06,701 INFO Found 0 w-termine files in folder
2026-07-03 01:50:06,701 INFO No new w-termine files found
2026-07-03 01:50:06,712 INFO === scribe_sync end ===
2026-07-03 02:00:01,393 INFO === scribe_sync start ===
2026-07-03 02:00:03,186 INFO MCP session initialized (id=23dd7087-49fc-4a9c-8374-451ca0b11313)
2026-07-03 02:00:04,594 INFO Found folder 'Kindle Scribe' (ID: 1C38JFsUTRYHHimqlQwpoRka0Zi1QJKq6)
2026-07-03 02:00:07,784 INFO Found 0 w-termine files in folder
2026-07-03 02:00:07,784 INFO No new w-termine files found
2026-07-03 02:00:07,792 INFO === scribe_sync end ===
2026-07-03 02:10:01,467 INFO === scribe_sync start ===
2026-07-03 02:10:03,415 INFO MCP session initialized (id=185249de-f267-412e-8e73-4d220b1f9c2f)
2026-07-03 02:10:05,381 INFO Found folder 'Kindle Scribe' (ID: 1C38JFsUTRYHHimqlQwpoRka0Zi1QJKq6)
2026-07-03 02:10:07,400 INFO Found 0 w-termine files in folder
2026-07-03 02:10:07,400 INFO No new w-termine files found
2026-07-03 02:10:07,403 INFO === scribe_sync end ===
2026-07-03 02:20:02,210 INFO === scribe_sync start ===
2026-07-03 02:20:05,550 INFO MCP session initialized (id=1eca7a3e-64fa-4252-865e-be91d9cbcd1a)
2026-07-03 02:20:07,304 INFO Found folder 'Kindle Scribe' (ID: 1C38JFsUTRYHHimqlQwpoRka0Zi1QJKq6)
2026-07-03 02:20:08,580 INFO Found 0 w-termine files in folder
2026-07-03 02:20:08,580 INFO No new w-termine files found
2026-07-03 02:20:08,583 INFO === scribe_sync end ===
2026-07-03 02:30:01,205 INFO === scribe_sync start ===
2026-07-03 02:30:03,056 INFO MCP session initialized (id=b17d0666-8d94-4a78-ac81-b366a5407bd6)
2026-07-03 02:30:05,378 INFO Found folder 'Kindle Scribe' (ID: 1C38JFsUTRYHHimqlQwpoRka0Zi1QJKq6)
2026-07-03 02:30:06,721 INFO Found 0 w-termine files in folder
2026-07-03 02:30:06,722 INFO No new w-termine files found
2026-07-03 02:30:06,725 INFO === scribe_sync end ===
2026-07-03 02:40:01,944 INFO === scribe_sync start ===
2026-07-03 02:40:04,094 INFO MCP session initialized (id=7ca2ffe8-8fd7-42f1-aefe-62328a7db87c)
2026-07-03 02:40:05,626 INFO Found folder 'Kindle Scribe' (ID: 1C38JFsUTRYHHimqlQwpoRka0Zi1QJKq6)
2026-07-03 02:40:08,889 INFO Found 0 w-termine files in folder
2026-07-03 02:40:08,892 INFO No new w-termine files found
2026-07-03 02:40:08,896 INFO === scribe_sync end ===
2026-07-03 02:50:01,697 INFO === scribe_sync start ===
2026-07-03 02:50:03,507 INFO MCP session initialized (id=90d563dc-ffc3-443e-95ad-0e23c2589167)
2026-07-03 02:50:04,898 INFO Found folder 'Kindle Scribe' (ID: 1C38JFsUTRYHHimqlQwpoRka0Zi1QJKq6)
2026-07-03 02:50:07,726 INFO Found 0 w-termine files in folder
2026-07-03 02:50:07,727 INFO No new w-termine files found
2026-07-03 02:50:07,732 INFO === scribe_sync end ===
2026-07-03 03:00:01,204 INFO === scribe_sync start ===
2026-07-03 03:00:04,901 INFO MCP session initialized (id=d5f5d5e9-a7a6-4e1d-adb0-d1fd1ece3e20)
2026-07-03 03:00:11,119 INFO Found folder 'Kindle Scribe' (ID: 1C38JFsUTRYHHimqlQwpoRka0Zi1QJKq6)
2026-07-03 03:00:12,548 INFO Found 0 w-termine files in folder
2026-07-03 03:00:12,548 INFO No new w-termine files found
2026-07-03 03:00:12,550 INFO === scribe_sync end ===
2026-07-03 03:10:01,724 INFO === scribe_sync start ===
2026-07-03 03:10:03,176 INFO MCP session initialized (id=0021d3ec-6704-4515-9b8a-e27cf8620808)
2026-07-03 03:10:04,748 INFO Found folder 'Kindle Scribe' (ID: 1C38JFsUTRYHHimqlQwpoRka0Zi1QJKq6)
2026-07-03 03:10:05,986 INFO Found 0 w-termine files in folder
2026-07-03 03:10:05,986 INFO No new w-termine files found
2026-07-03 03:10:05,988 INFO === scribe_sync end ===
2026-07-03 03:20:01,320 INFO === scribe_sync start ===
2026-07-03 03:20:03,490 INFO MCP session initialized (id=eca3cb77-6d4f-478c-b1aa-43c636c8494c)
2026-07-03 03:20:05,542 INFO Found folder 'Kindle Scribe' (ID: 1C38JFsUTRYHHimqlQwpoRka0Zi1QJKq6)
2026-07-03 03:20:06,854 INFO Found 0 w-termine files in folder
2026-07-03 03:20:06,860 INFO No new w-termine files found
2026-07-03 03:20:06,868 INFO === scribe_sync end ===
2026-07-03 03:30:01,584 INFO === scribe_sync start ===
2026-07-03 03:30:03,141 INFO MCP session initialized (id=b28f9ab1-00f5-4773-8108-b47faa2f994a)
2026-07-03 03:30:04,748 INFO Found folder 'Kindle Scribe' (ID: 1C38JFsUTRYHHimqlQwpoRka0Zi1QJKq6)
2026-07-03 03:30:06,146 INFO Found 0 w-termine files in folder
2026-07-03 03:30:06,146 INFO No new w-termine files found
2026-07-03 03:30:06,148 INFO === scribe_sync end ===
2026-07-03 03:40:01,856 INFO === scribe_sync start ===
2026-07-03 03:40:03,595 INFO MCP session initialized (id=07402dac-10e2-40c9-8c57-085ba1fab424)
2026-07-03 03:40:04,952 INFO Found folder 'Kindle Scribe' (ID: 1C38JFsUTRYHHimqlQwpoRka0Zi1QJKq6)
2026-07-03 03:40:07,353 INFO Found 0 w-termine files in folder
2026-07-03 03:40:07,353 INFO No new w-termine files found
2026-07-03 03:40:07,355 INFO === scribe_sync end ===
2026-07-03 03:50:02,068 INFO === scribe_sync start ===
2026-07-03 03:50:03,908 INFO MCP session initialized (id=cc66a785-00ae-4d79-aad3-e3540a9f1ba5)
2026-07-03 03:50:06,459 INFO Found folder 'Kindle Scribe' (ID: 1C38JFsUTRYHHimqlQwpoRka0Zi1QJKq6)
2026-07-03 03:50:07,923 INFO Found 0 w-termine files in folder
2026-07-03 03:50:07,924 INFO No new w-termine files found
2026-07-03 03:50:07,928 INFO === scribe_sync end ===
2026-07-03 04:00:01,869 INFO === scribe_sync start ===
2026-07-03 04:00:04,733 INFO MCP session initialized (id=dc8ecd0d-1dd3-4f6f-a590-fbce6649f5f7)
2026-07-03 04:00:06,448 INFO Found folder 'Kindle Scribe' (ID: 1C38JFsUTRYHHimqlQwpoRka0Zi1QJKq6)
2026-07-03 04:00:11,120 INFO Found 0 w-termine files in folder
2026-07-03 04:00:11,128 INFO No new w-termine files found
2026-07-03 04:00:11,130 INFO === scribe_sync end ===
2026-07-03 04:10:01,409 INFO === scribe_sync start ===
2026-07-03 04:10:03,183 INFO MCP session initialized (id=fa88c42e-c1a5-4f55-a373-27169593ac93)
2026-07-03 04:10:05,295 INFO Found folder 'Kindle Scribe' (ID: 1C38JFsUTRYHHimqlQwpoRka0Zi1QJKq6)
2026-07-03 04:10:10,407 INFO Found 0 w-termine files in folder
2026-07-03 04:10:10,407 INFO No new w-termine files found
2026-07-03 04:10:10,410 INFO === scribe_sync end ===
2026-07-03 04:20:01,623 INFO === scribe_sync start ===
2026-07-03 04:20:03,189 INFO MCP session initialized (id=3ad52cc0-1ff3-42f4-a8f0-4b7d75059883)
2026-07-03 04:20:05,230 INFO Found folder 'Kindle Scribe' (ID: 1C38JFsUTRYHHimqlQwpoRka0Zi1QJKq6)
2026-07-03 04:20:06,634 INFO Found 0 w-termine files in folder
2026-07-03 04:20:06,638 INFO No new w-termine files found
2026-07-03 04:20:06,643 INFO === scribe_sync end ===
2026-07-03 04:30:02,581 INFO === scribe_sync start ===
2026-07-03 04:30:04,604 INFO MCP session initialized (id=64f4b1bd-8103-48c7-b1dd-edc9312fd793)
2026-07-03 04:30:06,289 INFO Found folder 'Kindle Scribe' (ID: 1C38JFsUTRYHHimqlQwpoRka0Zi1QJKq6)
2026-07-03 04:30:08,166 INFO Found 0 w-termine files in folder
2026-07-03 04:30:08,166 INFO No new w-termine files found
2026-07-03 04:30:08,175 INFO === scribe_sync end ===
2026-07-03 04:40:01,905 INFO === scribe_sync start ===
2026-07-03 04:40:03,887 INFO MCP session initialized (id=0afe0819-23ef-41c3-a139-894285ce2e8b)
2026-07-03 04:40:05,571 INFO Found folder 'Kindle Scribe' (ID: 1C38JFsUTRYHHimqlQwpoRka0Zi1QJKq6)
2026-07-03 04:40:06,835 INFO Found 0 w-termine files in folder
2026-07-03 04:40:06,835 INFO No new w-termine files found
2026-07-03 04:40:06,837 INFO === scribe_sync end ===
2026-07-03 04:50:01,304 INFO === scribe_sync start ===
2026-07-03 04:50:02,860 INFO MCP session initialized (id=a91ca493-1c8a-43e5-bf03-44a1bdd7a510)
2026-07-03 04:50:04,858 INFO Found folder 'Kindle Scribe' (ID: 1C38JFsUTRYHHimqlQwpoRka0Zi1QJKq6)
2026-07-03 04:50:06,265 INFO Found 0 w-termine files in folder
2026-07-03 04:50:06,265 INFO No new w-termine files found
2026-07-03 04:50:06,267 INFO === scribe_sync end ===
2026-07-03 05:00:01,454 INFO === scribe_sync start ===
2026-07-03 05:00:03,128 INFO MCP session initialized (id=dab353a1-d034-4b2c-a180-ea2883008982)
2026-07-03 05:00:04,903 INFO Found folder 'Kindle Scribe' (ID: 1C38JFsUTRYHHimqlQwpoRka0Zi1QJKq6)
2026-07-03 05:00:06,317 INFO Found 0 w-termine files in folder
2026-07-03 05:00:06,318 INFO No new w-termine files found
2026-07-03 05:00:06,319 INFO === scribe_sync end ===
2026-07-03 05:10:02,082 INFO === scribe_sync start ===
2026-07-03 05:10:03,919 INFO MCP session initialized (id=a5530315-61b1-4cd7-8883-8e9b32d2ae74)
2026-07-03 05:10:05,673 INFO Found folder 'Kindle Scribe' (ID: 1C38JFsUTRYHHimqlQwpoRka0Zi1QJKq6)
2026-07-03 05:10:07,080 INFO Found 0 w-termine files in folder
2026-07-03 05:10:07,083 INFO No new w-termine files found
2026-07-03 05:10:07,085 INFO === scribe_sync end ===
2026-07-03 05:20:01,276 INFO === scribe_sync start ===
2026-07-03 05:20:02,855 INFO MCP session initialized (id=0267dfa8-c82a-45bf-a363-e1b1083a6dcf)
2026-07-03 05:20:04,667 INFO Found folder 'Kindle Scribe' (ID: 1C38JFsUTRYHHimqlQwpoRka0Zi1QJKq6)
2026-07-03 05:20:06,114 INFO Found 0 w-termine files in folder
2026-07-03 05:20:06,114 INFO No new w-termine files found
2026-07-03 05:20:06,195 INFO === scribe_sync end ===
2026-07-03 05:30:01,708 INFO === scribe_sync start ===
2026-07-03 05:30:03,072 INFO MCP session initialized (id=c57d61bf-1542-4285-bd41-99566137ba1d)
2026-07-03 05:30:04,406 INFO Found folder 'Kindle Scribe' (ID: 1C38JFsUTRYHHimqlQwpoRka0Zi1QJKq6)
2026-07-03 05:30:05,979 INFO Found 0 w-termine files in folder
2026-07-03 05:30:05,980 INFO No new w-termine files found
2026-07-03 05:30:05,984 INFO === scribe_sync end ===
2026-07-03 05:40:01,646 INFO === scribe_sync start ===
2026-07-03 05:40:03,047 INFO MCP session initialized (id=75982c9c-1bb7-4bc3-a1a8-301e68ea52ef)
2026-07-03 05:40:06,397 INFO Found folder 'Kindle Scribe' (ID: 1C38JFsUTRYHHimqlQwpoRka0Zi1QJKq6)
2026-07-03 05:40:08,113 INFO Found 0 w-termine files in folder
2026-07-03 05:40:08,113 INFO No new w-termine files found
2026-07-03 05:40:08,118 INFO === scribe_sync end ===
2026-07-03 05:50:01,814 INFO === scribe_sync start ===
2026-07-03 05:50:03,386 INFO MCP session initialized (id=897b170c-5bad-44d1-9efa-4d0896d7138f)
2026-07-03 05:50:05,241 INFO Found folder 'Kindle Scribe' (ID: 1C38JFsUTRYHHimqlQwpoRka0Zi1QJKq6)
2026-07-03 05:50:06,721 INFO Found 0 w-termine files in folder
2026-07-03 05:50:06,721 INFO No new w-termine files found
2026-07-03 05:50:06,723 INFO === scribe_sync end ===
2026-07-03 06:00:02,137 INFO === scribe_sync start ===
2026-07-03 06:00:03,961 INFO MCP session initialized (id=fe5447ee-804e-49f0-9815-8aabacaf6b24)
2026-07-03 06:00:06,518 INFO Found folder 'Kindle Scribe' (ID: 1C38JFsUTRYHHimqlQwpoRka0Zi1QJKq6)
2026-07-03 06:00:08,707 INFO Found 0 w-termine files in folder
2026-07-03 06:00:08,712 INFO No new w-termine files found
2026-07-03 06:00:08,718 INFO === scribe_sync end ===
2026-07-03 06:10:01,482 INFO === scribe_sync start ===
2026-07-03 06:10:02,838 INFO MCP session initialized (id=3c7d5885-113d-4f1e-94b4-54bbd2043339)
2026-07-03 06:10:04,301 INFO Found folder 'Kindle Scribe' (ID: 1C38JFsUTRYHHimqlQwpoRka0Zi1QJKq6)
2026-07-03 06:10:07,051 INFO Found 0 w-termine files in folder
2026-07-03 06:10:07,052 INFO No new w-termine files found
2026-07-03 06:10:07,061 INFO === scribe_sync end ===
2026-07-03 06:20:01,917 INFO === scribe_sync start ===
2026-07-03 06:20:04,100 INFO MCP session initialized (id=f79b83dd-62a5-421e-9a07-7468af178003)
2026-07-03 06:20:05,514 INFO Found folder 'Kindle Scribe' (ID: 1C38JFsUTRYHHimqlQwpoRka0Zi1QJKq6)
2026-07-03 06:20:06,824 INFO Found 0 w-termine files in folder
2026-07-03 06:20:06,824 INFO No new w-termine files found
2026-07-03 06:20:06,826 INFO === scribe_sync end ===
2026-07-03 06:30:01,993 INFO === scribe_sync start ===
2026-07-03 06:30:04,332 INFO MCP session initialized (id=37e51f90-f520-4e3c-bf86-818afbaa3eee)
2026-07-03 06:30:05,865 INFO Found folder 'Kindle Scribe' (ID: 1C38JFsUTRYHHimqlQwpoRka0Zi1QJKq6)
2026-07-03 06:30:07,104 INFO Found 0 w-termine files in folder
2026-07-03 06:30:07,105 INFO No new w-termine files found
2026-07-03 06:30:07,107 INFO === scribe_sync end ===
2026-07-03 06:40:01,409 INFO === scribe_sync start ===
2026-07-03 06:40:03,018 INFO MCP session initialized (id=8afc7662-5c23-4795-918e-54625f7d5847)
2026-07-03 06:40:04,534 INFO Found folder 'Kindle Scribe' (ID: 1C38JFsUTRYHHimqlQwpoRka0Zi1QJKq6)
2026-07-03 06:40:05,917 INFO Found 0 w-termine files in folder
2026-07-03 06:40:05,917 INFO No new w-termine files found
2026-07-03 06:40:05,919 INFO === scribe_sync end ===
2026-07-03 06:50:01,905 INFO === scribe_sync start ===
2026-07-03 06:50:34,253 ERROR Unexpected error: HTTPSConnectionPool(host='connect.composio.dev', port=443): Read timed out. (read timeout=30)
Traceback (most recent call last):
  File "/usr/local/lib/python3.12/dist-packages/urllib3/connectionpool.py", line 464, in _make_request
    self._validate_conn(conn)
  File "/usr/local/lib/python3.12/dist-packages/urllib3/connectionpool.py", line 1093, in _validate_conn
    conn.connect()
  File "/usr/local/lib/python3.12/dist-packages/urllib3/connection.py", line 796, in connect
    sock_and_verified = _ssl_wrap_socket_and_match_hostname(
                        ^^^^^^^^^^^^^^^^^^^^^^^^^^^^^^^^^^^^
  File "/usr/local/lib/python3.12/dist-packages/urllib3/connection.py", line 975, in _ssl_wrap_socket_and_match_hostname
    ssl_sock = ssl_wrap_socket(
               ^^^^^^^^^^^^^^^^
  File "/usr/local/lib/python3.12/dist-packages/urllib3/util/ssl_.py", line 483, in ssl_wrap_socket
    ssl_sock = _ssl_wrap_socket_impl(sock, context, tls_in_tls, server_hostname)
               ^^^^^^^^^^^^^^^^^^^^^^^^^^^^^^^^^^^^^^^^^^^^^^^^^^^^^^^^^^^^^^^^^
  File "/usr/local/lib/python3.12/dist-packages/urllib3/util/ssl_.py", line 527, in _ssl_wrap_socket_impl
    return ssl_context.wrap_socket(sock, server_hostname=server_hostname)
           ^^^^^^^^^^^^^^^^^^^^^^^^^^^^^^^^^^^^^^^^^^^^^^^^^^^^^^^^^^^^^^
  File "/usr/lib/python3.12/ssl.py", line 455, in wrap_socket
    return self.sslsocket_class._create(
           ^^^^^^^^^^^^^^^^^^^^^^^^^^^^^
  File "/usr/lib/python3.12/ssl.py", line 1042, in _create
    self.do_handshake()
  File "/usr/lib/python3.12/ssl.py", line 1320, in do_handshake
    self._sslobj.do_handshake()
TimeoutError: _ssl.c:983: The handshake operation timed out

The above exception was the direct cause of the following exception:

Traceback (most recent call last):
  File "/usr/local/lib/python3.12/dist-packages/requests/adapters.py", line 696, in send
    resp = conn.urlopen(
           ^^^^^^^^^^^^^
  File "/usr/local/lib/python3.12/dist-packages/urllib3/connectionpool.py", line 841, in urlopen
    retries = retries.increment(
              ^^^^^^^^^^^^^^^^^^
  File "/usr/local/lib/python3.12/dist-packages/urllib3/util/retry.py", line 490, in increment
    raise reraise(type(error), error, _stacktrace)
          ^^^^^^^^^^^^^^^^^^^^^^^^^^^^^^^^^^^^^^^^
  File "/usr/local/lib/python3.12/dist-packages/urllib3/util/util.py", line 39, in reraise
    raise value
  File "/usr/local/lib/python3.12/dist-packages/urllib3/connectionpool.py", line 787, in urlopen
    response = self._make_request(
               ^^^^^^^^^^^^^^^^^^^
  File "/usr/local/lib/python3.12/dist-packages/urllib3/connectionpool.py", line 488, in _make_request
    raise new_e
  File "/usr/local/lib/python3.12/dist-packages/urllib3/connectionpool.py", line 466, in _make_request
    self._raise_timeout(err=e, url=url, timeout_value=conn.timeout)
  File "/usr/local/lib/python3.12/dist-packages/urllib3/connectionpool.py", line 367, in _raise_timeout
    raise ReadTimeoutError(
urllib3.exceptions.ReadTimeoutError: HTTPSConnectionPool(host='connect.composio.dev', port=443): Read timed out. (read timeout=30)

During handling of the above exception, another exception occurred:

Traceback (most recent call last):
  File "/root/.local/.openclaw/workspace/scribe/scribe_sync.py", line 605, in main
    process_files()
  File "/root/.local/.openclaw/workspace/scribe/scribe_sync.py", line 518, in process_files
    mcp = MCPClient(MCP_URL, str(OAUTH_FILE))
          ^^^^^^^^^^^^^^^^^^^^^^^^^^^^^^^^^^^
  File "/root/.local/.openclaw/workspace/scribe/scribe_sync.py", line 75, in __init__
    self._initialize()
  File "/root/.local/.openclaw/workspace/scribe/scribe_sync.py", line 108, in _initialize
    r = self.session.post(self.url, json=req, timeout=30)
        ^^^^^^^^^^^^^^^^^^^^^^^^^^^^^^^^^^^^^^^^^^^^^^^^^
  File "/usr/local/lib/python3.12/dist-packages/requests/sessions.py", line 712, in post
    return self.request("POST", url, data=data, json=json, **kwargs)
           ^^^^^^^^^^^^^^^^^^^^^^^^^^^^^^^^^^^^^^^^^^^^^^^^^^^^^^^^^
  File "/usr/local/lib/python3.12/dist-packages/requests/sessions.py", line 651, in request
    resp = self.send(prep, **send_kwargs)
           ^^^^^^^^^^^^^^^^^^^^^^^^^^^^^^
  File "/usr/local/lib/python3.12/dist-packages/requests/sessions.py", line 784, in send
    r = adapter.send(request, **kwargs)
        ^^^^^^^^^^^^^^^^^^^^^^^^^^^^^^^
  File "/usr/local/lib/python3.12/dist-packages/requests/adapters.py", line 742, in send
    raise ReadTimeout(e, request=request)
requests.exceptions.ReadTimeout: HTTPSConnectionPool(host='connect.composio.dev', port=443): Read timed out. (read timeout=30)
2026-07-03 06:50:34,293 INFO === scribe_sync end ===
2026-07-03 07:00:01,990 INFO === scribe_sync start ===
2026-07-03 07:00:08,008 INFO MCP session initialized (id=82f27424-4dc9-4042-a1d9-a8396495bb49)
2026-07-03 07:00:09,426 INFO Found folder 'Kindle Scribe' (ID: 1C38JFsUTRYHHimqlQwpoRka0Zi1QJKq6)
2026-07-03 07:00:14,070 INFO Found 0 w-termine files in folder
2026-07-03 07:00:14,070 INFO No new w-termine files found
2026-07-03 07:00:14,072 INFO === scribe_sync end ===
2026-07-03 07:10:02,353 INFO === scribe_sync start ===
2026-07-03 07:10:04,237 INFO MCP session initialized (id=946afa16-7358-4a1d-b3e8-672e66b22d12)
2026-07-03 07:10:05,694 INFO Found folder 'Kindle Scribe' (ID: 1C38JFsUTRYHHimqlQwpoRka0Zi1QJKq6)
2026-07-03 07:10:07,226 INFO Found 0 w-termine files in folder
2026-07-03 07:10:07,226 INFO No new w-termine files found
2026-07-03 07:10:07,228 INFO === scribe_sync end ===
2026-07-03 07:20:01,381 INFO === scribe_sync start ===
2026-07-03 07:20:02,741 INFO MCP session initialized (id=60be1d93-47ef-4922-ae87-5a8e723207df)
2026-07-03 07:20:04,187 INFO Found folder 'Kindle Scribe' (ID: 1C38JFsUTRYHHimqlQwpoRka0Zi1QJKq6)
2026-07-03 07:20:05,944 INFO Found 0 w-termine files in folder
2026-07-03 07:20:05,944 INFO No new w-termine files found
2026-07-03 07:20:05,956 INFO === scribe_sync end ===
2026-07-03 07:30:01,364 INFO === scribe_sync start ===
2026-07-03 07:30:03,068 INFO MCP session initialized (id=c6fcf5ac-d1fa-403f-8471-10d57900465d)
2026-07-03 07:30:04,834 INFO Found folder 'Kindle Scribe' (ID: 1C38JFsUTRYHHimqlQwpoRka0Zi1QJKq6)
2026-07-03 07:30:06,116 INFO Found 0 w-termine files in folder
2026-07-03 07:30:06,116 INFO No new w-termine files found
2026-07-03 07:30:06,118 INFO === scribe_sync end ===
2026-07-03 07:40:02,619 INFO === scribe_sync start ===
2026-07-03 07:40:04,526 INFO MCP session initialized (id=3be1e799-e4a2-4547-8d88-923ea33750a0)
2026-07-03 07:40:06,031 INFO Found folder 'Kindle Scribe' (ID: 1C38JFsUTRYHHimqlQwpoRka0Zi1QJKq6)
2026-07-03 07:40:08,073 INFO Found 0 w-termine files in folder
2026-07-03 07:40:08,074 INFO No new w-termine files found
2026-07-03 07:40:08,085 INFO === scribe_sync end ===
2026-07-03 07:50:01,848 INFO === scribe_sync start ===
2026-07-03 07:50:03,710 INFO MCP session initialized (id=ce95341a-a1d5-4aff-845c-4a087d5b1bd5)
2026-07-03 07:50:05,211 INFO Found folder 'Kindle Scribe' (ID: 1C38JFsUTRYHHimqlQwpoRka0Zi1QJKq6)
2026-07-03 07:50:06,670 INFO Found 0 w-termine files in folder
2026-07-03 07:50:06,670 INFO No new w-termine files found
2026-07-03 07:50:06,673 INFO === scribe_sync end ===
2026-07-03 08:00:02,046 INFO === scribe_sync start ===
2026-07-03 08:00:04,293 INFO MCP session initialized (id=88cd3131-aefb-4c83-a5c3-8466556a9cac)
2026-07-03 08:00:05,835 INFO Found folder 'Kindle Scribe' (ID: 1C38JFsUTRYHHimqlQwpoRka0Zi1QJKq6)
2026-07-03 08:00:07,570 INFO Found 0 w-termine files in folder
2026-07-03 08:00:07,570 INFO No new w-termine files found
2026-07-03 08:00:07,621 INFO === scribe_sync end ===
2026-07-03 08:10:02,249 INFO === scribe_sync start ===
2026-07-03 08:10:03,852 INFO MCP session initialized (id=4c2822a3-1115-45eb-b18f-26b6f25d7872)
2026-07-03 08:10:05,201 INFO Found folder 'Kindle Scribe' (ID: 1C38JFsUTRYHHimqlQwpoRka0Zi1QJKq6)
2026-07-03 08:10:06,553 INFO Found 0 w-termine files in folder
2026-07-03 08:10:06,553 INFO No new w-termine files found
2026-07-03 08:10:06,555 INFO === scribe_sync end ===
2026-07-03 08:20:01,271 INFO === scribe_sync start ===
2026-07-03 08:20:03,375 INFO MCP session initialized (id=ae4b609c-5339-45ab-b791-1fcc95d0d196)
2026-07-03 08:20:06,316 INFO Found folder 'Kindle Scribe' (ID: 1C38JFsUTRYHHimqlQwpoRka0Zi1QJKq6)
2026-07-03 08:20:07,574 INFO Found 0 w-termine files in folder
2026-07-03 08:20:07,575 INFO No new w-termine files found
2026-07-03 08:20:07,577 INFO === scribe_sync end ===
2026-07-03 08:30:01,880 INFO === scribe_sync start ===
2026-07-03 08:30:03,339 INFO MCP session initialized (id=88856b03-5467-4217-9ad7-a496c92e134a)
2026-07-03 08:30:05,321 INFO Found folder 'Kindle Scribe' (ID: 1C38JFsUTRYHHimqlQwpoRka0Zi1QJKq6)
2026-07-03 08:30:07,236 INFO Found 0 w-termine files in folder
2026-07-03 08:30:07,236 INFO No new w-termine files found
2026-07-03 08:30:07,240 INFO === scribe_sync end ===
2026-07-03 08:40:02,313 INFO === scribe_sync start ===
2026-07-03 08:40:04,108 INFO MCP session initialized (id=28a196aa-4c62-4cee-afee-b10170f797d3)
2026-07-03 08:40:05,790 INFO Found folder 'Kindle Scribe' (ID: 1C38JFsUTRYHHimqlQwpoRka0Zi1QJKq6)
2026-07-03 08:40:08,630 INFO Found 0 w-termine files in folder
2026-07-03 08:40:08,631 INFO No new w-termine files found
2026-07-03 08:40:08,632 INFO === scribe_sync end ===
2026-07-03 08:50:01,615 INFO === scribe_sync start ===
2026-07-03 08:50:03,540 INFO MCP session initialized (id=f3c28f7a-284b-4b96-b480-8d9a0d921bda)
2026-07-03 08:50:05,157 INFO Found folder 'Kindle Scribe' (ID: 1C38JFsUTRYHHimqlQwpoRka0Zi1QJKq6)
2026-07-03 08:50:06,533 INFO Found 0 w-termine files in folder
2026-07-03 08:50:06,534 INFO No new w-termine files found
2026-07-03 08:50:06,539 INFO === scribe_sync end ===
2026-07-03 09:00:02,209 INFO === scribe_sync start ===
2026-07-03 09:00:03,796 INFO MCP session initialized (id=3ceb4981-bf47-4ee5-9f7b-36611eefef1c)
2026-07-03 09:00:05,173 INFO Found folder 'Kindle Scribe' (ID: 1C38JFsUTRYHHimqlQwpoRka0Zi1QJKq6)
2026-07-03 09:00:06,631 INFO Found 0 w-termine files in folder
2026-07-03 09:00:06,631 INFO No new w-termine files found
2026-07-03 09:00:06,637 INFO === scribe_sync end ===
2026-07-03 09:09:47,595 INFO === scribe_sync start ===
2026-07-03 09:09:48,927 INFO MCP session initialized (id=cc552f24-00ac-48cd-8e98-67a2b1ac3a28)
2026-07-03 09:09:50,242 INFO Found folder 'Kindle Scribe' (ID: 1C38JFsUTRYHHimqlQwpoRka0Zi1QJKq6)
2026-07-03 09:09:51,532 INFO Found 0 w-termine files in folder
2026-07-03 09:09:51,535 INFO No new w-termine files found
2026-07-03 09:09:51,539 INFO === scribe_sync end ===
2026-07-03 09:10:01,715 INFO === scribe_sync start ===
2026-07-03 09:10:03,268 INFO MCP session initialized (id=f1fa70a0-fe24-4920-86aa-43319b41ca72)
2026-07-03 09:10:05,293 INFO Found folder 'Kindle Scribe' (ID: 1C38JFsUTRYHHimqlQwpoRka0Zi1QJKq6)
2026-07-03 09:10:06,520 INFO Found 0 w-termine files in folder
2026-07-03 09:10:06,520 INFO No new w-termine files found
2026-07-03 09:10:06,522 INFO === scribe_sync end ===
2026-07-03 09:20:01,906 INFO === scribe_sync start ===
2026-07-03 09:20:03,728 INFO MCP session initialized (id=6e841be6-0a2e-42ed-84b0-6151f4a9d505)
2026-07-03 09:20:05,005 INFO Found folder 'Kindle Scribe' (ID: 1C38JFsUTRYHHimqlQwpoRka0Zi1QJKq6)
2026-07-03 09:20:07,026 INFO Found 0 w-termine files in folder
2026-07-03 09:20:07,027 INFO No new w-termine files found
2026-07-03 09:20:07,029 INFO === scribe_sync end ===
2026-07-03 09:30:01,833 INFO === scribe_sync start ===
2026-07-03 09:30:03,592 INFO MCP session initialized (id=616f2f24-2a31-4efd-b306-f84a828079be)
2026-07-03 09:30:05,271 INFO Found folder 'Kindle Scribe' (ID: 1C38JFsUTRYHHimqlQwpoRka0Zi1QJKq6)
2026-07-03 09:30:06,627 INFO Found 0 w-termine files in folder
2026-07-03 09:30:06,640 INFO No new w-termine files found
2026-07-03 09:30:06,695 INFO === scribe_sync end ===
2026-07-03 09:40:01,347 INFO === scribe_sync start ===
2026-07-03 09:40:03,136 INFO MCP session initialized (id=dca23a28-03be-4808-9754-b79e6d92a952)
2026-07-03 09:40:04,459 INFO Found folder 'Kindle Scribe' (ID: 1C38JFsUTRYHHimqlQwpoRka0Zi1QJKq6)
2026-07-03 09:40:05,771 INFO Found 0 w-termine files in folder
2026-07-03 09:40:05,772 INFO No new w-termine files found
2026-07-03 09:40:05,775 INFO === scribe_sync end ===
2026-07-03 09:50:01,760 INFO === scribe_sync start ===
2026-07-03 09:50:03,334 INFO MCP session initialized (id=05506ac5-81f5-483b-8011-098355bec232)
2026-07-03 09:50:04,787 INFO Found folder 'Kindle Scribe' (ID: 1C38JFsUTRYHHimqlQwpoRka0Zi1QJKq6)
2026-07-03 09:50:06,099 INFO Found 0 w-termine files in folder
2026-07-03 09:50:06,100 INFO No new w-termine files found
2026-07-03 09:50:06,128 INFO === scribe_sync end ===
2026-07-03 10:00:01,184 INFO === scribe_sync start ===
2026-07-03 10:00:03,451 INFO MCP session initialized (id=4747d494-c7c5-4b2d-9d50-d17d35313493)
2026-07-03 10:00:05,116 INFO Found folder 'Kindle Scribe' (ID: 1C38JFsUTRYHHimqlQwpoRka0Zi1QJKq6)
2026-07-03 10:00:06,633 INFO Found 0 w-termine files in folder
2026-07-03 10:00:06,633 INFO No new w-termine files found
2026-07-03 10:00:06,635 INFO === scribe_sync end ===
2026-07-03 10:10:01,438 INFO === scribe_sync start ===
2026-07-03 10:10:03,018 INFO MCP session initialized (id=ffd66b71-a95b-4769-98c7-1cb0be16a7a4)
2026-07-03 10:10:06,044 INFO Found folder 'Kindle Scribe' (ID: 1C38JFsUTRYHHimqlQwpoRka0Zi1QJKq6)
2026-07-03 10:10:07,284 INFO Found 0 w-termine files in folder
2026-07-03 10:10:07,284 INFO No new w-termine files found
2026-07-03 10:10:07,287 INFO === scribe_sync end ===
2026-07-03 10:20:01,693 INFO === scribe_sync start ===
2026-07-03 10:20:03,406 INFO MCP session initialized (id=5ade59bb-e756-4c78-a3f1-bfdfbc4cc75e)
2026-07-03 10:20:04,882 INFO Found folder 'Kindle Scribe' (ID: 1C38JFsUTRYHHimqlQwpoRka0Zi1QJKq6)
2026-07-03 10:20:06,321 INFO Found 0 w-termine files in folder
2026-07-03 10:20:06,322 INFO No new w-termine files found
2026-07-03 10:20:06,324 INFO === scribe_sync end ===
2026-07-03 10:30:01,211 INFO === scribe_sync start ===
2026-07-03 10:30:03,201 INFO MCP session initialized (id=5d621665-b2dd-4b35-8d15-f57e20604d09)
2026-07-03 10:30:04,661 INFO Found folder 'Kindle Scribe' (ID: 1C38JFsUTRYHHimqlQwpoRka0Zi1QJKq6)
2026-07-03 10:30:06,069 INFO Found 0 w-termine files in folder
2026-07-03 10:30:06,069 INFO No new w-termine files found
2026-07-03 10:30:06,121 INFO === scribe_sync end ===
2026-07-03 10:40:01,883 INFO === scribe_sync start ===
2026-07-03 10:40:03,962 INFO MCP session initialized (id=04f66148-4ff2-4152-ab04-aef700232a71)
2026-07-03 10:40:05,252 INFO Found folder 'Kindle Scribe' (ID: 1C38JFsUTRYHHimqlQwpoRka0Zi1QJKq6)
2026-07-03 10:40:06,871 INFO Found 0 w-termine files in folder
2026-07-03 10:40:06,871 INFO No new w-termine files found
2026-07-03 10:40:06,874 INFO === scribe_sync end ===
2026-07-03 10:50:01,486 INFO === scribe_sync start ===
2026-07-03 10:50:03,097 INFO MCP session initialized (id=06ed3ca1-fbbf-41db-87a7-dec14b5b6857)
2026-07-03 10:50:04,460 INFO Found folder 'Kindle Scribe' (ID: 1C38JFsUTRYHHimqlQwpoRka0Zi1QJKq6)
2026-07-03 10:50:06,144 INFO Found 0 w-termine files in folder
2026-07-03 10:50:06,144 INFO No new w-termine files found
2026-07-03 10:50:06,146 INFO === scribe_sync end ===
2026-07-03 10:51:22,487 INFO === scribe_sync start ===
2026-07-03 10:51:23,749 INFO MCP session initialized (id=746e7ff2-bc98-43ac-aefa-f4e86407ce04)
2026-07-03 10:51:25,169 INFO Found folder 'Kindle Scribe' (ID: 1C38JFsUTRYHHimqlQwpoRka0Zi1QJKq6)
2026-07-03 10:51:26,336 INFO Found 0 w-termine files in folder
2026-07-03 10:51:26,337 INFO No new w-termine files found
2026-07-03 10:51:26,339 INFO === scribe_sync end ===
2026-07-03 11:00:02,279 INFO === scribe_sync start ===
2026-07-03 11:00:03,848 INFO MCP session initialized (id=47e8f6f2-2f03-4816-91bb-d8c59013fad3)
2026-07-03 11:00:05,380 INFO Found folder 'Kindle Scribe' (ID: 1C38JFsUTRYHHimqlQwpoRka0Zi1QJKq6)
2026-07-03 11:00:13,750 INFO Found 0 w-termine files in folder
2026-07-03 11:00:13,750 INFO No new w-termine files found
2026-07-03 11:00:13,763 INFO === scribe_sync end ===
2026-07-03 11:10:01,735 INFO === scribe_sync start ===
2026-07-03 11:10:03,360 INFO MCP session initialized (id=1dc1ab48-d8f2-4948-b97d-f838bb781d54)
2026-07-03 11:10:04,849 INFO Found folder 'Kindle Scribe' (ID: 1C38JFsUTRYHHimqlQwpoRka0Zi1QJKq6)
2026-07-03 11:10:06,200 INFO Found 0 w-termine files in folder
2026-07-03 11:10:06,200 INFO No new w-termine files found
2026-07-03 11:10:06,211 INFO === scribe_sync end ===
2026-07-03 11:20:01,829 INFO === scribe_sync start ===
2026-07-03 11:20:03,455 ERROR Unexpected error: ('Connection aborted.', RemoteDisconnected('Remote end closed connection without response'))
Traceback (most recent call last):
  File "/usr/local/lib/python3.12/dist-packages/urllib3/connectionpool.py", line 787, in urlopen
    response = self._make_request(
               ^^^^^^^^^^^^^^^^^^^
  File "/usr/local/lib/python3.12/dist-packages/urllib3/connectionpool.py", line 534, in _make_request
    response = conn.getresponse()
               ^^^^^^^^^^^^^^^^^^
  File "/usr/local/lib/python3.12/dist-packages/urllib3/connection.py", line 571, in getresponse
    httplib_response = super().getresponse()
                       ^^^^^^^^^^^^^^^^^^^^^
  File "/usr/lib/python3.12/http/client.py", line 1448, in getresponse
    response.begin()
  File "/usr/lib/python3.12/http/client.py", line 336, in begin
    version, status, reason = self._read_status()
                              ^^^^^^^^^^^^^^^^^^^
  File "/usr/lib/python3.12/http/client.py", line 305, in _read_status
    raise RemoteDisconnected("Remote end closed connection without"
http.client.RemoteDisconnected: Remote end closed connection without response

During handling of the above exception, another exception occurred:

Traceback (most recent call last):
  File "/usr/local/lib/python3.12/dist-packages/requests/adapters.py", line 696, in send
    resp = conn.urlopen(
           ^^^^^^^^^^^^^
  File "/usr/local/lib/python3.12/dist-packages/urllib3/connectionpool.py", line 841, in urlopen
    retries = retries.increment(
              ^^^^^^^^^^^^^^^^^^
  File "/usr/local/lib/python3.12/dist-packages/urllib3/util/retry.py", line 490, in increment
    raise reraise(type(error), error, _stacktrace)
          ^^^^^^^^^^^^^^^^^^^^^^^^^^^^^^^^^^^^^^^^
  File "/usr/local/lib/python3.12/dist-packages/urllib3/util/util.py", line 38, in reraise
    raise value.with_traceback(tb)
  File "/usr/local/lib/python3.12/dist-packages/urllib3/connectionpool.py", line 787, in urlopen
    response = self._make_request(
               ^^^^^^^^^^^^^^^^^^^
  File "/usr/local/lib/python3.12/dist-packages/urllib3/connectionpool.py", line 534, in _make_request
    response = conn.getresponse()
               ^^^^^^^^^^^^^^^^^^
  File "/usr/local/lib/python3.12/dist-packages/urllib3/connection.py", line 571, in getresponse
    httplib_response = super().getresponse()
                       ^^^^^^^^^^^^^^^^^^^^^
  File "/usr/lib/python3.12/http/client.py", line 1448, in getresponse
    response.begin()
  File "/usr/lib/python3.12/http/client.py", line 336, in begin
    version, status, reason = self._read_status()
                              ^^^^^^^^^^^^^^^^^^^
  File "/usr/lib/python3.12/http/client.py", line 305, in _read_status
    raise RemoteDisconnected("Remote end closed connection without"
urllib3.exceptions.ProtocolError: ('Connection aborted.', RemoteDisconnected('Remote end closed connection without response'))

During handling of the above exception, another exception occurred:

Traceback (most recent call last):
  File "/root/.local/.openclaw/workspace/scribe/scribe_sync.py", line 605, in main
    process_files()
  File "/root/.local/.openclaw/workspace/scribe/scribe_sync.py", line 518, in process_files
    mcp = MCPClient(MCP_URL, str(OAUTH_FILE))
          ^^^^^^^^^^^^^^^^^^^^^^^^^^^^^^^^^^^
  File "/root/.local/.openclaw/workspace/scribe/scribe_sync.py", line 75, in __init__
    self._initialize()
  File "/root/.local/.openclaw/workspace/scribe/scribe_sync.py", line 116, in _initialize
    self.session.post(self.url, json=notif, timeout=10)
  File "/usr/local/lib/python3.12/dist-packages/requests/sessions.py", line 712, in post
    return self.request("POST", url, data=data, json=json, **kwargs)
           ^^^^^^^^^^^^^^^^^^^^^^^^^^^^^^^^^^^^^^^^^^^^^^^^^^^^^^^^^
  File "/usr/local/lib/python3.12/dist-packages/requests/sessions.py", line 651, in request
    resp = self.send(prep, **send_kwargs)
           ^^^^^^^^^^^^^^^^^^^^^^^^^^^^^^
  File "/usr/local/lib/python3.12/dist-packages/requests/sessions.py", line 784, in send
    r = adapter.send(request, **kwargs)
        ^^^^^^^^^^^^^^^^^^^^^^^^^^^^^^^
  File "/usr/local/lib/python3.12/dist-packages/requests/adapters.py", line 711, in send
    raise ConnectionError(err, request=request)
requests.exceptions.ConnectionError: ('Connection aborted.', RemoteDisconnected('Remote end closed connection without response'))
2026-07-03 11:20:03,575 INFO === scribe_sync end ===
2026-07-03 11:30:01,781 INFO === scribe_sync start ===
2026-07-03 11:30:03,522 INFO MCP session initialized (id=5346defd-8959-47ba-8239-2770d5e75bcd)
2026-07-03 11:30:04,981 INFO Found folder 'Kindle Scribe' (ID: 1C38JFsUTRYHHimqlQwpoRka0Zi1QJKq6)
2026-07-03 11:30:06,192 INFO Found 0 w-termine files in folder
2026-07-03 11:30:06,192 INFO No new w-termine files found
2026-07-03 11:30:06,195 INFO === scribe_sync end ===
2026-07-03 11:40:01,999 INFO === scribe_sync start ===
2026-07-03 11:40:03,539 INFO MCP session initialized (id=48399986-a5a4-4f23-8aa4-50b2dedd13f7)
2026-07-03 11:40:04,923 INFO Found folder 'Kindle Scribe' (ID: 1C38JFsUTRYHHimqlQwpoRka0Zi1QJKq6)
2026-07-03 11:40:06,588 INFO Found 0 w-termine files in folder
2026-07-03 11:40:06,588 INFO No new w-termine files found
2026-07-03 11:40:06,591 INFO === scribe_sync end ===
2026-07-03 11:50:01,594 INFO === scribe_sync start ===
2026-07-03 11:50:03,400 INFO MCP session initialized (id=eb993c2f-a6bf-46a9-bc90-f3d61f53f849)
2026-07-03 11:50:04,749 INFO Found folder 'Kindle Scribe' (ID: 1C38JFsUTRYHHimqlQwpoRka0Zi1QJKq6)
2026-07-03 11:50:05,986 INFO Found 0 w-termine files in folder
2026-07-03 11:50:05,986 INFO No new w-termine files found
2026-07-03 11:50:05,993 INFO === scribe_sync end ===
2026-07-03 12:00:02,144 INFO === scribe_sync start ===
2026-07-03 12:00:03,971 INFO MCP session initialized (id=13acec8c-8111-40ff-a05f-1ed14b3f8b04)
2026-07-03 12:00:05,806 INFO Found folder 'Kindle Scribe' (ID: 1C38JFsUTRYHHimqlQwpoRka0Zi1QJKq6)
2026-07-03 12:00:07,279 INFO Found 0 w-termine files in folder
2026-07-03 12:00:07,279 INFO No new w-termine files found
2026-07-03 12:00:07,282 INFO === scribe_sync end ===
2026-07-03 12:10:01,568 INFO === scribe_sync start ===
2026-07-03 12:10:03,030 INFO MCP session initialized (id=cb83b91f-2c98-4fb7-a4e3-99bd06c756d3)
2026-07-03 12:10:04,321 INFO Found folder 'Kindle Scribe' (ID: 1C38JFsUTRYHHimqlQwpoRka0Zi1QJKq6)
2026-07-03 12:10:05,669 INFO Found 0 w-termine files in folder
2026-07-03 12:10:05,670 INFO No new w-termine files found
2026-07-03 12:10:05,806 INFO === scribe_sync end ===
2026-07-03 12:20:01,221 INFO === scribe_sync start ===
2026-07-03 12:20:03,241 INFO MCP session initialized (id=78722afe-3d9b-4789-a920-bf7815d76259)
2026-07-03 12:20:04,963 INFO Found folder 'Kindle Scribe' (ID: 1C38JFsUTRYHHimqlQwpoRka0Zi1QJKq6)
2026-07-03 12:20:06,228 INFO Found 0 w-termine files in folder
2026-07-03 12:20:06,228 INFO No new w-termine files found
2026-07-03 12:20:06,306 INFO === scribe_sync end ===
2026-07-03 12:30:01,430 INFO === scribe_sync start ===
2026-07-03 12:30:03,421 INFO MCP session initialized (id=8fd06e10-c315-4442-b084-8dbf7effec08)
2026-07-03 12:30:04,873 INFO Found folder 'Kindle Scribe' (ID: 1C38JFsUTRYHHimqlQwpoRka0Zi1QJKq6)
2026-07-03 12:30:06,154 INFO Found 0 w-termine files in folder
2026-07-03 12:30:06,155 INFO No new w-termine files found
2026-07-03 12:30:06,158 INFO === scribe_sync end ===
2026-07-03 12:40:01,546 INFO === scribe_sync start ===
2026-07-03 12:40:03,214 INFO MCP session initialized (id=a08ad9c3-d1d4-453d-8e7f-811adfdb0f68)
2026-07-03 12:40:04,948 INFO Found folder 'Kindle Scribe' (ID: 1C38JFsUTRYHHimqlQwpoRka0Zi1QJKq6)
2026-07-03 12:40:06,458 INFO Found 0 w-termine files in folder
2026-07-03 12:40:06,460 INFO No new w-termine files found
2026-07-03 12:40:06,473 INFO === scribe_sync end ===
2026-07-03 12:50:01,280 INFO === scribe_sync start ===
2026-07-03 12:50:02,712 INFO MCP session initialized (id=c5e02098-3866-44c5-ba12-f6ad253e4834)
2026-07-03 12:50:04,233 INFO Found folder 'Kindle Scribe' (ID: 1C38JFsUTRYHHimqlQwpoRka0Zi1QJKq6)
2026-07-03 12:50:06,190 INFO Found 0 w-termine files in folder
2026-07-03 12:50:06,191 INFO No new w-termine files found
2026-07-03 12:50:06,205 INFO === scribe_sync end ===
2026-07-03 13:00:02,286 INFO === scribe_sync start ===
2026-07-03 13:00:10,277 INFO MCP session initialized (id=3b8aaa2e-fca2-46a2-9de6-2001af687d44)
2026-07-03 13:00:12,335 INFO Found folder 'Kindle Scribe' (ID: 1C38JFsUTRYHHimqlQwpoRka0Zi1QJKq6)
2026-07-03 13:00:13,806 INFO Found 0 w-termine files in folder
2026-07-03 13:00:13,806 INFO No new w-termine files found
2026-07-03 13:00:13,808 INFO === scribe_sync end ===
2026-07-03 13:10:01,517 INFO === scribe_sync start ===
2026-07-03 13:10:03,681 INFO MCP session initialized (id=9ee203b8-c265-4f66-bf58-52164950f47e)
2026-07-03 13:10:05,031 INFO Found folder 'Kindle Scribe' (ID: 1C38JFsUTRYHHimqlQwpoRka0Zi1QJKq6)
2026-07-03 13:10:06,609 INFO Found 0 w-termine files in folder
2026-07-03 13:10:06,625 INFO No new w-termine files found
2026-07-03 13:10:06,645 INFO === scribe_sync end ===
2026-07-03 13:17:30,078 INFO === scribe_sync start ===
2026-07-03 13:17:31,967 INFO MCP session initialized (id=a5fde7a1-4b61-4eaa-9a97-58124c747d11)
2026-07-03 13:17:35,345 INFO Found folder 'Kindle Scribe' (ID: 1C38JFsUTRYHHimqlQwpoRka0Zi1QJKq6)
2026-07-03 13:17:36,580 INFO Found 0 w-termine files in folder
2026-07-03 13:17:36,580 INFO No new w-termine files found
2026-07-03 13:17:36,583 INFO === scribe_sync end ===
2026-07-03 13:20:02,044 INFO === scribe_sync start ===
2026-07-03 13:20:03,800 INFO MCP session initialized (id=0469f1e5-41d1-40eb-9b7b-dacbebc34cc7)
2026-07-03 13:20:05,242 INFO Found folder 'Kindle Scribe' (ID: 1C38JFsUTRYHHimqlQwpoRka0Zi1QJKq6)
2026-07-03 13:20:07,576 INFO Found 0 w-termine files in folder
2026-07-03 13:20:07,577 INFO No new w-termine files found
2026-07-03 13:20:07,585 INFO === scribe_sync end ===
2026-07-03 13:30:01,327 INFO === scribe_sync start ===
2026-07-03 13:30:03,067 INFO MCP session initialized (id=d504d949-62f1-4559-949f-ba62042afa51)
2026-07-03 13:30:04,473 INFO Found folder 'Kindle Scribe' (ID: 1C38JFsUTRYHHimqlQwpoRka0Zi1QJKq6)
2026-07-03 13:30:06,013 INFO Found 0 w-termine files in folder
2026-07-03 13:30:06,013 INFO No new w-termine files found
2026-07-03 13:30:06,015 INFO === scribe_sync end ===
2026-07-03 13:40:01,429 INFO === scribe_sync start ===
2026-07-03 13:40:03,058 INFO MCP session initialized (id=319f73f4-6df9-49bf-b77d-fb6fc96b8d9f)
2026-07-03 13:40:04,516 INFO Found folder 'Kindle Scribe' (ID: 1C38JFsUTRYHHimqlQwpoRka0Zi1QJKq6)
2026-07-03 13:40:06,174 INFO Found 0 w-termine files in folder
2026-07-03 13:40:06,174 INFO No new w-termine files found
2026-07-03 13:40:06,177 INFO === scribe_sync end ===
2026-07-03 13:50:01,891 INFO === scribe_sync start ===
2026-07-03 13:50:03,227 INFO MCP session initialized (id=ac68d6bc-0a6c-4f97-9da6-47945720580c)
2026-07-03 13:50:04,511 INFO Found folder 'Kindle Scribe' (ID: 1C38JFsUTRYHHimqlQwpoRka0Zi1QJKq6)
2026-07-03 13:50:06,263 INFO Found 0 w-termine files in folder
2026-07-03 13:50:06,263 INFO No new w-termine files found
2026-07-03 13:50:06,264 INFO === scribe_sync end ===
2026-07-03 14:00:01,604 INFO === scribe_sync start ===
2026-07-03 14:00:03,815 INFO MCP session initialized (id=d7965097-b7b2-4ddc-8e43-58d274a45d0a)
2026-07-03 14:00:05,794 INFO Found folder 'Kindle Scribe' (ID: 1C38JFsUTRYHHimqlQwpoRka0Zi1QJKq6)
2026-07-03 14:00:07,317 INFO Found 0 w-termine files in folder
2026-07-03 14:00:07,318 INFO No new w-termine files found
2026-07-03 14:00:07,322 INFO === scribe_sync end ===
2026-07-03 14:10:02,207 INFO === scribe_sync start ===
2026-07-03 14:10:04,128 INFO MCP session initialized (id=4a5ae805-5150-46ce-8433-fc9e44da1009)
2026-07-03 14:10:05,674 INFO Found folder 'Kindle Scribe' (ID: 1C38JFsUTRYHHimqlQwpoRka0Zi1QJKq6)
2026-07-03 14:10:07,019 INFO Found 0 w-termine files in folder
2026-07-03 14:10:07,019 INFO No new w-termine files found
2026-07-03 14:10:07,021 INFO === scribe_sync end ===
2026-07-03 14:20:02,185 INFO === scribe_sync start ===
2026-07-03 14:20:03,819 INFO MCP session initialized (id=6e7c719a-4d3e-4536-a5bc-3959ca2d8488)
2026-07-03 14:20:07,314 INFO Found folder 'Kindle Scribe' (ID: 1C38JFsUTRYHHimqlQwpoRka0Zi1QJKq6)
2026-07-03 14:20:08,820 INFO Found 0 w-termine files in folder
2026-07-03 14:20:08,821 INFO No new w-termine files found
2026-07-03 14:20:08,824 INFO === scribe_sync end ===
2026-07-03 14:30:01,716 INFO === scribe_sync start ===
2026-07-03 14:30:03,571 INFO MCP session initialized (id=7709d59d-81cb-4685-af44-1fd3582b688b)
2026-07-03 14:30:06,142 INFO Found folder 'Kindle Scribe' (ID: 1C38JFsUTRYHHimqlQwpoRka0Zi1QJKq6)
2026-07-03 14:30:07,487 INFO Found 0 w-termine files in folder
2026-07-03 14:30:07,487 INFO No new w-termine files found
2026-07-03 14:30:07,489 INFO === scribe_sync end ===
2026-07-03 14:35:26,722 INFO === scribe_sync start ===
2026-07-03 14:35:27,982 INFO MCP session initialized (id=4cbfec6a-ba85-4e1b-be61-b2495bdb2b3a)
2026-07-03 14:35:29,336 INFO Found folder 'Kindle Scribe' (ID: 1C38JFsUTRYHHimqlQwpoRka0Zi1QJKq6)
2026-07-03 14:35:29,382 INFO === scribe_sync start ===
2026-07-03 14:35:30,516 INFO Found 0 w-termine files in folder
2026-07-03 14:35:30,516 INFO No new w-termine files found
2026-07-03 14:35:30,518 INFO === scribe_sync end ===
2026-07-03 14:35:30,615 INFO MCP session initialized (id=73553c20-9f0d-44a0-bead-a36b09c272c9)
2026-07-03 14:35:33,069 INFO Found folder 'Kindle Scribe' (ID: 1C38JFsUTRYHHimqlQwpoRka0Zi1QJKq6)
2026-07-03 14:35:34,288 INFO Found 0 w-termine files in folder
2026-07-03 14:35:34,289 INFO No new w-termine files found
2026-07-03 14:35:34,290 INFO === scribe_sync end ===
2026-07-03 14:35:47,829 INFO === scribe_sync start ===
2026-07-03 14:35:49,164 INFO MCP session initialized (id=a97cfa6a-f9b9-4821-82ed-09fe076c19f0)
2026-07-03 14:35:50,502 INFO Found folder 'Kindle Scribe' (ID: 1C38JFsUTRYHHimqlQwpoRka0Zi1QJKq6)
2026-07-03 14:35:52,909 INFO Found 0 w-termine files in folder
2026-07-03 14:35:52,910 INFO No new w-termine files found
2026-07-03 14:35:52,914 INFO === scribe_sync end ===
2026-07-03 14:40:02,231 INFO === scribe_sync start ===
2026-07-03 14:40:03,850 INFO MCP session initialized (id=382d7e38-602c-422c-b8f3-fafeaface6da)
2026-07-03 14:40:07,001 INFO Found folder 'Kindle Scribe' (ID: 1C38JFsUTRYHHimqlQwpoRka0Zi1QJKq6)
2026-07-03 14:40:08,156 INFO Found 0 w-termine files in folder
2026-07-03 14:40:08,156 INFO No new w-termine files found
2026-07-03 14:40:08,158 INFO === scribe_sync end ===
2026-07-03 14:50:02,474 INFO === scribe_sync start ===
2026-07-03 14:50:04,054 INFO MCP session initialized (id=29419142-1865-49e2-b335-5a7bec7a6eb7)
2026-07-03 14:50:05,466 INFO Found folder 'Kindle Scribe' (ID: 1C38JFsUTRYHHimqlQwpoRka0Zi1QJKq6)
2026-07-03 14:50:06,738 INFO Found 0 w-termine files in folder
2026-07-03 14:50:06,738 INFO No new w-termine files found
2026-07-03 14:50:06,745 INFO === scribe_sync end ===
2026-07-03 15:00:01,230 INFO === scribe_sync start ===
2026-07-03 15:00:03,126 INFO MCP session initialized (id=59577492-2b69-4683-801c-3ab1f3745aad)
2026-07-03 15:00:04,532 INFO Found folder 'Kindle Scribe' (ID: 1C38JFsUTRYHHimqlQwpoRka0Zi1QJKq6)
2026-07-03 15:00:06,412 INFO Found 0 w-termine files in folder
2026-07-03 15:00:06,412 INFO No new w-termine files found
2026-07-03 15:00:06,503 INFO === scribe_sync end ===
2026-07-03 15:10:01,329 INFO === scribe_sync start ===
2026-07-03 15:10:02,763 INFO MCP session initialized (id=d598a058-3402-465d-88c0-db6f15fff942)
2026-07-03 15:10:03,459 INFO === scribe_sync start ===
2026-07-03 15:10:04,173 INFO Found folder 'Kindle Scribe' (ID: 1C38JFsUTRYHHimqlQwpoRka0Zi1QJKq6)
2026-07-03 15:10:05,131 INFO MCP session initialized (id=145df3ad-cd78-4b74-bf82-4016a819961d)
2026-07-03 15:10:05,638 INFO Found 0 w-termine files in folder
2026-07-03 15:10:05,638 INFO No new w-termine files found
2026-07-03 15:10:05,649 INFO === scribe_sync end ===
2026-07-03 15:10:06,616 INFO Found folder 'Kindle Scribe' (ID: 1C38JFsUTRYHHimqlQwpoRka0Zi1QJKq6)
2026-07-03 15:10:07,870 INFO Found 0 w-termine files in folder
2026-07-03 15:10:07,870 INFO No new w-termine files found
2026-07-03 15:10:07,873 INFO === scribe_sync end ===
2026-07-03 15:20:02,091 INFO === scribe_sync start ===
2026-07-03 15:20:04,246 INFO MCP session initialized (id=5b0143ef-fa80-464a-8b5d-27081f5f30eb)
2026-07-03 15:20:05,909 INFO Found folder 'Kindle Scribe' (ID: 1C38JFsUTRYHHimqlQwpoRka0Zi1QJKq6)
2026-07-03 15:20:07,155 INFO Found 0 w-termine files in folder
2026-07-03 15:20:07,155 INFO No new w-termine files found
2026-07-03 15:20:07,157 INFO === scribe_sync end ===
2026-07-03 15:30:01,813 INFO === scribe_sync start ===
2026-07-03 15:30:04,125 INFO MCP session initialized (id=84732289-68d7-4ddf-8868-cc221c12192e)
2026-07-03 15:30:05,632 INFO Found folder 'Kindle Scribe' (ID: 1C38JFsUTRYHHimqlQwpoRka0Zi1QJKq6)
2026-07-03 15:30:06,908 INFO Found 0 w-termine files in folder
2026-07-03 15:30:06,908 INFO No new w-termine files found
2026-07-03 15:30:06,910 INFO === scribe_sync end ===
2026-07-03 15:40:02,825 INFO === scribe_sync start ===
2026-07-03 15:40:05,381 INFO MCP session initialized (id=aeafbcd4-85dc-4d49-9d7b-41e92be5d7b6)
2026-07-03 15:40:06,738 INFO Found folder 'Kindle Scribe' (ID: 1C38JFsUTRYHHimqlQwpoRka0Zi1QJKq6)
2026-07-03 15:40:07,958 INFO Found 0 w-termine files in folder
2026-07-03 15:40:07,958 INFO No new w-termine files found
2026-07-03 15:40:07,984 INFO === scribe_sync end ===
2026-07-03 15:50:01,972 INFO === scribe_sync start ===
2026-07-03 15:50:04,074 INFO MCP session initialized (id=15ea201a-27bf-4b2c-9ced-21291e3ad30c)
2026-07-03 15:50:05,458 INFO Found folder 'Kindle Scribe' (ID: 1C38JFsUTRYHHimqlQwpoRka0Zi1QJKq6)
2026-07-03 15:50:06,749 INFO Found 0 w-termine files in folder
2026-07-03 15:50:06,750 INFO No new w-termine files found
2026-07-03 15:50:06,751 INFO === scribe_sync end ===
2026-07-03 16:00:02,114 INFO === scribe_sync start ===
2026-07-03 16:00:07,353 INFO MCP session initialized (id=f661e1d5-2773-4181-b144-1f019da805d4)
2026-07-03 16:00:08,870 INFO Found folder 'Kindle Scribe' (ID: 1C38JFsUTRYHHimqlQwpoRka0Zi1QJKq6)
2026-07-03 16:00:12,488 INFO Found 0 w-termine files in folder
2026-07-03 16:00:12,489 INFO No new w-termine files found
2026-07-03 16:00:12,530 INFO === scribe_sync end ===
2026-07-03 16:10:02,059 INFO === scribe_sync start ===
2026-07-03 16:10:03,525 INFO MCP session initialized (id=57f4c093-b33e-4107-bcc8-5cf58dc67f7c)
2026-07-03 16:10:05,567 INFO Found folder 'Kindle Scribe' (ID: 1C38JFsUTRYHHimqlQwpoRka0Zi1QJKq6)
2026-07-03 16:10:06,847 INFO Found 0 w-termine files in folder
2026-07-03 16:10:06,847 INFO No new w-termine files found
2026-07-03 16:10:06,850 INFO === scribe_sync end ===
2026-07-03 16:20:01,719 INFO === scribe_sync start ===
2026-07-03 16:20:03,571 INFO MCP session initialized (id=1ab054b2-e8ab-4efb-8c67-9167c6e5da86)
2026-07-03 16:20:05,029 INFO Found folder 'Kindle Scribe' (ID: 1C38JFsUTRYHHimqlQwpoRka0Zi1QJKq6)
2026-07-03 16:20:06,271 INFO Found 0 w-termine files in folder
2026-07-03 16:20:06,271 INFO No new w-termine files found
2026-07-03 16:20:06,274 INFO === scribe_sync end ===
2026-07-03 16:30:02,084 INFO === scribe_sync start ===
2026-07-03 16:30:03,620 INFO MCP session initialized (id=2462b898-dc28-4858-8109-343a2cc939c7)
2026-07-03 16:30:05,050 INFO Found folder 'Kindle Scribe' (ID: 1C38JFsUTRYHHimqlQwpoRka0Zi1QJKq6)
2026-07-03 16:30:06,400 INFO Found 0 w-termine files in folder
2026-07-03 16:30:06,401 INFO No new w-termine files found
2026-07-03 16:30:06,405 INFO === scribe_sync end ===
2026-07-03 16:40:01,689 INFO === scribe_sync start ===
2026-07-03 16:40:03,209 INFO MCP session initialized (id=d5b932f9-48da-48a8-a989-0266a52cbca5)
2026-07-03 16:40:04,520 INFO Found folder 'Kindle Scribe' (ID: 1C38JFsUTRYHHimqlQwpoRka0Zi1QJKq6)
2026-07-03 16:40:05,709 INFO Found 0 w-termine files in folder
2026-07-03 16:40:05,710 INFO No new w-termine files found
2026-07-03 16:40:05,711 INFO === scribe_sync end ===
2026-07-03 16:50:01,840 INFO === scribe_sync start ===
2026-07-03 16:50:03,537 INFO MCP session initialized (id=2b93420d-1ffb-4252-9172-1db9b8c9ea31)
2026-07-03 16:50:04,800 INFO Found folder 'Kindle Scribe' (ID: 1C38JFsUTRYHHimqlQwpoRka0Zi1QJKq6)
2026-07-03 16:50:06,149 INFO Found 0 w-termine files in folder
2026-07-03 16:50:06,149 INFO No new w-termine files found
2026-07-03 16:50:06,151 INFO === scribe_sync end ===
2026-07-03 17:00:02,120 INFO === scribe_sync start ===
2026-07-03 17:00:08,287 INFO MCP session initialized (id=bf942998-90b1-4656-9619-4fbcc72bb989)
2026-07-03 17:00:12,671 INFO Found folder 'Kindle Scribe' (ID: 1C38JFsUTRYHHimqlQwpoRka0Zi1QJKq6)
2026-07-03 17:00:14,233 INFO Found 0 w-termine files in folder
2026-07-03 17:00:14,233 INFO No new w-termine files found
2026-07-03 17:00:14,235 INFO === scribe_sync end ===
2026-07-03 17:10:01,587 INFO === scribe_sync start ===
2026-07-03 17:10:03,228 INFO MCP session initialized (id=915e35e1-acb0-49e0-8ae1-f2d6d3969fbe)
2026-07-03 17:10:04,612 INFO Found folder 'Kindle Scribe' (ID: 1C38JFsUTRYHHimqlQwpoRka0Zi1QJKq6)
2026-07-03 17:10:05,978 INFO Found 0 w-termine files in folder
2026-07-03 17:10:05,978 INFO No new w-termine files found
2026-07-03 17:10:05,981 INFO === scribe_sync end ===
2026-07-03 17:20:01,611 INFO === scribe_sync start ===
2026-07-03 17:20:03,321 INFO MCP session initialized (id=d8a1ad57-4356-43bc-a876-5810fc745d78)
2026-07-03 17:20:05,306 INFO Found folder 'Kindle Scribe' (ID: 1C38JFsUTRYHHimqlQwpoRka0Zi1QJKq6)
2026-07-03 17:20:06,761 INFO Found 0 w-termine files in folder
2026-07-03 17:20:06,761 INFO No new w-termine files found
2026-07-03 17:20:06,762 INFO === scribe_sync end ===
2026-07-03 17:30:01,785 INFO === scribe_sync start ===
2026-07-03 17:30:03,859 INFO MCP session initialized (id=40e9ada3-0fd3-4112-b577-3ce4c6a3ebcd)
2026-07-03 17:30:06,873 INFO Found folder 'Kindle Scribe' (ID: 1C38JFsUTRYHHimqlQwpoRka0Zi1QJKq6)
2026-07-03 17:30:08,239 INFO Found 0 w-termine files in folder
2026-07-03 17:30:08,240 INFO No new w-termine files found
2026-07-03 17:30:08,254 INFO === scribe_sync end ===
2026-07-03 17:40:01,457 INFO === scribe_sync start ===
2026-07-03 17:40:02,938 INFO MCP session initialized (id=33561b94-d399-4a39-8fda-f896ff747d93)
2026-07-03 17:40:04,436 INFO Found folder 'Kindle Scribe' (ID: 1C38JFsUTRYHHimqlQwpoRka0Zi1QJKq6)
2026-07-03 17:40:05,734 INFO Found 0 w-termine files in folder
2026-07-03 17:40:05,734 INFO No new w-termine files found
2026-07-03 17:40:05,736 INFO === scribe_sync end ===
2026-07-03 17:50:02,169 INFO === scribe_sync start ===
2026-07-03 17:50:04,111 INFO MCP session initialized (id=e1436941-424c-4643-b017-1946f44eec01)
2026-07-03 17:50:05,407 INFO Found folder 'Kindle Scribe' (ID: 1C38JFsUTRYHHimqlQwpoRka0Zi1QJKq6)
2026-07-03 17:50:06,738 INFO Found 0 w-termine files in folder
2026-07-03 17:50:06,738 INFO No new w-termine files found
2026-07-03 17:50:06,740 INFO === scribe_sync end ===
2026-07-03 18:00:02,461 INFO === scribe_sync start ===
2026-07-03 18:00:09,127 INFO MCP session initialized (id=7672147b-d117-485c-bf2b-72f8c0910215)
2026-07-03 18:00:10,684 INFO Found folder 'Kindle Scribe' (ID: 1C38JFsUTRYHHimqlQwpoRka0Zi1QJKq6)
2026-07-03 18:00:14,164 INFO Found 0 w-termine files in folder
2026-07-03 18:00:14,165 INFO No new w-termine files found
2026-07-03 18:00:14,167 INFO === scribe_sync end ===
2026-07-03 18:10:01,974 INFO === scribe_sync start ===
2026-07-03 18:10:03,565 INFO MCP session initialized (id=f34f6ca7-67d9-46a2-926c-a63bf3135d04)
2026-07-03 18:10:04,911 INFO Found folder 'Kindle Scribe' (ID: 1C38JFsUTRYHHimqlQwpoRka0Zi1QJKq6)
2026-07-03 18:10:07,669 INFO Found 0 w-termine files in folder
2026-07-03 18:10:07,670 INFO No new w-termine files found
2026-07-03 18:10:07,686 INFO === scribe_sync end ===
2026-07-03 18:20:01,895 INFO === scribe_sync start ===
2026-07-03 18:20:03,273 INFO MCP session initialized (id=dbcb894d-b8dc-4cd5-aa36-f8109fead544)
2026-07-03 18:20:04,628 INFO Found folder 'Kindle Scribe' (ID: 1C38JFsUTRYHHimqlQwpoRka0Zi1QJKq6)
2026-07-03 18:20:05,864 INFO Found 0 w-termine files in folder
2026-07-03 18:20:05,864 INFO No new w-termine files found
2026-07-03 18:20:05,866 INFO === scribe_sync end ===
2026-07-03 18:30:01,739 INFO === scribe_sync start ===
2026-07-03 18:30:03,874 INFO MCP session initialized (id=1b198d0b-47a1-496b-927e-0ca6e87ee764)
2026-07-03 18:30:05,296 INFO Found folder 'Kindle Scribe' (ID: 1C38JFsUTRYHHimqlQwpoRka0Zi1QJKq6)
2026-07-03 18:30:06,567 INFO Found 0 w-termine files in folder
2026-07-03 18:30:06,568 INFO No new w-termine files found
2026-07-03 18:30:06,570 INFO === scribe_sync end ===
2026-07-03 18:40:02,038 INFO === scribe_sync start ===
2026-07-03 18:40:03,556 INFO MCP session initialized (id=6a559321-eaf7-4466-837e-8b35519b29b8)
2026-07-03 18:40:04,946 INFO Found folder 'Kindle Scribe' (ID: 1C38JFsUTRYHHimqlQwpoRka0Zi1QJKq6)
2026-07-03 18:40:06,088 INFO Found 0 w-termine files in folder
2026-07-03 18:40:06,088 INFO No new w-termine files found
2026-07-03 18:40:06,090 INFO === scribe_sync end ===
2026-07-03 18:50:01,632 INFO === scribe_sync start ===
2026-07-03 18:50:03,258 INFO MCP session initialized (id=50d6c2ff-76fd-41de-9603-6c1517bfd7c7)
2026-07-03 18:50:04,638 INFO Found folder 'Kindle Scribe' (ID: 1C38JFsUTRYHHimqlQwpoRka0Zi1QJKq6)
2026-07-03 18:50:05,759 INFO Found 0 w-termine files in folder
2026-07-03 18:50:05,759 INFO No new w-termine files found
2026-07-03 18:50:05,777 INFO === scribe_sync end ===
2026-07-03 19:00:02,481 INFO === scribe_sync start ===
2026-07-03 19:00:04,414 INFO MCP session initialized (id=c6f2b036-cc22-4626-8444-c0f253f5e2ab)
2026-07-03 19:00:10,517 INFO Found folder 'Kindle Scribe' (ID: 1C38JFsUTRYHHimqlQwpoRka0Zi1QJKq6)
2026-07-03 19:00:12,102 INFO Found 0 w-termine files in folder
2026-07-03 19:00:12,103 INFO No new w-termine files found
2026-07-03 19:00:12,113 INFO === scribe_sync end ===
2026-07-03 19:10:01,407 INFO === scribe_sync start ===
2026-07-03 19:10:03,152 INFO MCP session initialized (id=b4b00a22-e83e-40ad-9fb4-a795de1ad77c)
2026-07-03 19:10:04,473 INFO Found folder 'Kindle Scribe' (ID: 1C38JFsUTRYHHimqlQwpoRka0Zi1QJKq6)
2026-07-03 19:10:05,723 INFO Found 0 w-termine files in folder
2026-07-03 19:10:05,723 INFO No new w-termine files found
2026-07-03 19:10:05,727 INFO === scribe_sync end ===
2026-07-03 19:20:01,232 INFO === scribe_sync start ===
2026-07-03 19:20:02,743 INFO MCP session initialized (id=1de07179-5056-412f-aeb0-30cb1a7f0e0b)
2026-07-03 19:20:04,104 INFO Found folder 'Kindle Scribe' (ID: 1C38JFsUTRYHHimqlQwpoRka0Zi1QJKq6)
2026-07-03 19:20:05,547 INFO Found 0 w-termine files in folder
2026-07-03 19:20:05,547 INFO No new w-termine files found
2026-07-03 19:20:05,550 INFO === scribe_sync end ===
2026-07-03 19:30:01,290 INFO === scribe_sync start ===
2026-07-03 19:30:02,711 INFO MCP session initialized (id=765098c3-5ed2-4e58-a427-17b9d510bd51)
2026-07-03 19:30:04,344 INFO Found folder 'Kindle Scribe' (ID: 1C38JFsUTRYHHimqlQwpoRka0Zi1QJKq6)
2026-07-03 19:30:05,618 INFO Found 0 w-termine files in folder
2026-07-03 19:30:05,618 INFO No new w-termine files found
2026-07-03 19:30:05,620 INFO === scribe_sync end ===
2026-07-03 19:40:01,784 INFO === scribe_sync start ===
2026-07-03 19:40:03,212 INFO MCP session initialized (id=c9754a06-605f-419b-8981-cccc3b36c672)
2026-07-03 19:40:04,653 INFO Found folder 'Kindle Scribe' (ID: 1C38JFsUTRYHHimqlQwpoRka0Zi1QJKq6)
2026-07-03 19:40:06,018 INFO Found 0 w-termine files in folder
2026-07-03 19:40:06,018 INFO No new w-termine files found
2026-07-03 19:40:06,023 INFO === scribe_sync end ===
2026-07-03 19:50:01,386 INFO === scribe_sync start ===
2026-07-03 19:50:03,656 INFO MCP session initialized (id=d9939393-d9e3-45f9-96c7-ea30ff732099)
2026-07-03 19:50:05,134 INFO Found folder 'Kindle Scribe' (ID: 1C38JFsUTRYHHimqlQwpoRka0Zi1QJKq6)
2026-07-03 19:50:06,620 INFO Found 0 w-termine files in folder
2026-07-03 19:50:06,620 INFO No new w-termine files found
2026-07-03 19:50:06,638 INFO === scribe_sync end ===
2026-07-03 20:00:01,622 INFO === scribe_sync start ===
2026-07-03 20:00:04,185 INFO MCP session initialized (id=b3765d5f-932a-4793-b1b1-31d90f5f600d)
2026-07-03 20:00:06,293 INFO Found folder 'Kindle Scribe' (ID: 1C38JFsUTRYHHimqlQwpoRka0Zi1QJKq6)
2026-07-03 20:00:07,668 INFO Found 0 w-termine files in folder
2026-07-03 20:00:07,668 INFO No new w-termine files found
2026-07-03 20:00:07,675 INFO === scribe_sync end ===
2026-07-03 20:10:02,400 INFO === scribe_sync start ===
2026-07-03 20:10:04,079 INFO MCP session initialized (id=620bd146-ac8a-4d6b-a89e-6c57748963cf)
2026-07-03 20:10:05,424 INFO Found folder 'Kindle Scribe' (ID: 1C38JFsUTRYHHimqlQwpoRka0Zi1QJKq6)
2026-07-03 20:10:06,675 INFO Found 0 w-termine files in folder
2026-07-03 20:10:06,676 INFO No new w-termine files found
2026-07-03 20:10:06,684 INFO === scribe_sync end ===
2026-07-03 20:20:01,411 INFO === scribe_sync start ===
2026-07-03 20:20:03,146 INFO MCP session initialized (id=9c479bd9-519a-4836-af11-69e9cb953ae2)
2026-07-03 20:20:04,628 INFO Found folder 'Kindle Scribe' (ID: 1C38JFsUTRYHHimqlQwpoRka0Zi1QJKq6)
2026-07-03 20:20:06,092 INFO Found 0 w-termine files in folder
2026-07-03 20:20:06,092 INFO No new w-termine files found
2026-07-03 20:20:06,096 INFO === scribe_sync end ===
2026-07-03 20:21:34,082 INFO === scribe_sync start ===
2026-07-03 20:21:35,519 INFO MCP session initialized (id=2677b44d-6e2c-4115-ac90-f24f96c0e101)
2026-07-03 20:21:36,952 INFO Found folder 'Kindle Scribe' (ID: 1C38JFsUTRYHHimqlQwpoRka0Zi1QJKq6)
2026-07-03 20:21:38,165 INFO Found 0 w-termine files in folder
2026-07-03 20:21:38,166 INFO No new w-termine files found
2026-07-03 20:21:38,167 INFO === scribe_sync end ===
2026-07-03 20:30:01,250 INFO === scribe_sync start ===
2026-07-03 20:30:03,768 INFO MCP session initialized (id=3324a75e-6d53-4795-b7c5-a3cf27365e07)
2026-07-03 20:30:05,363 INFO Found folder 'Kindle Scribe' (ID: 1C38JFsUTRYHHimqlQwpoRka0Zi1QJKq6)
2026-07-03 20:30:07,018 INFO Found 0 w-termine files in folder
2026-07-03 20:30:07,019 INFO No new w-termine files found
2026-07-03 20:30:07,022 INFO === scribe_sync end ===
2026-07-03 20:40:01,199 INFO === scribe_sync start ===
2026-07-03 20:40:02,725 INFO MCP session initialized (id=befe29a5-1aec-42a7-ab83-b3f0350d06a1)
2026-07-03 20:40:04,111 INFO Found folder 'Kindle Scribe' (ID: 1C38JFsUTRYHHimqlQwpoRka0Zi1QJKq6)
2026-07-03 20:40:05,411 INFO Found 0 w-termine files in folder
2026-07-03 20:40:05,413 INFO No new w-termine files found
2026-07-03 20:40:05,421 INFO === scribe_sync end ===
2026-07-03 20:50:01,954 INFO === scribe_sync start ===
2026-07-03 20:50:03,264 INFO MCP session initialized (id=bc4b0ac4-db8f-4ad7-bcce-25f0a817b9a4)
2026-07-03 20:50:04,475 INFO Found folder 'Kindle Scribe' (ID: 1C38JFsUTRYHHimqlQwpoRka0Zi1QJKq6)
2026-07-03 20:50:05,847 INFO Found 0 w-termine files in folder
2026-07-03 20:50:05,847 INFO No new w-termine files found
2026-07-03 20:50:05,849 INFO === scribe_sync end ===
2026-07-03 21:00:02,567 INFO === scribe_sync start ===
2026-07-03 21:00:04,343 INFO MCP session initialized (id=f6978c2a-4a03-49db-b655-4e2b18389454)
2026-07-03 21:00:05,962 INFO Found folder 'Kindle Scribe' (ID: 1C38JFsUTRYHHimqlQwpoRka0Zi1QJKq6)
2026-07-03 21:00:07,295 INFO Found 0 w-termine files in folder
2026-07-03 21:00:07,295 INFO No new w-termine files found
2026-07-03 21:00:07,300 INFO === scribe_sync end ===
2026-07-03 21:10:02,059 INFO === scribe_sync start ===
2026-07-03 21:10:03,319 INFO MCP session initialized (id=6f637852-4462-4c9b-9dd0-e64f7280f07c)
2026-07-03 21:10:04,737 INFO Found folder 'Kindle Scribe' (ID: 1C38JFsUTRYHHimqlQwpoRka0Zi1QJKq6)
2026-07-03 21:10:06,166 INFO Found 0 w-termine files in folder
2026-07-03 21:10:06,166 INFO No new w-termine files found
2026-07-03 21:10:06,169 INFO === scribe_sync end ===
2026-07-03 21:20:01,998 INFO === scribe_sync start ===
2026-07-03 21:20:03,855 INFO MCP session initialized (id=dc7fc317-6248-45e2-8038-55d4075d9e53)
2026-07-03 21:20:05,435 INFO Found folder 'Kindle Scribe' (ID: 1C38JFsUTRYHHimqlQwpoRka0Zi1QJKq6)
2026-07-03 21:20:06,615 INFO Found 0 w-termine files in folder
2026-07-03 21:20:06,617 INFO No new w-termine files found
2026-07-03 21:20:06,619 INFO === scribe_sync end ===
2026-07-03 21:30:01,177 INFO === scribe_sync start ===
2026-07-03 21:30:03,089 INFO MCP session initialized (id=a82f3a0f-98a6-4a44-a8e5-2de51b101d06)
2026-07-03 21:30:04,752 INFO Found folder 'Kindle Scribe' (ID: 1C38JFsUTRYHHimqlQwpoRka0Zi1QJKq6)
2026-07-03 21:30:06,100 INFO Found 0 w-termine files in folder
2026-07-03 21:30:06,101 INFO No new w-termine files found
2026-07-03 21:30:06,104 INFO === scribe_sync end ===
2026-07-03 21:40:01,192 INFO === scribe_sync start ===
2026-07-03 21:40:02,425 INFO MCP session initialized (id=8a00f2b0-0243-4804-915c-741cf8744309)
2026-07-03 21:40:04,186 INFO Found folder 'Kindle Scribe' (ID: 1C38JFsUTRYHHimqlQwpoRka0Zi1QJKq6)
2026-07-03 21:40:05,444 INFO Found 0 w-termine files in folder
2026-07-03 21:40:05,444 INFO No new w-termine files found
2026-07-03 21:40:05,447 INFO === scribe_sync end ===
2026-07-03 21:50:02,134 INFO === scribe_sync start ===
2026-07-03 21:50:03,398 INFO MCP session initialized (id=05b3be4d-1384-4e2f-9f1a-dd895fcd2b4e)
2026-07-03 21:50:04,604 INFO Found folder 'Kindle Scribe' (ID: 1C38JFsUTRYHHimqlQwpoRka0Zi1QJKq6)
2026-07-03 21:50:05,887 INFO Found 0 w-termine files in folder
2026-07-03 21:50:05,888 INFO No new w-termine files found
2026-07-03 21:50:05,893 INFO === scribe_sync end ===
2026-07-03 22:00:01,451 INFO === scribe_sync start ===
2026-07-03 22:00:03,921 INFO MCP session initialized (id=04a9cd63-90d8-4fa1-9ab2-8abde09129e8)
2026-07-03 22:00:05,886 INFO Found folder 'Kindle Scribe' (ID: 1C38JFsUTRYHHimqlQwpoRka0Zi1QJKq6)
2026-07-03 22:00:07,041 INFO Found 0 w-termine files in folder
2026-07-03 22:00:07,041 INFO No new w-termine files found
2026-07-03 22:00:07,047 INFO === scribe_sync end ===
2026-07-03 22:10:01,520 INFO === scribe_sync start ===
2026-07-03 22:10:02,872 INFO MCP session initialized (id=e7012217-05f9-49ed-b81d-d0ece1c3e5af)
2026-07-03 22:10:04,397 INFO Found folder 'Kindle Scribe' (ID: 1C38JFsUTRYHHimqlQwpoRka0Zi1QJKq6)
2026-07-03 22:10:05,819 INFO Found 0 w-termine files in folder
2026-07-03 22:10:05,819 INFO No new w-termine files found
2026-07-03 22:10:05,822 INFO === scribe_sync end ===
2026-07-03 22:20:02,081 INFO === scribe_sync start ===
2026-07-03 22:20:03,524 INFO MCP session initialized (id=015eb663-e049-4ad8-8f23-40478f16199b)
2026-07-03 22:20:04,818 INFO Found folder 'Kindle Scribe' (ID: 1C38JFsUTRYHHimqlQwpoRka0Zi1QJKq6)
2026-07-03 22:20:06,137 INFO Found 0 w-termine files in folder
2026-07-03 22:20:06,137 INFO No new w-termine files found
2026-07-03 22:20:06,139 INFO === scribe_sync end ===
2026-07-03 22:30:01,994 INFO === scribe_sync start ===
2026-07-03 22:30:03,623 INFO MCP session initialized (id=4f31944b-4928-4109-83d7-23de28589b09)
2026-07-03 22:30:04,912 INFO Found folder 'Kindle Scribe' (ID: 1C38JFsUTRYHHimqlQwpoRka0Zi1QJKq6)
2026-07-03 22:30:06,323 INFO Found 0 w-termine files in folder
2026-07-03 22:30:06,323 INFO No new w-termine files found
2026-07-03 22:30:06,329 INFO === scribe_sync end ===
2026-07-03 22:40:01,933 INFO === scribe_sync start ===
2026-07-03 22:40:03,742 INFO MCP session initialized (id=4c48ceab-c00c-47c3-a64c-1acba0cfa037)
2026-07-03 22:40:05,846 INFO Found folder 'Kindle Scribe' (ID: 1C38JFsUTRYHHimqlQwpoRka0Zi1QJKq6)
2026-07-03 22:40:07,171 INFO Found 0 w-termine files in folder
2026-07-03 22:40:07,171 INFO No new w-termine files found
2026-07-03 22:40:07,174 INFO === scribe_sync end ===
2026-07-03 22:50:01,542 INFO === scribe_sync start ===
2026-07-03 22:50:02,897 INFO MCP session initialized (id=d2561400-0b0b-468b-8d07-6a3afff63b14)
2026-07-03 22:50:04,148 INFO Found folder 'Kindle Scribe' (ID: 1C38JFsUTRYHHimqlQwpoRka0Zi1QJKq6)
2026-07-03 22:50:05,782 INFO Found 0 w-termine files in folder
2026-07-03 22:50:05,782 INFO No new w-termine files found
2026-07-03 22:50:05,784 INFO === scribe_sync end ===
2026-07-03 23:00:01,410 INFO === scribe_sync start ===
2026-07-03 23:00:03,773 INFO MCP session initialized (id=90c4f466-cb92-49b5-8a2c-a6ca288871e4)
2026-07-03 23:00:10,297 INFO Found folder 'Kindle Scribe' (ID: 1C38JFsUTRYHHimqlQwpoRka0Zi1QJKq6)
2026-07-03 23:00:11,643 INFO Found 0 w-termine files in folder
2026-07-03 23:00:11,643 INFO No new w-termine files found
2026-07-03 23:00:11,648 INFO === scribe_sync end ===
2026-07-03 23:10:02,259 INFO === scribe_sync start ===
2026-07-03 23:10:03,918 INFO MCP session initialized (id=ae600028-fef2-4ad8-b356-3fd73660e959)
2026-07-03 23:10:05,288 INFO Found folder 'Kindle Scribe' (ID: 1C38JFsUTRYHHimqlQwpoRka0Zi1QJKq6)
2026-07-03 23:10:06,593 INFO Found 0 w-termine files in folder
2026-07-03 23:10:06,593 INFO No new w-termine files found
2026-07-03 23:10:06,596 INFO === scribe_sync end ===
2026-07-03 23:20:01,695 INFO === scribe_sync start ===
2026-07-03 23:20:03,281 INFO MCP session initialized (id=dd9dd0bb-d7f3-4271-8cfd-0b799dac7787)
2026-07-03 23:20:05,561 INFO Found folder 'Kindle Scribe' (ID: 1C38JFsUTRYHHimqlQwpoRka0Zi1QJKq6)
2026-07-03 23:20:06,726 INFO Found 0 w-termine files in folder
2026-07-03 23:20:06,726 INFO No new w-termine files found
2026-07-03 23:20:06,729 INFO === scribe_sync end ===
2026-07-03 23:30:01,283 INFO === scribe_sync start ===
2026-07-03 23:30:34,620 INFO MCP session initialized (id=6787ead2-c324-43f3-9312-29f4d4e9ae95)
2026-07-03 23:30:36,020 INFO Found folder 'Kindle Scribe' (ID: 1C38JFsUTRYHHimqlQwpoRka0Zi1QJKq6)
2026-07-03 23:30:37,703 INFO Found 0 w-termine files in folder
2026-07-03 23:30:37,704 INFO No new w-termine files found
2026-07-03 23:30:37,707 INFO === scribe_sync end ===
2026-07-03 23:40:01,587 INFO === scribe_sync start ===
2026-07-03 23:40:02,883 INFO MCP session initialized (id=8ad077bc-1e79-4d25-a4d2-e498345788ac)
2026-07-03 23:40:04,478 INFO Found folder 'Kindle Scribe' (ID: 1C38JFsUTRYHHimqlQwpoRka0Zi1QJKq6)
2026-07-03 23:40:06,464 INFO Found 0 w-termine files in folder
2026-07-03 23:40:06,464 INFO No new w-termine files found
2026-07-03 23:40:06,466 INFO === scribe_sync end ===
2026-07-03 23:50:01,834 INFO === scribe_sync start ===
2026-07-03 23:50:03,622 INFO MCP session initialized (id=8d3b4252-7277-42ac-95a6-9df6f6f477c3)
2026-07-03 23:50:05,102 INFO Found folder 'Kindle Scribe' (ID: 1C38JFsUTRYHHimqlQwpoRka0Zi1QJKq6)
2026-07-03 23:50:06,564 INFO Found 0 w-termine files in folder
2026-07-03 23:50:06,564 INFO No new w-termine files found
2026-07-03 23:50:06,569 INFO === scribe_sync end ===
2026-07-04 00:00:01,555 INFO === scribe_sync start ===
2026-07-04 00:00:03,305 INFO MCP session initialized (id=825782d0-1f57-45df-bc66-561f258e3f56)
2026-07-04 00:00:05,109 INFO Found folder 'Kindle Scribe' (ID: 1C38JFsUTRYHHimqlQwpoRka0Zi1QJKq6)
2026-07-04 00:00:06,498 INFO Found 0 w-termine files in folder
2026-07-04 00:00:06,498 INFO No new w-termine files found
2026-07-04 00:00:06,619 INFO === scribe_sync end ===
2026-07-04 00:10:02,379 INFO === scribe_sync start ===
2026-07-04 00:10:04,352 INFO MCP session initialized (id=5642b9aa-82e8-40eb-9169-f0f0def18949)
2026-07-04 00:10:05,913 INFO Found folder 'Kindle Scribe' (ID: 1C38JFsUTRYHHimqlQwpoRka0Zi1QJKq6)
2026-07-04 00:10:07,218 INFO Found 0 w-termine files in folder
2026-07-04 00:10:07,218 INFO No new w-termine files found
2026-07-04 00:10:07,221 INFO === scribe_sync end ===
2026-07-04 00:20:01,668 INFO === scribe_sync start ===
2026-07-04 00:20:03,103 INFO MCP session initialized (id=b2ae2e8d-a2a6-4e12-8df7-cd19f777f903)
2026-07-04 00:20:04,510 INFO Found folder 'Kindle Scribe' (ID: 1C38JFsUTRYHHimqlQwpoRka0Zi1QJKq6)
2026-07-04 00:20:05,745 INFO Found 0 w-termine files in folder
2026-07-04 00:20:05,746 INFO No new w-termine files found
2026-07-04 00:20:05,748 INFO === scribe_sync end ===
2026-07-04 00:30:01,444 INFO === scribe_sync start ===
2026-07-04 00:30:02,833 INFO MCP session initialized (id=320379ea-e18b-433d-9b62-bb4c2d0482b4)
2026-07-04 00:30:04,291 INFO Found folder 'Kindle Scribe' (ID: 1C38JFsUTRYHHimqlQwpoRka0Zi1QJKq6)
2026-07-04 00:30:05,723 INFO Found 0 w-termine files in folder
2026-07-04 00:30:05,723 INFO No new w-termine files found
2026-07-04 00:30:05,731 INFO === scribe_sync end ===
2026-07-04 00:40:01,441 INFO === scribe_sync start ===
2026-07-04 00:40:03,534 INFO MCP session initialized (id=ffbe62b4-48ee-4676-b888-633f282239ca)
2026-07-04 00:40:05,545 INFO Found folder 'Kindle Scribe' (ID: 1C38JFsUTRYHHimqlQwpoRka0Zi1QJKq6)
2026-07-04 00:40:06,733 INFO Found 0 w-termine files in folder
2026-07-04 00:40:06,736 INFO No new w-termine files found
2026-07-04 00:40:06,739 INFO === scribe_sync end ===
2026-07-04 00:50:01,906 INFO === scribe_sync start ===
2026-07-04 00:50:03,361 INFO MCP session initialized (id=f79be08a-939d-4612-af67-d882299e0447)
2026-07-04 00:50:05,067 INFO Found folder 'Kindle Scribe' (ID: 1C38JFsUTRYHHimqlQwpoRka0Zi1QJKq6)
2026-07-04 00:50:07,657 INFO Found 0 w-termine files in folder
2026-07-04 00:50:07,658 INFO No new w-termine files found
2026-07-04 00:50:07,660 INFO === scribe_sync end ===
2026-07-04 01:00:01,674 INFO === scribe_sync start ===
2026-07-04 01:00:03,360 INFO MCP session initialized (id=6f4111f0-6812-4ae6-87cb-b5f918fd25d0)
2026-07-04 01:00:04,756 INFO Found folder 'Kindle Scribe' (ID: 1C38JFsUTRYHHimqlQwpoRka0Zi1QJKq6)
2026-07-04 01:00:06,128 INFO Found 0 w-termine files in folder
2026-07-04 01:00:06,128 INFO No new w-termine files found
2026-07-04 01:00:06,131 INFO === scribe_sync end ===
2026-07-04 01:10:02,236 INFO === scribe_sync start ===
2026-07-04 01:10:03,788 INFO MCP session initialized (id=3270bb65-6b08-4b15-9a94-504efa9b34e5)
2026-07-04 01:10:05,017 INFO Found folder 'Kindle Scribe' (ID: 1C38JFsUTRYHHimqlQwpoRka0Zi1QJKq6)
2026-07-04 01:10:06,487 INFO Found 0 w-termine files in folder
2026-07-04 01:10:06,488 INFO No new w-termine files found
2026-07-04 01:10:06,493 INFO === scribe_sync end ===
2026-07-04 01:20:01,996 INFO === scribe_sync start ===
2026-07-04 01:20:03,415 INFO MCP session initialized (id=190e670e-b923-4c5f-b710-fa4d42cd2148)
2026-07-04 01:20:04,761 INFO Found folder 'Kindle Scribe' (ID: 1C38JFsUTRYHHimqlQwpoRka0Zi1QJKq6)
2026-07-04 01:20:05,955 INFO Found 0 w-termine files in folder
2026-07-04 01:20:05,955 INFO No new w-termine files found
2026-07-04 01:20:05,960 INFO === scribe_sync end ===
2026-07-04 01:30:03,130 INFO === scribe_sync start ===
2026-07-04 01:30:04,469 INFO MCP session initialized (id=5c402dc6-5b97-4c08-a3c1-f0e0f3533967)
2026-07-04 01:30:05,883 INFO Found folder 'Kindle Scribe' (ID: 1C38JFsUTRYHHimqlQwpoRka0Zi1QJKq6)
2026-07-04 01:30:07,288 INFO Found 0 w-termine files in folder
2026-07-04 01:30:07,288 INFO No new w-termine files found
2026-07-04 01:30:07,291 INFO === scribe_sync end ===
2026-07-04 01:40:02,699 INFO === scribe_sync start ===
2026-07-04 01:40:04,492 INFO MCP session initialized (id=cc22e355-887f-43e6-8e43-bb51c3a8f872)
2026-07-04 01:40:06,902 INFO Found folder 'Kindle Scribe' (ID: 1C38JFsUTRYHHimqlQwpoRka0Zi1QJKq6)
2026-07-04 01:40:08,223 INFO Found 0 w-termine files in folder
2026-07-04 01:40:08,224 INFO No new w-termine files found
2026-07-04 01:40:08,225 INFO === scribe_sync end ===
2026-07-04 01:50:02,405 INFO === scribe_sync start ===
2026-07-04 01:50:04,531 INFO MCP session initialized (id=7af197d8-508c-4abb-8544-3f8d62b0e654)
2026-07-04 01:50:05,910 INFO Found folder 'Kindle Scribe' (ID: 1C38JFsUTRYHHimqlQwpoRka0Zi1QJKq6)
2026-07-04 01:50:07,277 INFO Found 0 w-termine files in folder
2026-07-04 01:50:07,278 INFO No new w-termine files found
2026-07-04 01:50:07,279 INFO === scribe_sync end ===
2026-07-04 02:00:02,565 INFO === scribe_sync start ===
2026-07-04 02:00:04,731 INFO MCP session initialized (id=f3bb8518-3e0b-43fe-9227-915ed37806c8)
2026-07-04 02:00:06,070 INFO Found folder 'Kindle Scribe' (ID: 1C38JFsUTRYHHimqlQwpoRka0Zi1QJKq6)
2026-07-04 02:00:07,437 INFO Found 0 w-termine files in folder
2026-07-04 02:00:07,469 INFO No new w-termine files found
2026-07-04 02:00:07,474 INFO === scribe_sync end ===
2026-07-04 02:10:01,511 INFO === scribe_sync start ===
2026-07-04 02:10:07,000 INFO MCP session initialized (id=d52bc3bd-1971-4002-b1e9-5c3b435ad066)
2026-07-04 02:10:08,591 INFO Found folder 'Kindle Scribe' (ID: 1C38JFsUTRYHHimqlQwpoRka0Zi1QJKq6)
2026-07-04 02:10:09,968 INFO Found 0 w-termine files in folder
2026-07-04 02:10:09,968 INFO No new w-termine files found
2026-07-04 02:10:09,971 INFO === scribe_sync end ===
2026-07-04 02:20:03,042 INFO === scribe_sync start ===
2026-07-04 02:20:17,390 INFO MCP session initialized (id=506ab9a4-d3ef-490f-861b-630f5284bbf9)
2026-07-04 02:20:18,576 INFO Found folder 'Kindle Scribe' (ID: 1C38JFsUTRYHHimqlQwpoRka0Zi1QJKq6)
2026-07-04 02:20:19,817 INFO Found 0 w-termine files in folder
2026-07-04 02:20:19,817 INFO No new w-termine files found
2026-07-04 02:20:19,819 INFO === scribe_sync end ===
2026-07-04 02:30:01,127 INFO === scribe_sync start ===
2026-07-04 02:30:03,065 INFO MCP session initialized (id=ee5df613-9c80-4697-9687-f562fdbce4fc)
2026-07-04 02:30:09,048 INFO Found folder 'Kindle Scribe' (ID: 1C38JFsUTRYHHimqlQwpoRka0Zi1QJKq6)
2026-07-04 02:30:10,330 INFO Found 0 w-termine files in folder
2026-07-04 02:30:10,330 INFO No new w-termine files found
2026-07-04 02:30:10,332 INFO === scribe_sync end ===
2026-07-04 02:40:02,215 INFO === scribe_sync start ===
2026-07-04 02:40:03,784 INFO MCP session initialized (id=2455923c-5f05-47b3-8542-892f59fb12f5)
2026-07-04 02:40:05,018 INFO Found folder 'Kindle Scribe' (ID: 1C38JFsUTRYHHimqlQwpoRka0Zi1QJKq6)
2026-07-04 02:40:12,654 INFO Found 0 w-termine files in folder
2026-07-04 02:40:12,655 INFO No new w-termine files found
2026-07-04 02:40:12,657 INFO === scribe_sync end ===
2026-07-04 02:50:01,257 INFO === scribe_sync start ===
2026-07-04 02:50:02,916 INFO MCP session initialized (id=14fcbabd-1792-41f9-958a-6c9d79e0d290)
2026-07-04 02:50:04,338 INFO Found folder 'Kindle Scribe' (ID: 1C38JFsUTRYHHimqlQwpoRka0Zi1QJKq6)
2026-07-04 02:50:05,700 INFO Found 0 w-termine files in folder
2026-07-04 02:50:05,701 INFO No new w-termine files found
2026-07-04 02:50:05,703 INFO === scribe_sync end ===
2026-07-04 03:00:02,094 INFO === scribe_sync start ===
2026-07-04 03:00:03,681 INFO MCP session initialized (id=a9639b68-51ff-4f4d-9156-4593407836ff)
2026-07-04 03:00:05,302 INFO Found folder 'Kindle Scribe' (ID: 1C38JFsUTRYHHimqlQwpoRka0Zi1QJKq6)
2026-07-04 03:00:06,668 INFO Found 0 w-termine files in folder
2026-07-04 03:00:06,669 INFO No new w-termine files found
2026-07-04 03:00:06,673 INFO === scribe_sync end ===
2026-07-04 03:10:01,636 INFO === scribe_sync start ===
2026-07-04 03:10:02,967 INFO MCP session initialized (id=456ddc00-027d-43fd-b27b-d63a3d6be03d)
2026-07-04 03:10:04,308 INFO Found folder 'Kindle Scribe' (ID: 1C38JFsUTRYHHimqlQwpoRka0Zi1QJKq6)
2026-07-04 03:10:05,568 INFO Found 0 w-termine files in folder
2026-07-04 03:10:05,568 INFO No new w-termine files found
2026-07-04 03:10:05,572 INFO === scribe_sync end ===
2026-07-04 03:20:01,722 INFO === scribe_sync start ===
2026-07-04 03:20:03,265 INFO MCP session initialized (id=c20668c3-bde3-4d24-98dd-4f05308b3b00)
2026-07-04 03:20:04,650 INFO Found folder 'Kindle Scribe' (ID: 1C38JFsUTRYHHimqlQwpoRka0Zi1QJKq6)
2026-07-04 03:20:06,016 INFO Found 0 w-termine files in folder
2026-07-04 03:20:06,016 INFO No new w-termine files found
2026-07-04 03:20:06,018 INFO === scribe_sync end ===
2026-07-04 03:30:01,416 INFO === scribe_sync start ===
2026-07-04 03:30:02,954 INFO MCP session initialized (id=9920e3a6-ad7a-41e1-bb48-521818fa766f)
2026-07-04 03:30:04,665 INFO Found folder 'Kindle Scribe' (ID: 1C38JFsUTRYHHimqlQwpoRka0Zi1QJKq6)
2026-07-04 03:30:06,650 INFO Found 0 w-termine files in folder
2026-07-04 03:30:06,651 INFO No new w-termine files found
2026-07-04 03:30:06,653 INFO === scribe_sync end ===
2026-07-04 03:40:01,234 INFO === scribe_sync start ===
2026-07-04 03:40:02,633 INFO MCP session initialized (id=bac82a19-6008-45ee-917f-892cf56baa5f)
2026-07-04 03:40:04,081 INFO Found folder 'Kindle Scribe' (ID: 1C38JFsUTRYHHimqlQwpoRka0Zi1QJKq6)
2026-07-04 03:40:05,353 INFO Found 0 w-termine files in folder
2026-07-04 03:40:05,353 INFO No new w-termine files found
2026-07-04 03:40:05,367 INFO === scribe_sync end ===
2026-07-04 03:50:01,953 INFO === scribe_sync start ===
2026-07-04 03:50:04,090 INFO MCP session initialized (id=0bb780b7-be75-4301-b598-7d8dd2f8f2bd)
2026-07-04 03:50:05,372 INFO Found folder 'Kindle Scribe' (ID: 1C38JFsUTRYHHimqlQwpoRka0Zi1QJKq6)
2026-07-04 03:50:06,950 INFO Found 0 w-termine files in folder
2026-07-04 03:50:06,950 INFO No new w-termine files found
2026-07-04 03:50:06,952 INFO === scribe_sync end ===
2026-07-04 04:00:01,332 INFO === scribe_sync start ===
2026-07-04 04:00:02,901 INFO MCP session initialized (id=00d79d42-222a-4354-94c0-ea019ec85e70)
2026-07-04 04:00:04,425 INFO Found folder 'Kindle Scribe' (ID: 1C38JFsUTRYHHimqlQwpoRka0Zi1QJKq6)
2026-07-04 04:00:05,814 INFO Found 0 w-termine files in folder
2026-07-04 04:00:05,814 INFO No new w-termine files found
2026-07-04 04:00:05,822 INFO === scribe_sync end ===
2026-07-04 04:10:01,414 INFO === scribe_sync start ===
2026-07-04 04:10:03,152 INFO MCP session initialized (id=00f532af-3681-4936-a40f-853f0b1f2345)
2026-07-04 04:10:06,871 INFO Found folder 'Kindle Scribe' (ID: 1C38JFsUTRYHHimqlQwpoRka0Zi1QJKq6)
2026-07-04 04:10:08,232 INFO Found 0 w-termine files in folder
2026-07-04 04:10:08,269 INFO No new w-termine files found
2026-07-04 04:10:08,289 INFO === scribe_sync end ===
2026-07-04 04:20:02,079 INFO === scribe_sync start ===
2026-07-04 04:20:08,098 INFO MCP session initialized (id=58b33574-6271-440f-a1ab-83d23641417a)
2026-07-04 04:20:09,530 INFO Found folder 'Kindle Scribe' (ID: 1C38JFsUTRYHHimqlQwpoRka0Zi1QJKq6)
2026-07-04 04:20:10,674 INFO Found 0 w-termine files in folder
2026-07-04 04:20:10,674 INFO No new w-termine files found
2026-07-04 04:20:10,676 INFO === scribe_sync end ===
2026-07-04 04:30:01,421 INFO === scribe_sync start ===
2026-07-04 04:30:03,127 INFO MCP session initialized (id=e2211087-4758-483f-a07e-d64cede143e3)
2026-07-04 04:30:06,694 INFO Found folder 'Kindle Scribe' (ID: 1C38JFsUTRYHHimqlQwpoRka0Zi1QJKq6)
2026-07-04 04:30:08,025 INFO Found 0 w-termine files in folder
2026-07-04 04:30:08,025 INFO No new w-termine files found
2026-07-04 04:30:08,036 INFO === scribe_sync end ===
2026-07-04 04:40:02,124 INFO === scribe_sync start ===
2026-07-04 04:40:05,170 INFO MCP session initialized (id=356f4085-ffee-43d4-ab9b-a76a15293cac)
2026-07-04 04:40:06,760 INFO Found folder 'Kindle Scribe' (ID: 1C38JFsUTRYHHimqlQwpoRka0Zi1QJKq6)
2026-07-04 04:40:07,924 INFO Found 0 w-termine files in folder
2026-07-04 04:40:07,924 INFO No new w-termine files found
2026-07-04 04:40:07,926 INFO === scribe_sync end ===
2026-07-04 04:50:02,264 INFO === scribe_sync start ===
2026-07-04 04:50:03,691 INFO MCP session initialized (id=309ace24-d954-43f8-81a1-5ad978ae81b3)
2026-07-04 04:50:04,952 INFO Found folder 'Kindle Scribe' (ID: 1C38JFsUTRYHHimqlQwpoRka0Zi1QJKq6)
2026-07-04 04:50:06,058 INFO Found 0 w-termine files in folder
2026-07-04 04:50:06,058 INFO No new w-termine files found
2026-07-04 04:50:06,060 INFO === scribe_sync end ===
2026-07-04 05:00:01,986 INFO === scribe_sync start ===
2026-07-04 05:00:03,388 INFO MCP session initialized (id=b322e4ed-47fb-4e77-a0c7-4d1ee9d0d653)
2026-07-04 05:00:04,865 INFO Found folder 'Kindle Scribe' (ID: 1C38JFsUTRYHHimqlQwpoRka0Zi1QJKq6)
2026-07-04 05:00:06,205 INFO Found 0 w-termine files in folder
2026-07-04 05:00:06,205 INFO No new w-termine files found
2026-07-04 05:00:06,206 INFO === scribe_sync end ===
2026-07-04 05:10:02,143 INFO === scribe_sync start ===
2026-07-04 05:10:03,340 INFO MCP session initialized (id=1e8e7c04-fe1c-4781-9157-f49472ba4681)
2026-07-04 05:10:04,629 INFO Found folder 'Kindle Scribe' (ID: 1C38JFsUTRYHHimqlQwpoRka0Zi1QJKq6)
2026-07-04 05:10:05,760 INFO Found 0 w-termine files in folder
2026-07-04 05:10:05,760 INFO No new w-termine files found
2026-07-04 05:10:05,762 INFO === scribe_sync end ===
2026-07-04 05:20:01,802 INFO === scribe_sync start ===
2026-07-04 05:20:03,426 INFO MCP session initialized (id=b90c990d-9238-4627-aa05-57bfa41073f4)
2026-07-04 05:20:04,663 INFO Found folder 'Kindle Scribe' (ID: 1C38JFsUTRYHHimqlQwpoRka0Zi1QJKq6)
2026-07-04 05:20:06,164 INFO Found 0 w-termine files in folder
2026-07-04 05:20:06,164 INFO No new w-termine files found
2026-07-04 05:20:06,166 INFO === scribe_sync end ===
2026-07-04 05:30:01,158 INFO === scribe_sync start ===
2026-07-04 05:30:03,227 INFO MCP session initialized (id=e08e4dd5-87af-4b1a-9703-f755faccf989)
2026-07-04 05:30:04,949 INFO Found folder 'Kindle Scribe' (ID: 1C38JFsUTRYHHimqlQwpoRka0Zi1QJKq6)
2026-07-04 05:30:06,161 INFO Found 0 w-termine files in folder
2026-07-04 05:30:06,162 INFO No new w-termine files found
2026-07-04 05:30:06,164 INFO === scribe_sync end ===
2026-07-04 05:40:01,710 INFO === scribe_sync start ===
2026-07-04 05:40:02,990 INFO MCP session initialized (id=c96d879f-bcf5-4dd6-8444-34c63551167c)
2026-07-04 05:40:04,393 INFO Found folder 'Kindle Scribe' (ID: 1C38JFsUTRYHHimqlQwpoRka0Zi1QJKq6)
2026-07-04 05:40:05,687 INFO Found 0 w-termine files in folder
2026-07-04 05:40:05,689 INFO No new w-termine files found
2026-07-04 05:40:05,696 INFO === scribe_sync end ===
2026-07-04 05:50:02,137 INFO === scribe_sync start ===
2026-07-04 05:50:03,804 INFO MCP session initialized (id=eec839dd-bf2b-4b3b-b0d2-d3f625f8bcd8)
2026-07-04 05:50:05,051 INFO Found folder 'Kindle Scribe' (ID: 1C38JFsUTRYHHimqlQwpoRka0Zi1QJKq6)
2026-07-04 05:50:06,590 INFO Found 0 w-termine files in folder
2026-07-04 05:50:06,591 INFO No new w-termine files found
2026-07-04 05:50:06,592 INFO === scribe_sync end ===
2026-07-04 06:00:02,228 INFO === scribe_sync start ===
2026-07-04 06:00:03,854 INFO MCP session initialized (id=526720d2-d0cd-4079-8fc5-3172a4b14395)
2026-07-04 06:00:05,992 INFO Found folder 'Kindle Scribe' (ID: 1C38JFsUTRYHHimqlQwpoRka0Zi1QJKq6)
2026-07-04 06:00:07,393 INFO Found 0 w-termine files in folder
2026-07-04 06:00:07,393 INFO No new w-termine files found
2026-07-04 06:00:07,396 INFO === scribe_sync end ===
2026-07-04 06:10:01,814 INFO === scribe_sync start ===
2026-07-04 06:10:03,322 INFO MCP session initialized (id=2447e1ad-4463-4703-b9da-cf16a803bde8)
2026-07-04 06:10:04,526 INFO Found folder 'Kindle Scribe' (ID: 1C38JFsUTRYHHimqlQwpoRka0Zi1QJKq6)
2026-07-04 06:10:05,898 INFO Found 0 w-termine files in folder
2026-07-04 06:10:05,898 INFO No new w-termine files found
2026-07-04 06:10:05,902 INFO === scribe_sync end ===
2026-07-04 06:20:01,418 INFO === scribe_sync start ===
2026-07-04 06:20:03,718 INFO MCP session initialized (id=3e91c473-42fd-4bbf-8199-10291d7a343a)
2026-07-04 06:20:05,047 INFO Found folder 'Kindle Scribe' (ID: 1C38JFsUTRYHHimqlQwpoRka0Zi1QJKq6)
2026-07-04 06:20:07,357 INFO Found 0 w-termine files in folder
2026-07-04 06:20:07,359 INFO No new w-termine files found
2026-07-04 06:20:07,361 INFO === scribe_sync end ===
2026-07-04 06:30:01,681 INFO === scribe_sync start ===
2026-07-04 06:30:03,346 INFO MCP session initialized (id=477157c4-8598-4f8d-a53c-9ba9e0b0dc7a)
2026-07-04 06:30:04,750 INFO Found folder 'Kindle Scribe' (ID: 1C38JFsUTRYHHimqlQwpoRka0Zi1QJKq6)
2026-07-04 06:30:06,116 INFO Found 0 w-termine files in folder
2026-07-04 06:30:06,116 INFO No new w-termine files found
2026-07-04 06:30:06,125 INFO === scribe_sync end ===
2026-07-04 06:40:02,163 INFO === scribe_sync start ===
2026-07-04 06:40:03,645 INFO MCP session initialized (id=ef235d43-fdd7-4000-a562-0a643bc4f53c)
2026-07-04 06:40:04,879 INFO Found folder 'Kindle Scribe' (ID: 1C38JFsUTRYHHimqlQwpoRka0Zi1QJKq6)
2026-07-04 06:40:06,007 INFO Found 0 w-termine files in folder
2026-07-04 06:40:06,007 INFO No new w-termine files found
2026-07-04 06:40:06,009 INFO === scribe_sync end ===
2026-07-04 06:50:01,889 INFO === scribe_sync start ===
2026-07-04 06:50:03,272 INFO MCP session initialized (id=aafaf70b-3b5a-4c9d-9a51-2db23cad683c)
2026-07-04 06:50:04,752 INFO Found folder 'Kindle Scribe' (ID: 1C38JFsUTRYHHimqlQwpoRka0Zi1QJKq6)
2026-07-04 06:50:05,989 INFO Found 0 w-termine files in folder
2026-07-04 06:50:05,989 INFO No new w-termine files found
2026-07-04 06:50:05,991 INFO === scribe_sync end ===
2026-07-04 07:00:01,125 INFO === scribe_sync start ===
2026-07-04 07:00:02,613 INFO MCP session initialized (id=5afa4f78-a13c-47c1-a209-2c8b184d4098)
2026-07-04 07:00:06,315 INFO Found folder 'Kindle Scribe' (ID: 1C38JFsUTRYHHimqlQwpoRka0Zi1QJKq6)
2026-07-04 07:00:07,627 INFO Found 0 w-termine files in folder
2026-07-04 07:00:07,629 INFO No new w-termine files found
2026-07-04 07:00:07,631 INFO === scribe_sync end ===
2026-07-04 07:10:01,840 INFO === scribe_sync start ===
2026-07-04 07:10:03,471 INFO MCP session initialized (id=819e05c1-fdc6-4909-a2ce-4193be324306)
2026-07-04 07:10:04,726 INFO Found folder 'Kindle Scribe' (ID: 1C38JFsUTRYHHimqlQwpoRka0Zi1QJKq6)
2026-07-04 07:10:06,078 INFO Found 0 w-termine files in folder
2026-07-04 07:10:06,079 INFO No new w-termine files found
2026-07-04 07:10:06,081 INFO === scribe_sync end ===
2026-07-04 07:20:01,315 INFO === scribe_sync start ===
2026-07-04 07:20:02,557 INFO MCP session initialized (id=bbe02c5d-7f96-4854-a704-f1cacfbe10de)
2026-07-04 07:20:03,888 INFO Found folder 'Kindle Scribe' (ID: 1C38JFsUTRYHHimqlQwpoRka0Zi1QJKq6)
2026-07-04 07:20:05,042 INFO Found 0 w-termine files in folder
2026-07-04 07:20:05,042 INFO No new w-termine files found
2026-07-04 07:20:05,053 INFO === scribe_sync end ===
2026-07-04 07:30:01,256 INFO === scribe_sync start ===
2026-07-04 07:30:02,758 INFO MCP session initialized (id=2fd1b40b-d5f9-48a6-9ddd-07e9ce2f8afb)
2026-07-04 07:30:04,098 INFO Found folder 'Kindle Scribe' (ID: 1C38JFsUTRYHHimqlQwpoRka0Zi1QJKq6)
2026-07-04 07:30:05,316 INFO Found 0 w-termine files in folder
2026-07-04 07:30:05,317 INFO No new w-termine files found
2026-07-04 07:30:05,327 INFO === scribe_sync end ===
2026-07-04 07:40:01,635 INFO === scribe_sync start ===
2026-07-04 07:40:02,874 INFO MCP session initialized (id=ee659e52-19da-43a0-bcc1-e7125656d5cd)
2026-07-04 07:40:04,033 INFO Found folder 'Kindle Scribe' (ID: 1C38JFsUTRYHHimqlQwpoRka0Zi1QJKq6)
2026-07-04 07:40:05,304 INFO Found 0 w-termine files in folder
2026-07-04 07:40:05,304 INFO No new w-termine files found
2026-07-04 07:40:05,306 INFO === scribe_sync end ===
2026-07-04 07:50:01,651 INFO === scribe_sync start ===
2026-07-04 07:50:02,887 INFO MCP session initialized (id=55a4acb6-a0d1-45da-ba1b-4bc374dc0db9)
2026-07-04 07:50:04,199 INFO Found folder 'Kindle Scribe' (ID: 1C38JFsUTRYHHimqlQwpoRka0Zi1QJKq6)
2026-07-04 07:50:05,432 INFO Found 0 w-termine files in folder
2026-07-04 07:50:05,432 INFO No new w-termine files found
2026-07-04 07:50:05,438 INFO === scribe_sync end ===
2026-07-04 08:00:01,332 INFO === scribe_sync start ===
2026-07-04 08:00:05,410 INFO MCP session initialized (id=0f8acd39-27d1-43ea-a1bb-98e1199cf872)
2026-07-04 08:00:06,858 INFO Found folder 'Kindle Scribe' (ID: 1C38JFsUTRYHHimqlQwpoRka0Zi1QJKq6)
2026-07-04 08:00:08,542 INFO Found 0 w-termine files in folder
2026-07-04 08:00:08,542 INFO No new w-termine files found
2026-07-04 08:00:08,544 INFO === scribe_sync end ===
2026-07-04 08:10:02,202 INFO === scribe_sync start ===
2026-07-04 08:10:03,478 INFO MCP session initialized (id=9ae20c7d-7722-4564-9dc0-84e9df5ed91e)
2026-07-04 08:10:04,795 INFO Found folder 'Kindle Scribe' (ID: 1C38JFsUTRYHHimqlQwpoRka0Zi1QJKq6)
2026-07-04 08:10:06,164 INFO Found 0 w-termine files in folder
2026-07-04 08:10:06,164 INFO No new w-termine files found
2026-07-04 08:10:06,166 INFO === scribe_sync end ===
2026-07-04 08:20:01,518 INFO === scribe_sync start ===
2026-07-04 08:20:02,877 INFO MCP session initialized (id=2c432265-a9d6-4af4-8013-d4ebb4987fe5)
2026-07-04 08:20:04,130 INFO Found folder 'Kindle Scribe' (ID: 1C38JFsUTRYHHimqlQwpoRka0Zi1QJKq6)
2026-07-04 08:20:05,248 INFO Found 0 w-termine files in folder
2026-07-04 08:20:05,248 INFO No new w-termine files found
2026-07-04 08:20:05,251 INFO === scribe_sync end ===
2026-07-04 08:30:01,793 INFO === scribe_sync start ===
2026-07-04 08:30:03,773 INFO MCP session initialized (id=499bb546-9ee4-4cd8-9830-4124c76d2bc6)
2026-07-04 08:30:05,951 INFO Found folder 'Kindle Scribe' (ID: 1C38JFsUTRYHHimqlQwpoRka0Zi1QJKq6)
2026-07-04 08:30:07,202 INFO Found 0 w-termine files in folder
2026-07-04 08:30:07,203 INFO No new w-termine files found
2026-07-04 08:30:07,211 INFO === scribe_sync end ===
2026-07-04 08:40:01,806 INFO === scribe_sync start ===
2026-07-04 08:40:03,789 INFO MCP session initialized (id=c41f2b75-04fb-4fec-bfbc-4916b822ca53)
2026-07-04 08:40:05,120 INFO Found folder 'Kindle Scribe' (ID: 1C38JFsUTRYHHimqlQwpoRka0Zi1QJKq6)
2026-07-04 08:40:06,482 INFO Found 0 w-termine files in folder
2026-07-04 08:40:06,482 INFO No new w-termine files found
2026-07-04 08:40:06,484 INFO === scribe_sync end ===
2026-07-04 08:50:01,969 INFO === scribe_sync start ===
2026-07-04 08:50:03,749 INFO MCP session initialized (id=043cb15b-3b52-4e06-acc7-d7298eee16ae)
2026-07-04 08:50:05,331 INFO Found folder 'Kindle Scribe' (ID: 1C38JFsUTRYHHimqlQwpoRka0Zi1QJKq6)
2026-07-04 08:50:06,708 INFO Found 0 w-termine files in folder
2026-07-04 08:50:06,708 INFO No new w-termine files found
2026-07-04 08:50:06,711 INFO === scribe_sync end ===
2026-07-04 09:00:01,298 INFO === scribe_sync start ===
2026-07-04 09:00:02,789 INFO MCP session initialized (id=4ddbaca2-654c-4ad5-af92-a26faf557782)
2026-07-04 09:00:04,201 INFO Found folder 'Kindle Scribe' (ID: 1C38JFsUTRYHHimqlQwpoRka0Zi1QJKq6)
2026-07-04 09:00:05,547 INFO Found 0 w-termine files in folder
2026-07-04 09:00:05,548 INFO No new w-termine files found
2026-07-04 09:00:05,552 INFO === scribe_sync end ===
2026-07-04 09:10:02,337 INFO === scribe_sync start ===
2026-07-04 09:10:03,907 INFO MCP session initialized (id=a7a833ba-f945-45c5-8b21-109ddaf67eaa)
2026-07-04 09:10:05,298 INFO Found folder 'Kindle Scribe' (ID: 1C38JFsUTRYHHimqlQwpoRka0Zi1QJKq6)
2026-07-04 09:10:06,700 INFO Found 0 w-termine files in folder
2026-07-04 09:10:06,700 INFO No new w-termine files found
2026-07-04 09:10:06,704 INFO === scribe_sync end ===
2026-07-04 09:20:02,368 INFO === scribe_sync start ===
2026-07-04 09:20:03,676 INFO MCP session initialized (id=7d8472dc-9eaa-407f-8693-2a1c4d7ef03a)
2026-07-04 09:20:05,076 INFO Found folder 'Kindle Scribe' (ID: 1C38JFsUTRYHHimqlQwpoRka0Zi1QJKq6)
2026-07-04 09:20:06,387 INFO Found 0 w-termine files in folder
2026-07-04 09:20:06,387 INFO No new w-termine files found
2026-07-04 09:20:06,389 INFO === scribe_sync end ===
2026-07-04 09:30:01,757 INFO === scribe_sync start ===
2026-07-04 09:30:07,051 INFO MCP session initialized (id=a4f46b1e-d0e8-4d90-b893-b0e782a7fe1b)
2026-07-04 09:30:08,704 INFO Found folder 'Kindle Scribe' (ID: 1C38JFsUTRYHHimqlQwpoRka0Zi1QJKq6)
2026-07-04 09:30:09,834 INFO Found 0 w-termine files in folder
2026-07-04 09:30:09,835 INFO No new w-termine files found
2026-07-04 09:30:09,836 INFO === scribe_sync end ===
2026-07-04 09:40:01,852 INFO === scribe_sync start ===
2026-07-04 09:40:04,616 INFO MCP session initialized (id=1c659fe2-8cc1-49cf-8951-f305016a8f76)
2026-07-04 09:40:05,967 INFO Found folder 'Kindle Scribe' (ID: 1C38JFsUTRYHHimqlQwpoRka0Zi1QJKq6)
2026-07-04 09:40:07,203 INFO Found 0 w-termine files in folder
2026-07-04 09:40:07,203 INFO No new w-termine files found
2026-07-04 09:40:07,209 INFO === scribe_sync end ===
2026-07-04 09:50:02,158 INFO === scribe_sync start ===
2026-07-04 09:50:03,992 INFO MCP session initialized (id=e0d8669a-b3de-4b48-a1c6-044497a6cc0a)
2026-07-04 09:50:05,438 INFO Found folder 'Kindle Scribe' (ID: 1C38JFsUTRYHHimqlQwpoRka0Zi1QJKq6)
2026-07-04 09:50:06,514 INFO Found 0 w-termine files in folder
2026-07-04 09:50:06,514 INFO No new w-termine files found
2026-07-04 09:50:06,520 INFO === scribe_sync end ===
2026-07-04 10:00:01,838 INFO === scribe_sync start ===
2026-07-04 10:00:09,290 INFO MCP session initialized (id=2758d76d-8355-411a-b16b-9e17b140e159)
2026-07-04 10:00:10,615 INFO Found folder 'Kindle Scribe' (ID: 1C38JFsUTRYHHimqlQwpoRka0Zi1QJKq6)
2026-07-04 10:00:12,140 INFO Found 0 w-termine files in folder
2026-07-04 10:00:12,140 INFO No new w-termine files found
2026-07-04 10:00:12,143 INFO === scribe_sync end ===
2026-07-04 10:10:01,786 INFO === scribe_sync start ===
2026-07-04 10:10:03,201 INFO MCP session initialized (id=26c0e320-7446-4437-bc4e-6d7a4390941b)
2026-07-04 10:10:04,599 INFO Found folder 'Kindle Scribe' (ID: 1C38JFsUTRYHHimqlQwpoRka0Zi1QJKq6)
2026-07-04 10:10:06,140 INFO Found 0 w-termine files in folder
2026-07-04 10:10:06,140 INFO No new w-termine files found
2026-07-04 10:10:06,142 INFO === scribe_sync end ===
2026-07-04 10:20:01,933 INFO === scribe_sync start ===
2026-07-04 10:20:15,878 INFO MCP session initialized (id=230089a5-2be9-4a05-a94d-d9fb88782dfd)
2026-07-04 10:20:17,393 INFO Found folder 'Kindle Scribe' (ID: 1C38JFsUTRYHHimqlQwpoRka0Zi1QJKq6)
2026-07-04 10:20:18,656 INFO Found 0 w-termine files in folder
2026-07-04 10:20:18,657 INFO No new w-termine files found
2026-07-04 10:20:18,659 INFO === scribe_sync end ===
2026-07-04 10:30:01,394 INFO === scribe_sync start ===
2026-07-04 10:30:03,314 INFO MCP session initialized (id=166069d9-efef-4c08-940e-2408fad2ffdb)
2026-07-04 10:30:04,732 INFO Found folder 'Kindle Scribe' (ID: 1C38JFsUTRYHHimqlQwpoRka0Zi1QJKq6)
2026-07-04 10:30:06,115 INFO Found 0 w-termine files in folder
2026-07-04 10:30:06,115 INFO No new w-termine files found
2026-07-04 10:30:06,117 INFO === scribe_sync end ===
2026-07-04 10:40:01,929 INFO === scribe_sync start ===
2026-07-04 10:40:03,751 INFO MCP session initialized (id=30478d33-0797-4816-8d2d-9db3a1238fa1)
2026-07-04 10:40:04,957 INFO Found folder 'Kindle Scribe' (ID: 1C38JFsUTRYHHimqlQwpoRka0Zi1QJKq6)
2026-07-04 10:40:05,990 INFO Found 0 w-termine files in folder
2026-07-04 10:40:05,991 INFO No new w-termine files found
2026-07-04 10:40:06,001 INFO === scribe_sync end ===
2026-07-04 10:50:01,281 INFO === scribe_sync start ===
2026-07-04 10:50:02,660 INFO MCP session initialized (id=f25a9143-c042-4080-b2d0-7be394231d47)
2026-07-04 10:50:04,371 INFO Found folder 'Kindle Scribe' (ID: 1C38JFsUTRYHHimqlQwpoRka0Zi1QJKq6)
2026-07-04 10:50:05,701 INFO Found 0 w-termine files in folder
2026-07-04 10:50:05,702 INFO No new w-termine files found
2026-07-04 10:50:05,707 INFO === scribe_sync end ===
2026-07-04 11:00:01,318 INFO === scribe_sync start ===
2026-07-04 11:00:02,661 INFO MCP session initialized (id=ff09bb0a-dda3-4692-ab13-849696ad3092)
2026-07-04 11:00:04,101 INFO Found folder 'Kindle Scribe' (ID: 1C38JFsUTRYHHimqlQwpoRka0Zi1QJKq6)
2026-07-04 11:00:05,331 INFO Found 0 w-termine files in folder
2026-07-04 11:00:05,332 INFO No new w-termine files found
2026-07-04 11:00:05,338 INFO === scribe_sync end ===
2026-07-04 11:10:01,197 INFO === scribe_sync start ===
2026-07-04 11:10:02,537 INFO MCP session initialized (id=b4cd5463-07ca-48c0-ac03-c4eaa1801d24)
2026-07-04 11:10:04,007 INFO Found folder 'Kindle Scribe' (ID: 1C38JFsUTRYHHimqlQwpoRka0Zi1QJKq6)
2026-07-04 11:10:05,277 INFO Found 0 w-termine files in folder
2026-07-04 11:10:05,281 INFO No new w-termine files found
2026-07-04 11:10:05,290 INFO === scribe_sync end ===
2026-07-04 11:20:01,760 INFO === scribe_sync start ===
2026-07-04 11:20:04,316 INFO MCP session initialized (id=7614fd93-17d3-4aad-b6a0-98db1a98ff6c)
2026-07-04 11:20:05,624 INFO Found folder 'Kindle Scribe' (ID: 1C38JFsUTRYHHimqlQwpoRka0Zi1QJKq6)
2026-07-04 11:20:07,552 INFO Found 0 w-termine files in folder
2026-07-04 11:20:07,552 INFO No new w-termine files found
2026-07-04 11:20:07,555 INFO === scribe_sync end ===
2026-07-04 11:30:01,502 INFO === scribe_sync start ===
2026-07-04 11:30:03,869 INFO MCP session initialized (id=4facccd1-ba25-4d02-9e07-307a202b4c40)
2026-07-04 11:30:05,465 INFO Found folder 'Kindle Scribe' (ID: 1C38JFsUTRYHHimqlQwpoRka0Zi1QJKq6)
2026-07-04 11:30:06,770 INFO Found 0 w-termine files in folder
2026-07-04 11:30:06,770 INFO No new w-termine files found
2026-07-04 11:30:06,772 INFO === scribe_sync end ===
2026-07-04 11:40:01,275 INFO === scribe_sync start ===
2026-07-04 11:40:02,664 INFO MCP session initialized (id=0d3253d2-4985-4872-806f-41cfa3cae884)
2026-07-04 11:40:03,966 INFO Found folder 'Kindle Scribe' (ID: 1C38JFsUTRYHHimqlQwpoRka0Zi1QJKq6)
2026-07-04 11:40:05,349 INFO Found 0 w-termine files in folder
2026-07-04 11:40:05,350 INFO No new w-termine files found
2026-07-04 11:40:05,351 INFO === scribe_sync end ===
2026-07-04 11:50:01,669 INFO === scribe_sync start ===
2026-07-04 11:50:03,103 INFO MCP session initialized (id=df3ec1ef-4fb1-4e73-890d-76a1b3d00c1f)
2026-07-04 11:50:04,582 INFO Found folder 'Kindle Scribe' (ID: 1C38JFsUTRYHHimqlQwpoRka0Zi1QJKq6)
2026-07-04 11:50:06,524 INFO Found 0 w-termine files in folder
2026-07-04 11:50:06,526 INFO No new w-termine files found
2026-07-04 11:50:06,531 INFO === scribe_sync end ===
2026-07-04 12:00:01,418 INFO === scribe_sync start ===
2026-07-04 12:00:03,484 INFO MCP session initialized (id=d34f5daa-c546-4476-a6ac-686e81ab0304)
2026-07-04 12:00:05,143 INFO Found folder 'Kindle Scribe' (ID: 1C38JFsUTRYHHimqlQwpoRka0Zi1QJKq6)
2026-07-04 12:00:06,502 INFO Found 0 w-termine files in folder
2026-07-04 12:00:06,503 INFO No new w-termine files found
2026-07-04 12:00:06,507 INFO === scribe_sync end ===
2026-07-04 12:10:01,869 INFO === scribe_sync start ===
2026-07-04 12:10:03,290 INFO MCP session initialized (id=4fb8bb8a-c0d9-483e-99dd-76d408a77a53)
2026-07-04 12:10:04,823 INFO Found folder 'Kindle Scribe' (ID: 1C38JFsUTRYHHimqlQwpoRka0Zi1QJKq6)
2026-07-04 12:10:06,044 INFO Found 0 w-termine files in folder
2026-07-04 12:10:06,044 INFO No new w-termine files found
2026-07-04 12:10:06,061 INFO === scribe_sync end ===
2026-07-04 12:20:01,479 INFO === scribe_sync start ===
2026-07-04 12:20:02,961 INFO MCP session initialized (id=7522992e-211f-416e-b78f-2920360f2394)
2026-07-04 12:20:04,420 INFO Found folder 'Kindle Scribe' (ID: 1C38JFsUTRYHHimqlQwpoRka0Zi1QJKq6)
2026-07-04 12:20:05,656 INFO Found 0 w-termine files in folder
2026-07-04 12:20:05,656 INFO No new w-termine files found
2026-07-04 12:20:05,661 INFO === scribe_sync end ===
2026-07-04 12:30:01,552 INFO === scribe_sync start ===
2026-07-04 12:30:02,886 INFO MCP session initialized (id=d031f665-241a-446a-9a03-6635a813c126)
2026-07-04 12:30:04,423 INFO Found folder 'Kindle Scribe' (ID: 1C38JFsUTRYHHimqlQwpoRka0Zi1QJKq6)
2026-07-04 12:30:05,701 INFO Found 0 w-termine files in folder
2026-07-04 12:30:05,709 INFO No new w-termine files found
2026-07-04 12:30:05,716 INFO === scribe_sync end ===
2026-07-04 12:40:01,938 INFO === scribe_sync start ===
2026-07-04 12:40:03,436 INFO MCP session initialized (id=42c2bb21-58f6-4abe-93c1-7bb2784f3b3a)
2026-07-04 12:40:04,745 INFO Found folder 'Kindle Scribe' (ID: 1C38JFsUTRYHHimqlQwpoRka0Zi1QJKq6)
2026-07-04 12:40:05,871 INFO Found 0 w-termine files in folder
2026-07-04 12:40:05,872 INFO No new w-termine files found
2026-07-04 12:40:05,902 INFO === scribe_sync end ===
2026-07-04 12:50:02,148 INFO === scribe_sync start ===
2026-07-04 12:50:03,618 INFO MCP session initialized (id=2c2fa80a-2835-436e-bdad-166017795a82)
2026-07-04 12:50:04,943 INFO Found folder 'Kindle Scribe' (ID: 1C38JFsUTRYHHimqlQwpoRka0Zi1QJKq6)
2026-07-04 12:50:06,191 INFO Found 0 w-termine files in folder
2026-07-04 12:50:06,192 INFO No new w-termine files found
2026-07-04 12:50:06,194 INFO === scribe_sync end ===
2026-07-04 13:00:01,658 INFO === scribe_sync start ===
2026-07-04 13:00:03,468 INFO MCP session initialized (id=694d8dba-d064-4594-85b8-aee760e287e0)
2026-07-04 13:00:04,837 INFO Found folder 'Kindle Scribe' (ID: 1C38JFsUTRYHHimqlQwpoRka0Zi1QJKq6)
2026-07-04 13:00:06,661 INFO Found 0 w-termine files in folder
2026-07-04 13:00:06,661 INFO No new w-termine files found
2026-07-04 13:00:06,663 INFO === scribe_sync end ===
2026-07-04 13:10:01,434 INFO === scribe_sync start ===
2026-07-04 13:10:02,718 INFO MCP session initialized (id=c6176a75-4d2e-4035-9102-5cff54ce8dcc)
2026-07-04 13:10:04,065 INFO Found folder 'Kindle Scribe' (ID: 1C38JFsUTRYHHimqlQwpoRka0Zi1QJKq6)
2026-07-04 13:10:05,309 INFO Found 0 w-termine files in folder
2026-07-04 13:10:05,309 INFO No new w-termine files found
2026-07-04 13:10:05,341 INFO === scribe_sync end ===
2026-07-04 13:20:02,145 INFO === scribe_sync start ===
2026-07-04 13:20:03,558 INFO MCP session initialized (id=05cf4121-eb35-42e1-a47a-2db8863ad0c3)
2026-07-04 13:20:04,966 INFO Found folder 'Kindle Scribe' (ID: 1C38JFsUTRYHHimqlQwpoRka0Zi1QJKq6)
2026-07-04 13:20:06,282 INFO Found 0 w-termine files in folder
2026-07-04 13:20:06,282 INFO No new w-termine files found
2026-07-04 13:20:06,286 INFO === scribe_sync end ===
2026-07-04 13:30:01,727 INFO === scribe_sync start ===
2026-07-04 13:30:04,190 INFO MCP session initialized (id=2d7910a5-50ac-4aec-8756-85d4cda2ed71)
2026-07-04 13:30:05,648 INFO Found folder 'Kindle Scribe' (ID: 1C38JFsUTRYHHimqlQwpoRka0Zi1QJKq6)
2026-07-04 13:30:06,744 INFO Found 0 w-termine files in folder
2026-07-04 13:30:06,745 INFO No new w-termine files found
2026-07-04 13:30:06,747 INFO === scribe_sync end ===
2026-07-04 13:40:02,649 INFO === scribe_sync start ===
2026-07-04 13:40:04,275 INFO MCP session initialized (id=d38f48c5-1bee-48d9-9b88-44981dec4d39)
2026-07-04 13:40:05,478 INFO Found folder 'Kindle Scribe' (ID: 1C38JFsUTRYHHimqlQwpoRka0Zi1QJKq6)
2026-07-04 13:40:07,051 INFO Found 0 w-termine files in folder
2026-07-04 13:40:07,051 INFO No new w-termine files found
2026-07-04 13:40:07,059 INFO === scribe_sync end ===
2026-07-04 13:49:26,392 INFO === scribe_sync start ===
2026-07-04 13:49:27,703 INFO MCP session initialized (id=226140a2-8426-4db4-ad2f-0454a538c486)
2026-07-04 13:49:29,002 INFO === scribe_sync start ===
2026-07-04 13:49:29,090 INFO Found folder 'Kindle Scribe' (ID: 1C38JFsUTRYHHimqlQwpoRka0Zi1QJKq6)
2026-07-04 13:49:29,367 INFO === scribe_sync start ===
2026-07-04 13:49:30,478 INFO Found 0 w-termine files in folder
2026-07-04 13:49:30,479 INFO No new w-termine files found
2026-07-04 13:49:30,481 INFO === scribe_sync end ===
2026-07-04 13:49:30,505 INFO MCP session initialized (id=06dcef52-4cb4-464c-98b9-57303e5fb09e)
2026-07-04 13:49:30,778 INFO MCP session initialized (id=bcda5a37-70ca-44d7-b928-6c5179196e8d)
2026-07-04 13:49:31,805 INFO Found folder 'Kindle Scribe' (ID: 1C38JFsUTRYHHimqlQwpoRka0Zi1QJKq6)
2026-07-04 13:49:32,216 INFO Found folder 'Kindle Scribe' (ID: 1C38JFsUTRYHHimqlQwpoRka0Zi1QJKq6)
2026-07-04 13:49:33,113 INFO Found 0 w-termine files in folder
2026-07-04 13:49:33,113 INFO No new w-termine files found
2026-07-04 13:49:33,115 INFO === scribe_sync end ===
2026-07-04 13:49:33,780 INFO Found 0 w-termine files in folder
2026-07-04 13:49:33,781 INFO No new w-termine files found
2026-07-04 13:49:33,785 INFO === scribe_sync end ===
2026-07-04 13:49:41,360 INFO === scribe_sync start ===
2026-07-04 13:49:42,561 INFO MCP session initialized (id=e7a0c1d3-0b30-42a8-95fa-03ae85d953ed)
2026-07-04 13:49:44,103 INFO Found folder 'Kindle Scribe' (ID: 1C38JFsUTRYHHimqlQwpoRka0Zi1QJKq6)
2026-07-04 13:49:44,425 INFO === scribe_sync start ===
2026-07-04 13:49:45,252 INFO Found 0 w-termine files in folder
2026-07-04 13:49:45,253 INFO No new w-termine files found
2026-07-04 13:49:45,255 INFO === scribe_sync end ===
2026-07-04 13:49:45,746 INFO MCP session initialized (id=b38116e5-f655-4514-9bd3-950ca3a97f3d)
2026-07-04 13:49:47,055 INFO Found folder 'Kindle Scribe' (ID: 1C38JFsUTRYHHimqlQwpoRka0Zi1QJKq6)
2026-07-04 13:49:48,176 INFO Found 0 w-termine files in folder
2026-07-04 13:49:48,176 INFO No new w-termine files found
2026-07-04 13:49:48,179 INFO === scribe_sync end ===
2026-07-04 13:50:01,955 INFO === scribe_sync start ===
2026-07-04 13:50:03,560 INFO MCP session initialized (id=ba98c173-bdb4-4ada-86e7-fce49c012622)
2026-07-04 13:50:05,152 INFO Found folder 'Kindle Scribe' (ID: 1C38JFsUTRYHHimqlQwpoRka0Zi1QJKq6)
2026-07-04 13:50:06,474 INFO Found 0 w-termine files in folder
2026-07-04 13:50:06,475 INFO No new w-termine files found
2026-07-04 13:50:06,485 INFO === scribe_sync end ===
2026-07-04 13:51:58,294 INFO === scribe_sync start ===
2026-07-04 13:51:59,554 INFO MCP session initialized (id=ed70909e-2d81-48d8-b8b1-cfe962cef39d)
2026-07-04 13:52:00,751 INFO Found folder 'Kindle Scribe' (ID: 1C38JFsUTRYHHimqlQwpoRka0Zi1QJKq6)
2026-07-04 13:52:02,134 INFO Found 0 w-termine files in folder
2026-07-04 13:52:02,135 INFO No new w-termine files found
2026-07-04 13:52:02,139 INFO === scribe_sync end ===
2026-07-04 13:52:52,908 INFO === scribe_sync start ===
2026-07-04 13:52:54,152 INFO MCP session initialized (id=d528335f-f4c4-4e3d-beda-c7d119974144)
2026-07-04 13:52:55,447 INFO Found folder 'Kindle Scribe' (ID: 1C38JFsUTRYHHimqlQwpoRka0Zi1QJKq6)
2026-07-04 13:52:56,607 INFO Found 0 w-termine files in folder
2026-07-04 13:52:56,607 INFO No new w-termine files found
2026-07-04 13:52:56,608 INFO === scribe_sync end ===
2026-07-04 13:53:46,488 INFO === scribe_sync start ===
2026-07-04 13:53:47,761 INFO MCP session initialized (id=ed4440ad-39e6-4b08-ba26-740e82d63850)
2026-07-04 13:53:49,048 INFO Found folder 'Kindle Scribe' (ID: 1C38JFsUTRYHHimqlQwpoRka0Zi1QJKq6)
2026-07-04 13:53:50,338 INFO Found 0 w-termine files in folder
2026-07-04 13:53:50,339 INFO No new w-termine files found
2026-07-04 13:53:50,342 INFO === scribe_sync end ===
2026-07-04 13:53:50,793 INFO === scribe_sync start ===
2026-07-04 13:53:52,215 INFO MCP session initialized (id=fbb62744-d4eb-444b-9bab-922bf4fea1fa)
2026-07-04 13:53:54,978 INFO Found folder 'Kindle Scribe' (ID: 1C38JFsUTRYHHimqlQwpoRka0Zi1QJKq6)
2026-07-04 13:53:56,136 INFO Found 0 w-termine files in folder
2026-07-04 13:53:56,136 INFO No new w-termine files found
2026-07-04 13:53:56,138 INFO === scribe_sync end ===
2026-07-04 13:54:33,073 INFO === scribe_sync start ===
2026-07-04 13:54:34,204 INFO MCP session initialized (id=8abb0e2c-9d99-4c77-b22a-6e30d86e4b3e)
2026-07-04 13:54:35,428 INFO Found folder 'Kindle Scribe' (ID: 1C38JFsUTRYHHimqlQwpoRka0Zi1QJKq6)
2026-07-04 13:54:37,276 INFO Found 0 w-termine files in folder
2026-07-04 13:54:37,276 INFO No new w-termine files found
2026-07-04 13:54:37,279 INFO === scribe_sync end ===
2026-07-04 13:54:43,486 INFO === scribe_sync start ===
2026-07-04 13:54:44,725 INFO MCP session initialized (id=8e0f16f8-3393-4693-966a-5a0577cd3fa8)
2026-07-04 13:54:44,985 INFO === scribe_sync start ===
2026-07-04 13:54:45,213 INFO === scribe_sync start ===
2026-07-04 13:54:45,883 INFO Found folder 'Kindle Scribe' (ID: 1C38JFsUTRYHHimqlQwpoRka0Zi1QJKq6)
2026-07-04 13:54:46,188 INFO MCP session initialized (id=845a2896-e704-41c1-ad1e-9e234726e4d8)
2026-07-04 13:54:46,435 INFO MCP session initialized (id=d5d9fc4b-4b59-49fa-b3b1-c44a2b08637f)
2026-07-04 13:54:47,047 INFO Found 0 w-termine files in folder
2026-07-04 13:54:47,049 INFO No new w-termine files found
2026-07-04 13:54:47,052 INFO === scribe_sync end ===
2026-07-04 13:54:47,525 INFO Found folder 'Kindle Scribe' (ID: 1C38JFsUTRYHHimqlQwpoRka0Zi1QJKq6)
2026-07-04 13:54:47,663 INFO Found folder 'Kindle Scribe' (ID: 1C38JFsUTRYHHimqlQwpoRka0Zi1QJKq6)
2026-07-04 13:54:48,911 INFO Found 0 w-termine files in folder
2026-07-04 13:54:48,912 INFO No new w-termine files found
2026-07-04 13:54:48,915 INFO === scribe_sync end ===
2026-07-04 13:54:49,087 INFO Found 0 w-termine files in folder
2026-07-04 13:54:49,088 INFO No new w-termine files found
2026-07-04 13:54:49,090 INFO === scribe_sync end ===
2026-07-04 13:56:47,132 INFO === scribe_sync start ===
2026-07-04 13:56:48,308 INFO MCP session initialized (id=206a13f2-a0b2-4c9b-ba77-fd7ca1e54990)
2026-07-04 13:56:49,898 INFO Found folder 'Kindle Scribe' (ID: 1C38JFsUTRYHHimqlQwpoRka0Zi1QJKq6)
2026-07-04 13:56:51,199 INFO Found 0 w-termine files in folder
2026-07-04 13:56:51,200 INFO No new w-termine files found
2026-07-04 13:56:51,201 INFO === scribe_sync end ===
2026-07-04 14:00:02,144 INFO === scribe_sync start ===
2026-07-04 14:00:03,730 INFO MCP session initialized (id=f672ee90-1120-4446-ac41-47bd9bcebf22)
2026-07-04 14:00:35,983 INFO Found folder 'Kindle Scribe' (ID: 1C38JFsUTRYHHimqlQwpoRka0Zi1QJKq6)
2026-07-04 14:00:37,327 INFO Found 0 w-termine files in folder
2026-07-04 14:00:37,328 INFO No new w-termine files found
2026-07-04 14:00:37,331 INFO === scribe_sync end ===
2026-07-04 14:04:02,953 INFO === scribe_sync start ===
2026-07-04 14:04:04,399 INFO MCP session initialized (id=9f7c8adc-cac1-4d19-be4f-b55f05bddaa8)
2026-07-04 14:04:05,665 INFO Found folder 'Kindle Scribe' (ID: 1C38JFsUTRYHHimqlQwpoRka0Zi1QJKq6)
2026-07-04 14:04:07,373 INFO Found 0 w-termine files in folder
2026-07-04 14:04:07,373 INFO No new w-termine files found
2026-07-04 14:04:07,376 INFO === scribe_sync end ===
2026-07-04 14:10:02,041 INFO === scribe_sync start ===
2026-07-04 14:10:03,655 INFO MCP session initialized (id=931dcdd7-08c5-4199-80e7-ce7928e13f9e)
2026-07-04 14:10:05,085 INFO Found folder 'Kindle Scribe' (ID: 1C38JFsUTRYHHimqlQwpoRka0Zi1QJKq6)
2026-07-04 14:10:06,481 INFO Found 0 w-termine files in folder
2026-07-04 14:10:06,482 INFO No new w-termine files found
2026-07-04 14:10:06,491 INFO === scribe_sync end ===
2026-07-04 14:14:17,352 INFO === scribe_sync start ===
2026-07-04 14:14:18,911 INFO MCP session initialized (id=2a421ff2-2b9f-486a-98b6-3eab7032e431)
2026-07-04 14:14:20,269 INFO === scribe_sync start ===
2026-07-04 14:14:20,389 INFO === scribe_sync start ===
2026-07-04 14:14:20,751 INFO Found folder 'Kindle Scribe' (ID: 1C38JFsUTRYHHimqlQwpoRka0Zi1QJKq6)
2026-07-04 14:14:21,623 INFO MCP session initialized (id=e405c020-f105-4124-9899-17abb5d8a52e)
2026-07-04 14:14:21,655 INFO MCP session initialized (id=4efdbff8-2cd5-404d-8fc9-7c4d070a9e4c)
2026-07-04 14:14:22,125 INFO Found 0 w-termine files in folder
2026-07-04 14:14:22,125 INFO No new w-termine files found
2026-07-04 14:14:22,131 INFO === scribe_sync end ===
2026-07-04 14:14:23,109 INFO Found folder 'Kindle Scribe' (ID: 1C38JFsUTRYHHimqlQwpoRka0Zi1QJKq6)
2026-07-04 14:14:23,167 INFO Found folder 'Kindle Scribe' (ID: 1C38JFsUTRYHHimqlQwpoRka0Zi1QJKq6)
2026-07-04 14:14:24,572 INFO Found 0 w-termine files in folder
2026-07-04 14:14:24,572 INFO No new w-termine files found
2026-07-04 14:14:24,575 INFO === scribe_sync end ===
2026-07-04 14:14:24,950 INFO Found 0 w-termine files in folder
2026-07-04 14:14:24,951 INFO No new w-termine files found
2026-07-04 14:14:24,953 INFO === scribe_sync end ===
2026-07-04 14:14:39,897 INFO === scribe_sync start ===
2026-07-04 14:14:41,220 INFO MCP session initialized (id=5b4c023b-d822-42fd-901e-7bd5dc7ae486)
2026-07-04 14:14:41,481 INFO === scribe_sync start ===
2026-07-04 14:14:42,379 INFO Found folder 'Kindle Scribe' (ID: 1C38JFsUTRYHHimqlQwpoRka0Zi1QJKq6)
2026-07-04 14:14:42,960 INFO MCP session initialized (id=c26c77c3-c2ea-4e63-9f7f-b13136c3a586)
2026-07-04 14:14:43,545 INFO Found 0 w-termine files in folder
2026-07-04 14:14:43,545 INFO No new w-termine files found
2026-07-04 14:14:43,554 INFO === scribe_sync end ===
2026-07-04 14:14:44,392 INFO Found folder 'Kindle Scribe' (ID: 1C38JFsUTRYHHimqlQwpoRka0Zi1QJKq6)
2026-07-04 14:14:45,565 INFO Found 0 w-termine files in folder
2026-07-04 14:14:45,565 INFO No new w-termine files found
2026-07-04 14:14:45,575 INFO === scribe_sync end ===
2026-07-04 14:17:19,217 INFO === scribe_sync start ===
2026-07-04 14:17:20,522 INFO === scribe_sync start ===
2026-07-04 14:17:20,975 INFO MCP session initialized (id=7d8912b7-3e7a-45d6-b65a-e0d6fb9f87eb)
2026-07-04 14:17:22,009 INFO MCP session initialized (id=7981e218-bde7-4260-b416-4a8c4222f6a7)
2026-07-04 14:17:22,189 INFO Found folder 'Kindle Scribe' (ID: 1C38JFsUTRYHHimqlQwpoRka0Zi1QJKq6)
2026-07-04 14:17:23,409 INFO Found folder 'Kindle Scribe' (ID: 1C38JFsUTRYHHimqlQwpoRka0Zi1QJKq6)
2026-07-04 14:17:24,114 INFO Found 0 w-termine files in folder
2026-07-04 14:17:24,115 INFO No new w-termine files found
2026-07-04 14:17:24,118 INFO === scribe_sync end ===
2026-07-04 14:17:24,550 INFO Found 0 w-termine files in folder
2026-07-04 14:17:24,551 INFO No new w-termine files found
2026-07-04 14:17:24,552 INFO === scribe_sync end ===
2026-07-04 14:17:57,812 INFO === scribe_sync start ===
2026-07-04 14:17:59,545 INFO MCP session initialized (id=e5fbbce1-5ce0-466c-8d2e-3defc4e1fc82)
2026-07-04 14:18:00,986 INFO Found folder 'Kindle Scribe' (ID: 1C38JFsUTRYHHimqlQwpoRka0Zi1QJKq6)
2026-07-04 14:18:02,266 INFO Found 0 w-termine files in folder
2026-07-04 14:18:02,270 INFO No new w-termine files found
2026-07-04 14:18:02,274 INFO === scribe_sync end ===
2026-07-04 14:20:01,408 INFO === scribe_sync start ===
2026-07-04 14:20:02,729 INFO MCP session initialized (id=c71714b5-fd12-44e1-aa39-2265f53e9b20)
2026-07-04 14:20:04,069 INFO Found folder 'Kindle Scribe' (ID: 1C38JFsUTRYHHimqlQwpoRka0Zi1QJKq6)
2026-07-04 14:20:05,276 INFO Found 0 w-termine files in folder
2026-07-04 14:20:05,277 INFO No new w-termine files found
2026-07-04 14:20:05,278 INFO === scribe_sync end ===
2026-07-04 14:22:21,443 INFO === scribe_sync start ===
2026-07-04 14:22:22,624 INFO MCP session initialized (id=54dc829f-4316-4315-bfdd-98be92d1c226)
2026-07-04 14:22:24,025 INFO Found folder 'Kindle Scribe' (ID: 1C38JFsUTRYHHimqlQwpoRka0Zi1QJKq6)
2026-07-04 14:22:24,466 INFO === scribe_sync start ===
2026-07-04 14:22:25,270 INFO Found 0 w-termine files in folder
2026-07-04 14:22:25,271 INFO No new w-termine files found
2026-07-04 14:22:25,273 INFO === scribe_sync end ===
2026-07-04 14:22:26,247 INFO MCP session initialized (id=024be9d8-1e52-4701-bad5-db1649bc7515)
2026-07-04 14:22:27,703 INFO === scribe_sync start ===
2026-07-04 14:22:28,313 INFO Found folder 'Kindle Scribe' (ID: 1C38JFsUTRYHHimqlQwpoRka0Zi1QJKq6)
2026-07-04 14:22:28,844 INFO MCP session initialized (id=ab638b1e-a5ec-43dc-99ab-a82a3773911d)
2026-07-04 14:22:29,740 INFO Found 0 w-termine files in folder
2026-07-04 14:22:29,740 INFO No new w-termine files found
2026-07-04 14:22:29,743 INFO === scribe_sync end ===
2026-07-04 14:22:30,310 INFO Found folder 'Kindle Scribe' (ID: 1C38JFsUTRYHHimqlQwpoRka0Zi1QJKq6)
2026-07-04 14:22:31,491 INFO Found 0 w-termine files in folder
2026-07-04 14:22:31,491 INFO No new w-termine files found
2026-07-04 14:22:31,493 INFO === scribe_sync end ===
2026-07-04 14:22:36,383 INFO === scribe_sync start ===
2026-07-04 14:22:37,796 INFO MCP session initialized (id=c36df8c3-e48a-43fc-a411-7e8cd0e294f7)
2026-07-04 14:22:39,434 INFO Found folder 'Kindle Scribe' (ID: 1C38JFsUTRYHHimqlQwpoRka0Zi1QJKq6)
2026-07-04 14:22:39,732 INFO === scribe_sync start ===
2026-07-04 14:22:40,699 INFO Found 0 w-termine files in folder
2026-07-04 14:22:40,699 INFO No new w-termine files found
2026-07-04 14:22:40,701 INFO === scribe_sync end ===
2026-07-04 14:22:40,989 INFO MCP session initialized (id=f7096527-eefd-49c7-b491-6afbad15893d)
2026-07-04 14:22:42,248 INFO Found folder 'Kindle Scribe' (ID: 1C38JFsUTRYHHimqlQwpoRka0Zi1QJKq6)
2026-07-04 14:22:43,613 INFO Found 0 w-termine files in folder
2026-07-04 14:22:43,613 INFO No new w-termine files found
2026-07-04 14:22:43,615 INFO === scribe_sync end ===
2026-07-04 14:25:08,298 INFO === scribe_sync start ===
2026-07-04 14:25:09,511 INFO MCP session initialized (id=db7b2f44-9da8-4777-bd3d-878de9ace464)
2026-07-04 14:25:10,889 INFO Found folder 'Kindle Scribe' (ID: 1C38JFsUTRYHHimqlQwpoRka0Zi1QJKq6)
2026-07-04 14:25:12,155 INFO Found 0 w-termine files in folder
2026-07-04 14:25:12,156 INFO No new w-termine files found
2026-07-04 14:25:12,158 INFO === scribe_sync end ===
2026-07-04 14:25:15,429 INFO === scribe_sync start ===
2026-07-04 14:25:16,628 INFO MCP session initialized (id=6e3f6c56-ab93-4902-80e2-4ef050d26467)
2026-07-04 14:25:18,493 INFO Found folder 'Kindle Scribe' (ID: 1C38JFsUTRYHHimqlQwpoRka0Zi1QJKq6)
2026-07-04 14:25:19,776 INFO Found 0 w-termine files in folder
2026-07-04 14:25:19,776 INFO No new w-termine files found
2026-07-04 14:25:19,777 INFO === scribe_sync end ===
2026-07-04 14:25:22,727 INFO === scribe_sync start ===
2026-07-04 14:25:23,890 INFO MCP session initialized (id=c4a7293e-aafa-4f27-9db8-0bbcd6189a67)
2026-07-04 14:25:25,500 INFO Found folder 'Kindle Scribe' (ID: 1C38JFsUTRYHHimqlQwpoRka0Zi1QJKq6)
2026-07-04 14:25:26,738 INFO Found 0 w-termine files in folder
2026-07-04 14:25:26,739 INFO No new w-termine files found
2026-07-04 14:25:26,740 INFO === scribe_sync end ===
2026-07-04 14:26:01,658 INFO === scribe_sync start ===
2026-07-04 14:26:03,102 INFO MCP session initialized (id=f7792a00-e16b-43d6-aea6-02afd26f7850)
2026-07-04 14:26:04,423 INFO Found folder 'Kindle Scribe' (ID: 1C38JFsUTRYHHimqlQwpoRka0Zi1QJKq6)
2026-07-04 14:26:05,647 INFO Found 0 w-termine files in folder
2026-07-04 14:26:05,647 INFO No new w-termine files found
2026-07-04 14:26:05,651 INFO === scribe_sync end ===
2026-07-04 14:30:01,888 INFO === scribe_sync start ===
2026-07-04 14:30:03,291 INFO MCP session initialized (id=3b32fe37-1aa4-4f1d-b9d5-088d583d6003)
2026-07-04 14:30:11,408 INFO Found folder 'Kindle Scribe' (ID: 1C38JFsUTRYHHimqlQwpoRka0Zi1QJKq6)
2026-07-04 14:30:12,554 INFO Found 0 w-termine files in folder
2026-07-04 14:30:12,554 INFO No new w-termine files found
2026-07-04 14:30:12,556 INFO === scribe_sync end ===
2026-07-04 14:40:01,216 INFO === scribe_sync start ===
2026-07-04 14:40:05,058 INFO MCP session initialized (id=4b0293f7-527a-49f1-a689-0160c134a471)
2026-07-04 14:40:06,336 INFO Found folder 'Kindle Scribe' (ID: 1C38JFsUTRYHHimqlQwpoRka0Zi1QJKq6)
2026-07-04 14:40:07,706 INFO Found 0 w-termine files in folder
2026-07-04 14:40:07,706 INFO No new w-termine files found
2026-07-04 14:40:07,709 INFO === scribe_sync end ===
2026-07-04 14:50:01,447 INFO === scribe_sync start ===
2026-07-04 14:50:03,331 INFO MCP session initialized (id=9c2bd707-6b03-4421-a703-cddce198cd9f)
2026-07-04 14:50:04,619 INFO Found folder 'Kindle Scribe' (ID: 1C38JFsUTRYHHimqlQwpoRka0Zi1QJKq6)
2026-07-04 14:50:05,859 INFO Found 0 w-termine files in folder
2026-07-04 14:50:05,859 INFO No new w-termine files found
2026-07-04 14:50:05,865 INFO === scribe_sync end ===
2026-07-04 15:00:01,578 INFO === scribe_sync start ===
2026-07-04 15:00:03,673 INFO MCP session initialized (id=68f8b614-80c3-4566-8b5b-fafa718858d8)
2026-07-04 15:00:04,932 INFO Found folder 'Kindle Scribe' (ID: 1C38JFsUTRYHHimqlQwpoRka0Zi1QJKq6)
2026-07-04 15:00:12,011 INFO Found 0 w-termine files in folder
2026-07-04 15:00:12,011 INFO No new w-termine files found
2026-07-04 15:00:12,021 INFO === scribe_sync end ===
2026-07-04 15:00:57,258 INFO === scribe_sync start ===
2026-07-04 15:00:58,583 INFO MCP session initialized (id=1ba4af1f-1ffc-4ac9-829b-c99683f3e046)
2026-07-04 15:01:00,077 INFO Found folder 'Kindle Scribe' (ID: 1C38JFsUTRYHHimqlQwpoRka0Zi1QJKq6)
2026-07-04 15:01:01,540 INFO Found 0 w-termine files in folder
2026-07-04 15:01:01,541 INFO No new w-termine files found
2026-07-04 15:01:01,547 INFO === scribe_sync end ===
2026-07-04 15:01:41,634 INFO === scribe_sync start ===
2026-07-04 15:01:42,851 INFO MCP session initialized (id=494929f4-435a-4448-8fb9-d242e347621d)
2026-07-04 15:01:44,159 INFO Found folder 'Kindle Scribe' (ID: 1C38JFsUTRYHHimqlQwpoRka0Zi1QJKq6)
2026-07-04 15:01:45,068 INFO === scribe_sync start ===
2026-07-04 15:01:45,376 INFO Found 0 w-termine files in folder
2026-07-04 15:01:45,377 INFO No new w-termine files found
2026-07-04 15:01:45,381 INFO === scribe_sync end ===
2026-07-04 15:01:46,632 INFO MCP session initialized (id=d934118c-bd24-4330-a038-49dd1a798a9f)
2026-07-04 15:01:47,946 INFO Found folder 'Kindle Scribe' (ID: 1C38JFsUTRYHHimqlQwpoRka0Zi1QJKq6)
2026-07-04 15:01:49,136 INFO Found 0 w-termine files in folder
2026-07-04 15:01:49,138 INFO No new w-termine files found
2026-07-04 15:01:49,142 INFO === scribe_sync end ===
2026-07-04 15:05:01,775 INFO === scribe_sync start ===
2026-07-04 15:05:01,931 INFO === scribe_sync start ===
2026-07-04 15:05:03,653 INFO MCP session initialized (id=4e98dbdc-e996-4913-892f-7eee555dd848)
2026-07-04 15:05:03,767 INFO MCP session initialized (id=ffac0f67-1ee3-4b0d-832b-0aae4cee9e2c)
2026-07-04 15:05:04,850 INFO Found folder 'Kindle Scribe' (ID: 1C38JFsUTRYHHimqlQwpoRka0Zi1QJKq6)
2026-07-04 15:05:05,959 INFO Found folder 'Kindle Scribe' (ID: 1C38JFsUTRYHHimqlQwpoRka0Zi1QJKq6)
2026-07-04 15:05:06,058 INFO Found 0 w-termine files in folder
2026-07-04 15:05:06,059 INFO No new w-termine files found
2026-07-04 15:05:06,074 INFO === scribe_sync end ===
2026-07-04 15:05:07,425 INFO Found 0 w-termine files in folder
2026-07-04 15:05:07,425 INFO No new w-termine files found
2026-07-04 15:05:07,431 INFO === scribe_sync end ===
2026-07-04 15:10:01,563 INFO === scribe_sync start ===
2026-07-04 15:10:04,324 INFO MCP session initialized (id=6eee8b32-a16c-488c-8726-732c9b438c41)
2026-07-04 15:10:06,009 INFO Found folder 'Kindle Scribe' (ID: 1C38JFsUTRYHHimqlQwpoRka0Zi1QJKq6)
2026-07-04 15:10:07,315 INFO Found 0 w-termine files in folder
2026-07-04 15:10:07,315 INFO No new w-termine files found
2026-07-04 15:10:07,322 INFO === scribe_sync end ===
2026-07-04 15:13:03,141 INFO === scribe_sync start ===
2026-07-04 15:13:03,579 INFO === scribe_sync start ===
2026-07-04 15:13:04,488 INFO MCP session initialized (id=dc114a75-ffb5-45bd-a92d-52dc8b3695dd)
2026-07-04 15:13:05,127 INFO MCP session initialized (id=ea0a4142-365b-4b6d-ad03-f2fdf95f872b)
2026-07-04 15:13:05,703 INFO Found folder 'Kindle Scribe' (ID: 1C38JFsUTRYHHimqlQwpoRka0Zi1QJKq6)
2026-07-04 15:13:06,992 INFO Found folder 'Kindle Scribe' (ID: 1C38JFsUTRYHHimqlQwpoRka0Zi1QJKq6)
2026-07-04 15:13:07,867 INFO Found 0 w-termine files in folder
2026-07-04 15:13:07,869 INFO No new w-termine files found
2026-07-04 15:13:07,876 INFO === scribe_sync end ===
2026-07-04 15:13:08,187 INFO Found 0 w-termine files in folder
2026-07-04 15:13:08,187 INFO No new w-termine files found
2026-07-04 15:13:08,189 INFO === scribe_sync end ===
2026-07-04 15:20:01,713 INFO === scribe_sync start ===
2026-07-04 15:20:05,038 INFO MCP session initialized (id=fa9ede66-e433-4c48-88c3-7a56a5eed0ef)
2026-07-04 15:20:06,389 INFO Found folder 'Kindle Scribe' (ID: 1C38JFsUTRYHHimqlQwpoRka0Zi1QJKq6)
2026-07-04 15:20:08,187 INFO Found 0 w-termine files in folder
2026-07-04 15:20:08,187 INFO No new w-termine files found
2026-07-04 15:20:08,190 INFO === scribe_sync end ===
2026-07-04 15:24:11,554 INFO === scribe_sync start ===
2026-07-04 15:24:12,931 INFO MCP session initialized (id=b51223a6-5b5c-49dc-aabc-e3472df2529e)
2026-07-04 15:24:14,130 INFO Found folder 'Kindle Scribe' (ID: 1C38JFsUTRYHHimqlQwpoRka0Zi1QJKq6)
2026-07-04 15:24:15,550 INFO Found 0 w-termine files in folder
2026-07-04 15:24:15,551 INFO No new w-termine files found
2026-07-04 15:24:15,555 INFO === scribe_sync end ===
2026-07-04 15:29:42,786 INFO === scribe_sync start ===
2026-07-04 15:29:43,974 INFO MCP session initialized (id=ec1f21a8-f549-4136-8198-24b033eee76b)
2026-07-04 15:29:45,417 INFO Found folder 'Kindle Scribe' (ID: 1C38JFsUTRYHHimqlQwpoRka0Zi1QJKq6)
2026-07-04 15:29:46,597 INFO Found 0 w-termine files in folder
2026-07-04 15:29:46,598 INFO No new w-termine files found
2026-07-04 15:29:46,599 INFO === scribe_sync end ===
2026-07-04 15:29:47,089 INFO === scribe_sync start ===
2026-07-04 15:29:48,423 INFO MCP session initialized (id=7077618c-b545-44e7-986d-c706645445cd)
2026-07-04 15:29:49,578 INFO Found folder 'Kindle Scribe' (ID: 1C38JFsUTRYHHimqlQwpoRka0Zi1QJKq6)
2026-07-04 15:29:50,924 INFO Found 0 w-termine files in folder
2026-07-04 15:29:50,924 INFO No new w-termine files found
2026-07-04 15:29:50,928 INFO === scribe_sync end ===
2026-07-04 15:30:02,069 INFO === scribe_sync start ===
2026-07-04 15:30:04,303 INFO MCP session initialized (id=dff915fd-aa56-4731-b128-357707057abb)
2026-07-04 15:30:05,743 INFO Found folder 'Kindle Scribe' (ID: 1C38JFsUTRYHHimqlQwpoRka0Zi1QJKq6)
2026-07-04 15:30:06,954 INFO Found 0 w-termine files in folder
2026-07-04 15:30:06,955 INFO No new w-termine files found
2026-07-04 15:30:06,970 INFO === scribe_sync end ===
2026-07-04 15:30:17,891 INFO === scribe_sync start ===
2026-07-04 15:30:19,099 INFO MCP session initialized (id=00837f9f-1d22-4bf3-b530-074098f37856)
2026-07-04 15:30:20,351 INFO Found folder 'Kindle Scribe' (ID: 1C38JFsUTRYHHimqlQwpoRka0Zi1QJKq6)
2026-07-04 15:30:21,454 INFO === scribe_sync start ===
2026-07-04 15:30:22,709 INFO MCP session initialized (id=984572e1-95a0-47c1-99b7-5fa7a43caaed)
2026-07-04 15:30:23,682 INFO Found 0 w-termine files in folder
2026-07-04 15:30:23,682 INFO No new w-termine files found
2026-07-04 15:30:23,685 INFO === scribe_sync end ===
2026-07-04 15:30:23,969 INFO Found folder 'Kindle Scribe' (ID: 1C38JFsUTRYHHimqlQwpoRka0Zi1QJKq6)
2026-07-04 15:30:25,444 INFO Found 0 w-termine files in folder
2026-07-04 15:30:25,445 INFO No new w-termine files found
2026-07-04 15:30:25,449 INFO === scribe_sync end ===
2026-07-04 15:30:28,273 INFO === scribe_sync start ===
2026-07-04 15:30:29,490 INFO MCP session initialized (id=54fc3f4f-5e91-4366-84d6-53914690e129)
2026-07-04 15:30:31,752 INFO Found folder 'Kindle Scribe' (ID: 1C38JFsUTRYHHimqlQwpoRka0Zi1QJKq6)
2026-07-04 15:30:33,019 INFO Found 0 w-termine files in folder
2026-07-04 15:30:33,019 INFO No new w-termine files found
2026-07-04 15:30:33,022 INFO === scribe_sync end ===
2026-07-04 15:30:41,750 INFO === scribe_sync start ===
2026-07-04 15:30:42,957 INFO MCP session initialized (id=bee6e5c6-d4d8-4f95-b387-269d1be447c9)
2026-07-04 15:30:44,237 INFO Found folder 'Kindle Scribe' (ID: 1C38JFsUTRYHHimqlQwpoRka0Zi1QJKq6)
2026-07-04 15:30:45,398 INFO Found 0 w-termine files in folder
2026-07-04 15:30:45,399 INFO No new w-termine files found
2026-07-04 15:30:45,400 INFO === scribe_sync end ===
2026-07-04 15:33:43,174 INFO === scribe_sync start ===
2026-07-04 15:33:44,457 INFO MCP session initialized (id=5c4fecc8-0340-4e7a-ab54-b546a8ca8b3b)
2026-07-04 15:33:45,838 INFO Found folder 'Kindle Scribe' (ID: 1C38JFsUTRYHHimqlQwpoRka0Zi1QJKq6)
2026-07-04 15:33:47,478 INFO Found 0 w-termine files in folder
2026-07-04 15:33:47,479 INFO No new w-termine files found
2026-07-04 15:33:47,490 INFO === scribe_sync end ===
2026-07-04 15:33:56,233 INFO === scribe_sync start ===
2026-07-04 15:33:57,544 INFO MCP session initialized (id=7114072b-9e1a-4039-9700-47e628999340)
2026-07-04 15:34:00,159 INFO === scribe_sync start ===
2026-07-04 15:34:01,264 INFO Found folder 'Kindle Scribe' (ID: 1C38JFsUTRYHHimqlQwpoRka0Zi1QJKq6)
2026-07-04 15:34:02,035 INFO MCP session initialized (id=2e11599c-763d-431f-909b-53fe797ed104)
2026-07-04 15:34:02,402 INFO Found 0 w-termine files in folder
2026-07-04 15:34:02,403 INFO No new w-termine files found
2026-07-04 15:34:02,404 INFO === scribe_sync end ===
2026-07-04 15:34:03,266 INFO Found folder 'Kindle Scribe' (ID: 1C38JFsUTRYHHimqlQwpoRka0Zi1QJKq6)
2026-07-04 15:34:04,450 INFO Found 0 w-termine files in folder
2026-07-04 15:34:04,450 INFO No new w-termine files found
2026-07-04 15:34:04,484 INFO === scribe_sync end ===
2026-07-04 15:35:18,293 INFO === scribe_sync start ===
2026-07-04 15:35:19,451 INFO MCP session initialized (id=ca079579-dae0-4935-baed-760eea017a1f)
2026-07-04 15:35:20,685 INFO Found folder 'Kindle Scribe' (ID: 1C38JFsUTRYHHimqlQwpoRka0Zi1QJKq6)
2026-07-04 15:35:22,055 INFO Found 0 w-termine files in folder
2026-07-04 15:35:22,055 INFO No new w-termine files found
2026-07-04 15:35:22,057 INFO === scribe_sync end ===
2026-07-04 15:36:59,983 INFO === scribe_sync start ===
2026-07-04 15:37:01,417 INFO MCP session initialized (id=4014db34-6128-4918-aabb-404a8be8bb9c)
2026-07-04 15:37:02,812 INFO Found folder 'Kindle Scribe' (ID: 1C38JFsUTRYHHimqlQwpoRka0Zi1QJKq6)
2026-07-04 15:37:04,002 INFO Found 0 w-termine files in folder
2026-07-04 15:37:04,002 INFO No new w-termine files found
2026-07-04 15:37:04,018 INFO === scribe_sync end ===
2026-07-04 15:37:12,146 INFO === scribe_sync start ===
2026-07-04 15:37:13,412 INFO MCP session initialized (id=fd6427a6-2771-4407-86ed-49258bdd0dda)
2026-07-04 15:37:14,661 INFO Found folder 'Kindle Scribe' (ID: 1C38JFsUTRYHHimqlQwpoRka0Zi1QJKq6)
2026-07-04 15:37:15,838 INFO Found 0 w-termine files in folder
2026-07-04 15:37:15,838 INFO No new w-termine files found
2026-07-04 15:37:15,840 INFO === scribe_sync end ===
2026-07-04 15:37:27,476 INFO === scribe_sync start ===
2026-07-04 15:37:28,835 INFO MCP session initialized (id=d0333afb-413b-4ea5-9b30-4014ed5eb27d)
2026-07-04 15:37:30,138 INFO Found folder 'Kindle Scribe' (ID: 1C38JFsUTRYHHimqlQwpoRka0Zi1QJKq6)
2026-07-04 15:37:31,351 INFO Found 0 w-termine files in folder
2026-07-04 15:37:31,351 INFO No new w-termine files found
2026-07-04 15:37:31,353 INFO === scribe_sync end ===
2026-07-04 15:37:59,139 INFO === scribe_sync start ===
2026-07-04 15:38:00,483 INFO MCP session initialized (id=ccd0c267-0454-44dd-b43f-e3ceca1dbf70)
2026-07-04 15:38:02,187 INFO Found folder 'Kindle Scribe' (ID: 1C38JFsUTRYHHimqlQwpoRka0Zi1QJKq6)
2026-07-04 15:38:03,380 INFO Found 0 w-termine files in folder
2026-07-04 15:38:03,383 INFO No new w-termine files found
2026-07-04 15:38:03,386 INFO === scribe_sync end ===
2026-07-04 15:38:32,876 INFO === scribe_sync start ===
2026-07-04 15:38:34,070 INFO MCP session initialized (id=1d49b720-9f01-4efc-8171-482ce59f0759)
2026-07-04 15:38:35,584 INFO Found folder 'Kindle Scribe' (ID: 1C38JFsUTRYHHimqlQwpoRka0Zi1QJKq6)
2026-07-04 15:38:36,868 INFO Found 0 w-termine files in folder
2026-07-04 15:38:36,869 INFO No new w-termine files found
2026-07-04 15:38:36,874 INFO === scribe_sync end ===
2026-07-04 15:40:01,435 INFO === scribe_sync start ===
2026-07-04 15:40:01,922 INFO === scribe_sync start ===
2026-07-04 15:40:02,945 INFO MCP session initialized (id=5616f979-dd2c-4a31-bad6-0735d55a3a39)
2026-07-04 15:40:03,275 INFO MCP session initialized (id=f91c37a2-020a-4468-931e-bd36b87caeba)
2026-07-04 15:40:04,476 INFO Found folder 'Kindle Scribe' (ID: 1C38JFsUTRYHHimqlQwpoRka0Zi1QJKq6)
2026-07-04 15:40:04,592 INFO Found folder 'Kindle Scribe' (ID: 1C38JFsUTRYHHimqlQwpoRka0Zi1QJKq6)
2026-07-04 15:40:05,669 INFO Found 0 w-termine files in folder
2026-07-04 15:40:05,671 INFO No new w-termine files found
2026-07-04 15:40:05,675 INFO === scribe_sync end ===
2026-07-04 15:40:05,890 INFO Found 0 w-termine files in folder
2026-07-04 15:40:05,890 INFO No new w-termine files found
2026-07-04 15:40:05,920 INFO === scribe_sync end ===
2026-07-04 15:40:27,464 INFO === scribe_sync start ===
2026-07-04 15:40:28,711 INFO MCP session initialized (id=d0cbd2e4-be29-43cb-afa0-4a42b4adb6e8)
2026-07-04 15:40:30,181 INFO Found folder 'Kindle Scribe' (ID: 1C38JFsUTRYHHimqlQwpoRka0Zi1QJKq6)
2026-07-04 15:40:31,443 INFO Found 0 w-termine files in folder
2026-07-04 15:40:31,443 INFO No new w-termine files found
2026-07-04 15:40:31,447 INFO === scribe_sync end ===
2026-07-04 15:50:01,677 INFO === scribe_sync start ===
2026-07-04 15:50:03,038 INFO MCP session initialized (id=d51cf468-3428-4f7e-87e1-7276d12da6a0)
2026-07-04 15:50:04,368 INFO Found folder 'Kindle Scribe' (ID: 1C38JFsUTRYHHimqlQwpoRka0Zi1QJKq6)
2026-07-04 15:50:05,884 INFO Found 0 w-termine files in folder
2026-07-04 15:50:05,885 INFO No new w-termine files found
2026-07-04 15:50:05,887 INFO === scribe_sync end ===
2026-07-04 15:56:26,547 INFO === scribe_sync start ===
2026-07-04 15:56:27,988 INFO MCP session initialized (id=52bae085-00b8-4c92-aa52-091c8257ed85)
2026-07-04 15:56:29,342 INFO Found folder 'Kindle Scribe' (ID: 1C38JFsUTRYHHimqlQwpoRka0Zi1QJKq6)
2026-07-04 15:56:30,562 INFO Found 0 w-termine files in folder
2026-07-04 15:56:30,563 INFO No new w-termine files found
2026-07-04 15:56:30,567 INFO === scribe_sync end ===
2026-07-04 16:00:02,397 INFO === scribe_sync start ===
2026-07-04 16:00:09,017 INFO MCP session initialized (id=afdd70a8-5397-44cf-acc9-f8ac4b5aada1)
2026-07-04 16:00:10,429 INFO Found folder 'Kindle Scribe' (ID: 1C38JFsUTRYHHimqlQwpoRka0Zi1QJKq6)
2026-07-04 16:00:13,359 INFO Found 0 w-termine files in folder
2026-07-04 16:00:13,359 INFO No new w-termine files found
2026-07-04 16:00:13,362 INFO === scribe_sync end ===
2026-07-04 16:07:12,798 INFO === scribe_sync start ===
2026-07-04 16:07:14,026 INFO MCP session initialized (id=e7f4e546-2fe4-4d23-ad0d-14fae67e6dfa)
2026-07-04 16:07:15,322 INFO Found folder 'Kindle Scribe' (ID: 1C38JFsUTRYHHimqlQwpoRka0Zi1QJKq6)
2026-07-04 16:07:15,423 INFO === scribe_sync start ===
2026-07-04 16:07:16,382 INFO Found 0 w-termine files in folder
2026-07-04 16:07:16,382 INFO No new w-termine files found
2026-07-04 16:07:16,386 INFO === scribe_sync end ===
2026-07-04 16:07:16,668 INFO MCP session initialized (id=6e563824-e465-4f2b-9f06-ca2ad9ecb6d9)
2026-07-04 16:07:18,087 INFO Found folder 'Kindle Scribe' (ID: 1C38JFsUTRYHHimqlQwpoRka0Zi1QJKq6)
2026-07-04 16:07:19,473 INFO Found 0 w-termine files in folder
2026-07-04 16:07:19,473 INFO No new w-termine files found
2026-07-04 16:07:19,475 INFO === scribe_sync end ===
2026-07-04 16:07:31,761 INFO === scribe_sync start ===
2026-07-04 16:07:33,086 INFO MCP session initialized (id=d0cfceca-f550-4ca9-88cd-929b9679a554)
2026-07-04 16:07:34,311 INFO Found folder 'Kindle Scribe' (ID: 1C38JFsUTRYHHimqlQwpoRka0Zi1QJKq6)
2026-07-04 16:07:35,511 INFO Found 0 w-termine files in folder
2026-07-04 16:07:35,512 INFO No new w-termine files found
2026-07-04 16:07:35,514 INFO === scribe_sync end ===
2026-07-04 16:07:40,022 INFO === scribe_sync start ===
2026-07-04 16:07:41,222 INFO MCP session initialized (id=9f964fa7-7f96-4988-977c-bc098b0a5bb2)
2026-07-04 16:07:42,448 INFO Found folder 'Kindle Scribe' (ID: 1C38JFsUTRYHHimqlQwpoRka0Zi1QJKq6)
2026-07-04 16:07:43,711 INFO Found 0 w-termine files in folder
2026-07-04 16:07:43,711 INFO No new w-termine files found
2026-07-04 16:07:43,713 INFO === scribe_sync end ===
2026-07-04 16:10:01,887 INFO === scribe_sync start ===
2026-07-04 16:10:03,631 INFO MCP session initialized (id=5a16e6ba-89a1-488c-a3bc-eec678fefe3b)
2026-07-04 16:10:04,921 INFO Found folder 'Kindle Scribe' (ID: 1C38JFsUTRYHHimqlQwpoRka0Zi1QJKq6)
2026-07-04 16:10:07,315 INFO Found 0 w-termine files in folder
2026-07-04 16:10:07,315 INFO No new w-termine files found
2026-07-04 16:10:07,342 INFO === scribe_sync end ===
2026-07-04 16:20:01,700 INFO === scribe_sync start ===
2026-07-04 16:20:03,333 INFO MCP session initialized (id=4775a3b5-c0ed-42a0-a67f-01d7fc1108ad)
2026-07-04 16:20:04,773 INFO Found folder 'Kindle Scribe' (ID: 1C38JFsUTRYHHimqlQwpoRka0Zi1QJKq6)
2026-07-04 16:20:06,232 INFO Found 0 w-termine files in folder
2026-07-04 16:20:06,233 INFO No new w-termine files found
2026-07-04 16:20:06,241 INFO === scribe_sync end ===
2026-07-04 16:30:02,245 INFO === scribe_sync start ===
2026-07-04 16:30:04,202 INFO MCP session initialized (id=d6778e06-e57c-4c14-bf85-b0d2402bd03b)
2026-07-04 16:30:05,946 INFO Found folder 'Kindle Scribe' (ID: 1C38JFsUTRYHHimqlQwpoRka0Zi1QJKq6)
2026-07-04 16:30:07,192 INFO Found 0 w-termine files in folder
2026-07-04 16:30:07,193 INFO No new w-termine files found
2026-07-04 16:30:07,196 INFO === scribe_sync end ===
2026-07-04 16:40:01,369 INFO === scribe_sync start ===
2026-07-04 16:40:03,012 INFO MCP session initialized (id=f2fcbd9c-4516-49ec-8672-5b3df60bdea3)
2026-07-04 16:40:04,297 INFO Found folder 'Kindle Scribe' (ID: 1C38JFsUTRYHHimqlQwpoRka0Zi1QJKq6)
2026-07-04 16:40:05,612 INFO Found 0 w-termine files in folder
2026-07-04 16:40:05,612 INFO No new w-termine files found
2026-07-04 16:40:05,614 INFO === scribe_sync end ===
2026-07-04 16:50:01,904 INFO === scribe_sync start ===
2026-07-04 16:50:03,291 INFO MCP session initialized (id=6ac6ffed-88d7-4571-a5cb-15e651414eeb)
2026-07-04 16:50:04,685 INFO Found folder 'Kindle Scribe' (ID: 1C38JFsUTRYHHimqlQwpoRka0Zi1QJKq6)
2026-07-04 16:50:05,892 INFO Found 0 w-termine files in folder
2026-07-04 16:50:05,892 INFO No new w-termine files found
2026-07-04 16:50:05,894 INFO === scribe_sync end ===
2026-07-04 17:00:01,589 INFO === scribe_sync start ===
2026-07-04 17:00:03,122 INFO MCP session initialized (id=325f92f8-5d41-4cc9-a0ed-f9f1af010a5b)
2026-07-04 17:00:04,808 INFO Found folder 'Kindle Scribe' (ID: 1C38JFsUTRYHHimqlQwpoRka0Zi1QJKq6)
2026-07-04 17:00:11,062 INFO Found 0 w-termine files in folder
2026-07-04 17:00:11,062 INFO No new w-termine files found
2026-07-04 17:00:11,065 INFO === scribe_sync end ===
2026-07-04 17:10:02,205 INFO === scribe_sync start ===
2026-07-04 17:10:03,523 INFO MCP session initialized (id=9b664e5e-d60b-4962-8330-ae160e179342)
2026-07-04 17:10:04,817 INFO Found folder 'Kindle Scribe' (ID: 1C38JFsUTRYHHimqlQwpoRka0Zi1QJKq6)
2026-07-04 17:10:05,947 INFO Found 0 w-termine files in folder
2026-07-04 17:10:05,947 INFO No new w-termine files found
2026-07-04 17:10:05,949 INFO === scribe_sync end ===
2026-07-04 17:20:01,237 INFO === scribe_sync start ===
2026-07-04 17:20:03,056 INFO MCP session initialized (id=4a524314-8918-413d-917d-b9d29cc1107c)
2026-07-04 17:20:04,549 INFO Found folder 'Kindle Scribe' (ID: 1C38JFsUTRYHHimqlQwpoRka0Zi1QJKq6)
2026-07-04 17:20:05,949 INFO Found 0 w-termine files in folder
2026-07-04 17:20:05,950 INFO No new w-termine files found
2026-07-04 17:20:05,954 INFO === scribe_sync end ===
2026-07-04 17:30:02,188 INFO === scribe_sync start ===
2026-07-04 17:30:03,670 INFO MCP session initialized (id=81dceec7-fa48-4d5d-b4f8-bdc00e97d53f)
2026-07-04 17:30:05,271 INFO Found folder 'Kindle Scribe' (ID: 1C38JFsUTRYHHimqlQwpoRka0Zi1QJKq6)
2026-07-04 17:30:06,528 INFO Found 0 w-termine files in folder
2026-07-04 17:30:06,529 INFO No new w-termine files found
2026-07-04 17:30:06,534 INFO === scribe_sync end ===
2026-07-04 17:40:01,653 INFO === scribe_sync start ===
2026-07-04 17:40:03,456 INFO MCP session initialized (id=64d81ee5-7f2b-4121-b4f5-531e73aa948e)
2026-07-04 17:40:04,755 INFO Found folder 'Kindle Scribe' (ID: 1C38JFsUTRYHHimqlQwpoRka0Zi1QJKq6)
2026-07-04 17:40:06,366 INFO Found 0 w-termine files in folder
2026-07-04 17:40:06,366 INFO No new w-termine files found
2026-07-04 17:40:06,368 INFO === scribe_sync end ===
2026-07-04 17:50:01,727 INFO === scribe_sync start ===
2026-07-04 17:50:04,822 INFO MCP session initialized (id=0b89f91c-2d9f-4404-acfe-57ae007beda3)
2026-07-04 17:50:06,171 INFO Found folder 'Kindle Scribe' (ID: 1C38JFsUTRYHHimqlQwpoRka0Zi1QJKq6)
2026-07-04 17:50:07,480 INFO Found 0 w-termine files in folder
2026-07-04 17:50:07,481 INFO No new w-termine files found
2026-07-04 17:50:07,483 INFO === scribe_sync end ===
2026-07-04 17:54:08,677 INFO === scribe_sync start ===
2026-07-04 17:54:09,999 INFO MCP session initialized (id=4a054841-8238-456e-9694-9cb44d31d97d)
2026-07-04 17:54:11,376 INFO Found folder 'Kindle Scribe' (ID: 1C38JFsUTRYHHimqlQwpoRka0Zi1QJKq6)
2026-07-04 17:54:12,664 INFO Found 0 w-termine files in folder
2026-07-04 17:54:12,665 INFO No new w-termine files found
2026-07-04 17:54:12,666 INFO === scribe_sync end ===
2026-07-04 18:00:02,003 INFO === scribe_sync start ===
2026-07-04 18:00:08,619 INFO MCP session initialized (id=f0d26b9a-3601-475b-8c95-69d17d8f5885)
2026-07-04 18:00:10,018 INFO Found folder 'Kindle Scribe' (ID: 1C38JFsUTRYHHimqlQwpoRka0Zi1QJKq6)
2026-07-04 18:00:11,365 INFO Found 0 w-termine files in folder
2026-07-04 18:00:11,369 INFO No new w-termine files found
2026-07-04 18:00:11,391 INFO === scribe_sync end ===
2026-07-04 18:10:02,139 INFO === scribe_sync start ===
2026-07-04 18:10:03,555 INFO MCP session initialized (id=f5271c0f-784d-4bc8-9886-63f92ec03865)
2026-07-04 18:10:04,936 INFO Found folder 'Kindle Scribe' (ID: 1C38JFsUTRYHHimqlQwpoRka0Zi1QJKq6)
2026-07-04 18:10:06,120 INFO Found 0 w-termine files in folder
2026-07-04 18:10:06,120 INFO No new w-termine files found
2026-07-04 18:10:06,122 INFO === scribe_sync end ===
2026-07-04 18:20:02,660 INFO === scribe_sync start ===
2026-07-04 18:20:04,476 INFO MCP session initialized (id=f5e57017-6694-402f-b3a2-5bf99c490780)
2026-07-04 18:20:05,816 INFO Found folder 'Kindle Scribe' (ID: 1C38JFsUTRYHHimqlQwpoRka0Zi1QJKq6)
2026-07-04 18:20:07,211 INFO Found 0 w-termine files in folder
2026-07-04 18:20:07,212 INFO No new w-termine files found
2026-07-04 18:20:07,222 INFO === scribe_sync end ===
2026-07-04 18:30:01,984 INFO === scribe_sync start ===
2026-07-04 18:30:04,722 INFO MCP session initialized (id=bbecaa47-34b8-44cb-9ef5-9eed4af22a72)
2026-07-04 18:30:06,113 INFO Found folder 'Kindle Scribe' (ID: 1C38JFsUTRYHHimqlQwpoRka0Zi1QJKq6)
2026-07-04 18:30:07,498 INFO Found 0 w-termine files in folder
2026-07-04 18:30:07,498 INFO No new w-termine files found
2026-07-04 18:30:07,501 INFO === scribe_sync end ===
2026-07-04 18:40:01,910 INFO === scribe_sync start ===
2026-07-04 18:40:03,940 INFO MCP session initialized (id=4bfef876-3a4b-4099-8829-078a69a771cf)
2026-07-04 18:40:05,224 INFO Found folder 'Kindle Scribe' (ID: 1C38JFsUTRYHHimqlQwpoRka0Zi1QJKq6)
2026-07-04 18:40:06,476 INFO Found 0 w-termine files in folder
2026-07-04 18:40:06,476 INFO No new w-termine files found
2026-07-04 18:40:06,478 INFO === scribe_sync end ===
2026-07-04 18:50:02,077 INFO === scribe_sync start ===
2026-07-04 18:50:03,337 INFO MCP session initialized (id=e70d0b58-7cec-44c9-a288-b8aca2c1e6b5)
2026-07-04 18:50:06,260 INFO Found folder 'Kindle Scribe' (ID: 1C38JFsUTRYHHimqlQwpoRka0Zi1QJKq6)
2026-07-04 18:50:07,538 INFO Found 0 w-termine files in folder
2026-07-04 18:50:07,538 INFO No new w-termine files found
2026-07-04 18:50:07,540 INFO === scribe_sync end ===
2026-07-04 19:00:01,294 INFO === scribe_sync start ===
2026-07-04 19:00:02,850 INFO MCP session initialized (id=4451f58d-e046-4c90-8541-cfe0b1b81008)
2026-07-04 19:00:04,254 INFO Found folder 'Kindle Scribe' (ID: 1C38JFsUTRYHHimqlQwpoRka0Zi1QJKq6)
2026-07-04 19:00:05,732 INFO Found 0 w-termine files in folder
2026-07-04 19:00:05,733 INFO No new w-termine files found
2026-07-04 19:00:05,849 INFO === scribe_sync end ===
2026-07-04 19:10:02,276 INFO === scribe_sync start ===
2026-07-04 19:10:04,571 INFO MCP session initialized (id=77164a6c-1f15-435d-8e4f-6c68c7dc8351)
2026-07-04 19:10:06,042 INFO Found folder 'Kindle Scribe' (ID: 1C38JFsUTRYHHimqlQwpoRka0Zi1QJKq6)
2026-07-04 19:10:07,357 INFO Found 0 w-termine files in folder
2026-07-04 19:10:07,357 INFO No new w-termine files found
2026-07-04 19:10:07,391 INFO === scribe_sync end ===
2026-07-04 19:20:01,752 INFO === scribe_sync start ===
2026-07-04 19:20:04,138 INFO MCP session initialized (id=9b5e29ce-577d-4c5c-a4a8-8aa6db3a736d)
2026-07-04 19:20:05,412 INFO Found folder 'Kindle Scribe' (ID: 1C38JFsUTRYHHimqlQwpoRka0Zi1QJKq6)
2026-07-04 19:20:06,615 INFO Found 0 w-termine files in folder
2026-07-04 19:20:06,616 INFO No new w-termine files found
2026-07-04 19:20:06,617 INFO === scribe_sync end ===
2026-07-04 19:30:02,393 INFO === scribe_sync start ===
2026-07-04 19:30:04,613 INFO MCP session initialized (id=06baa0a2-38a5-4f75-a00e-b65397d06613)
2026-07-04 19:30:06,443 INFO Found folder 'Kindle Scribe' (ID: 1C38JFsUTRYHHimqlQwpoRka0Zi1QJKq6)
2026-07-04 19:30:07,719 INFO Found 0 w-termine files in folder
2026-07-04 19:30:07,719 INFO No new w-termine files found
2026-07-04 19:30:07,721 INFO === scribe_sync end ===
2026-07-04 19:40:01,598 INFO === scribe_sync start ===
2026-07-04 19:40:03,140 INFO MCP session initialized (id=d40100e0-19fd-4de6-b0de-b8b2ed429347)
2026-07-04 19:40:04,618 INFO Found folder 'Kindle Scribe' (ID: 1C38JFsUTRYHHimqlQwpoRka0Zi1QJKq6)
2026-07-04 19:40:06,173 INFO Found 0 w-termine files in folder
2026-07-04 19:40:06,173 INFO No new w-termine files found
2026-07-04 19:40:06,177 INFO === scribe_sync end ===
2026-07-04 19:50:01,847 INFO === scribe_sync start ===
2026-07-04 19:50:03,825 INFO MCP session initialized (id=cd32fa4a-6294-41f5-bfcb-38346642d9a1)
2026-07-04 19:50:05,171 INFO Found folder 'Kindle Scribe' (ID: 1C38JFsUTRYHHimqlQwpoRka0Zi1QJKq6)
2026-07-04 19:50:06,366 INFO Found 0 w-termine files in folder
2026-07-04 19:50:06,371 INFO No new w-termine files found
2026-07-04 19:50:06,373 INFO === scribe_sync end ===
2026-07-04 20:00:01,752 INFO === scribe_sync start ===
2026-07-04 20:00:03,552 INFO MCP session initialized (id=96d46133-a52d-4940-a97a-62cdb02d88f6)
2026-07-04 20:00:05,211 INFO Found folder 'Kindle Scribe' (ID: 1C38JFsUTRYHHimqlQwpoRka0Zi1QJKq6)
2026-07-04 20:00:06,844 INFO Found 0 w-termine files in folder
2026-07-04 20:00:06,844 INFO No new w-termine files found
2026-07-04 20:00:06,852 INFO === scribe_sync end ===
2026-07-04 20:10:01,931 INFO === scribe_sync start ===
2026-07-04 20:10:03,402 INFO MCP session initialized (id=d070e6c9-db75-4a96-9fad-d6100ce56fe9)
2026-07-04 20:10:04,827 INFO Found folder 'Kindle Scribe' (ID: 1C38JFsUTRYHHimqlQwpoRka0Zi1QJKq6)
2026-07-04 20:10:06,639 INFO Found 0 w-termine files in folder
2026-07-04 20:10:06,640 INFO No new w-termine files found
2026-07-04 20:10:06,643 INFO === scribe_sync end ===
2026-07-04 20:20:02,445 INFO === scribe_sync start ===
2026-07-04 20:20:03,982 INFO MCP session initialized (id=529638df-9288-4d0b-b54c-3feb66fbf68b)
2026-07-04 20:20:05,393 INFO Found folder 'Kindle Scribe' (ID: 1C38JFsUTRYHHimqlQwpoRka0Zi1QJKq6)
2026-07-04 20:20:06,579 INFO Found 0 w-termine files in folder
2026-07-04 20:20:06,579 INFO No new w-termine files found
2026-07-04 20:20:06,582 INFO === scribe_sync end ===
2026-07-04 20:30:01,781 INFO === scribe_sync start ===
2026-07-04 20:30:04,181 INFO MCP session initialized (id=9fbb93fe-cbc0-4421-a319-f25f23e69c2e)
2026-07-04 20:30:05,685 INFO Found folder 'Kindle Scribe' (ID: 1C38JFsUTRYHHimqlQwpoRka0Zi1QJKq6)
2026-07-04 20:30:07,094 INFO Found 0 w-termine files in folder
2026-07-04 20:30:07,094 INFO No new w-termine files found
2026-07-04 20:30:07,107 INFO === scribe_sync end ===
2026-07-04 20:40:02,615 INFO === scribe_sync start ===
2026-07-04 20:40:23,616 INFO MCP session initialized (id=e4d9a329-d31e-4416-9e88-84150e8481e8)
2026-07-04 20:40:24,841 INFO Found folder 'Kindle Scribe' (ID: 1C38JFsUTRYHHimqlQwpoRka0Zi1QJKq6)
2026-07-04 20:40:26,361 INFO Found 0 w-termine files in folder
2026-07-04 20:40:26,361 INFO No new w-termine files found
2026-07-04 20:40:26,363 INFO === scribe_sync end ===
2026-07-04 20:50:01,812 INFO === scribe_sync start ===
2026-07-04 20:50:03,416 INFO MCP session initialized (id=df51f209-c67a-4071-8e97-0f3f20cd57eb)
2026-07-04 20:50:05,347 INFO Found folder 'Kindle Scribe' (ID: 1C38JFsUTRYHHimqlQwpoRka0Zi1QJKq6)
2026-07-04 20:50:07,005 INFO Found 0 w-termine files in folder
2026-07-04 20:50:07,014 INFO No new w-termine files found
2026-07-04 20:50:07,021 INFO === scribe_sync end ===
2026-07-04 21:00:01,682 INFO === scribe_sync start ===
2026-07-04 21:00:03,697 INFO MCP session initialized (id=79d69011-2c72-4b06-8ca7-7335868c9854)
2026-07-04 21:00:05,122 INFO Found folder 'Kindle Scribe' (ID: 1C38JFsUTRYHHimqlQwpoRka0Zi1QJKq6)
2026-07-04 21:00:06,432 INFO Found 0 w-termine files in folder
2026-07-04 21:00:06,433 INFO No new w-termine files found
2026-07-04 21:00:06,436 INFO === scribe_sync end ===
2026-07-04 21:10:01,370 INFO === scribe_sync start ===
2026-07-04 21:10:04,299 INFO MCP session initialized (id=d2cdd807-81f7-4bfc-9323-255193c8c0f2)
2026-07-04 21:10:05,807 INFO Found folder 'Kindle Scribe' (ID: 1C38JFsUTRYHHimqlQwpoRka0Zi1QJKq6)
2026-07-04 21:10:07,125 INFO Found 0 w-termine files in folder
2026-07-04 21:10:07,125 INFO No new w-termine files found
2026-07-04 21:10:07,129 INFO === scribe_sync end ===
2026-07-04 21:20:01,857 INFO === scribe_sync start ===
2026-07-04 21:20:03,394 INFO MCP session initialized (id=0820d848-29fc-42e1-9b47-c15c59eabcc5)
2026-07-04 21:20:04,712 INFO Found folder 'Kindle Scribe' (ID: 1C38JFsUTRYHHimqlQwpoRka0Zi1QJKq6)
2026-07-04 21:20:06,049 INFO Found 0 w-termine files in folder
2026-07-04 21:20:06,049 INFO No new w-termine files found
2026-07-04 21:20:06,053 INFO === scribe_sync end ===
2026-07-04 21:30:01,147 INFO === scribe_sync start ===
2026-07-04 21:30:02,671 INFO MCP session initialized (id=cd1c327b-cc0e-48f3-9855-d140d6bbbcdc)
2026-07-04 21:30:04,868 INFO Found folder 'Kindle Scribe' (ID: 1C38JFsUTRYHHimqlQwpoRka0Zi1QJKq6)
2026-07-04 21:30:06,424 INFO Found 0 w-termine files in folder
2026-07-04 21:30:06,424 INFO No new w-termine files found
2026-07-04 21:30:06,427 INFO === scribe_sync end ===
2026-07-04 21:40:02,069 INFO === scribe_sync start ===
2026-07-04 21:40:04,236 INFO MCP session initialized (id=5c61ea2f-11bf-47b8-a31d-bd7e6fdf95c0)
2026-07-04 21:40:05,576 INFO Found folder 'Kindle Scribe' (ID: 1C38JFsUTRYHHimqlQwpoRka0Zi1QJKq6)
2026-07-04 21:40:06,810 INFO Found 0 w-termine files in folder
2026-07-04 21:40:06,811 INFO No new w-termine files found
2026-07-04 21:40:06,813 INFO === scribe_sync end ===
2026-07-04 21:50:01,848 INFO === scribe_sync start ===
2026-07-04 21:50:03,780 INFO MCP session initialized (id=c3134ff5-efea-4621-bdec-ac83d608ec0e)
2026-07-04 21:50:05,528 INFO Found folder 'Kindle Scribe' (ID: 1C38JFsUTRYHHimqlQwpoRka0Zi1QJKq6)
2026-07-04 21:50:06,714 INFO Found 0 w-termine files in folder
2026-07-04 21:50:06,714 INFO No new w-termine files found
2026-07-04 21:50:06,716 INFO === scribe_sync end ===
2026-07-04 22:00:02,580 INFO === scribe_sync start ===
2026-07-04 22:00:04,781 INFO MCP session initialized (id=518905e7-76bd-436b-8334-630c06a2b682)
2026-07-04 22:00:06,353 INFO Found folder 'Kindle Scribe' (ID: 1C38JFsUTRYHHimqlQwpoRka0Zi1QJKq6)
2026-07-04 22:00:07,677 INFO Found 0 w-termine files in folder
2026-07-04 22:00:07,677 INFO No new w-termine files found
2026-07-04 22:00:07,681 INFO === scribe_sync end ===
2026-07-04 22:10:01,197 INFO === scribe_sync start ===
2026-07-04 22:10:02,670 INFO MCP session initialized (id=742222ff-5c04-4de5-8480-f65920f70438)
2026-07-04 22:10:03,954 INFO Found folder 'Kindle Scribe' (ID: 1C38JFsUTRYHHimqlQwpoRka0Zi1QJKq6)
2026-07-04 22:10:05,199 INFO Found 0 w-termine files in folder
2026-07-04 22:10:05,199 INFO No new w-termine files found
2026-07-04 22:10:05,201 INFO === scribe_sync end ===
2026-07-04 22:20:02,309 INFO === scribe_sync start ===
2026-07-04 22:20:03,904 INFO MCP session initialized (id=5c72bbbb-6c4e-42f2-b42c-f24d3708f197)
2026-07-04 22:20:05,149 INFO Found folder 'Kindle Scribe' (ID: 1C38JFsUTRYHHimqlQwpoRka0Zi1QJKq6)
2026-07-04 22:20:06,328 INFO Found 0 w-termine files in folder
2026-07-04 22:20:06,329 INFO No new w-termine files found
2026-07-04 22:20:06,336 INFO === scribe_sync end ===
2026-07-04 22:30:02,334 INFO === scribe_sync start ===
2026-07-04 22:30:04,618 INFO MCP session initialized (id=b48856c2-31e5-49c2-91a9-f09017f37c37)
2026-07-04 22:30:05,876 INFO Found folder 'Kindle Scribe' (ID: 1C38JFsUTRYHHimqlQwpoRka0Zi1QJKq6)
2026-07-04 22:30:07,084 INFO Found 0 w-termine files in folder
2026-07-04 22:30:07,085 INFO No new w-termine files found
2026-07-04 22:30:07,088 INFO === scribe_sync end ===
2026-07-04 22:40:01,431 INFO === scribe_sync start ===
2026-07-04 22:40:02,920 INFO MCP session initialized (id=a16e7ad7-8db5-4fa5-8964-ae3fcd5caa81)
2026-07-04 22:40:04,284 INFO Found folder 'Kindle Scribe' (ID: 1C38JFsUTRYHHimqlQwpoRka0Zi1QJKq6)
2026-07-04 22:40:05,487 INFO Found 0 w-termine files in folder
2026-07-04 22:40:05,487 INFO No new w-termine files found
2026-07-04 22:40:05,503 INFO === scribe_sync end ===
2026-07-04 22:50:01,129 INFO === scribe_sync start ===
2026-07-04 22:50:02,398 INFO MCP session initialized (id=b9f813fc-f418-4730-8da8-66dc566addf6)
2026-07-04 22:50:03,865 INFO Found folder 'Kindle Scribe' (ID: 1C38JFsUTRYHHimqlQwpoRka0Zi1QJKq6)
2026-07-04 22:50:05,069 INFO Found 0 w-termine files in folder
2026-07-04 22:50:05,070 INFO No new w-termine files found
2026-07-04 22:50:05,072 INFO === scribe_sync end ===
2026-07-04 23:00:01,780 INFO === scribe_sync start ===
2026-07-04 23:00:03,424 INFO MCP session initialized (id=3eab9adc-e350-482c-9c2d-9e7c402ef634)
2026-07-04 23:00:04,818 INFO Found folder 'Kindle Scribe' (ID: 1C38JFsUTRYHHimqlQwpoRka0Zi1QJKq6)
2026-07-04 23:00:06,051 INFO Found 0 w-termine files in folder
2026-07-04 23:00:06,052 INFO No new w-termine files found
2026-07-04 23:00:06,060 INFO === scribe_sync end ===
2026-07-04 23:10:01,463 INFO === scribe_sync start ===
2026-07-04 23:10:03,575 INFO MCP session initialized (id=8a0b3e3c-7fc4-452b-ace6-6f805cd8ae8d)
2026-07-04 23:10:05,057 INFO Found folder 'Kindle Scribe' (ID: 1C38JFsUTRYHHimqlQwpoRka0Zi1QJKq6)
2026-07-04 23:10:06,826 INFO Found 0 w-termine files in folder
2026-07-04 23:10:06,826 INFO No new w-termine files found
2026-07-04 23:10:06,828 INFO === scribe_sync end ===
2026-07-04 23:20:01,273 INFO === scribe_sync start ===
2026-07-04 23:20:03,544 INFO MCP session initialized (id=5da227c5-0235-4c1b-8604-214f3e9734a6)
2026-07-04 23:20:04,839 INFO Found folder 'Kindle Scribe' (ID: 1C38JFsUTRYHHimqlQwpoRka0Zi1QJKq6)
2026-07-04 23:20:06,067 INFO Found 0 w-termine files in folder
2026-07-04 23:20:06,067 INFO No new w-termine files found
2026-07-04 23:20:06,070 INFO === scribe_sync end ===
2026-07-04 23:30:01,535 INFO === scribe_sync start ===
2026-07-04 23:30:03,357 INFO MCP session initialized (id=f3924919-863c-4b71-bdbf-eb05951dfb3d)
2026-07-04 23:30:04,667 INFO Found folder 'Kindle Scribe' (ID: 1C38JFsUTRYHHimqlQwpoRka0Zi1QJKq6)
2026-07-04 23:30:06,533 INFO Found 0 w-termine files in folder
2026-07-04 23:30:06,538 INFO No new w-termine files found
2026-07-04 23:30:06,564 INFO === scribe_sync end ===
2026-07-04 23:40:02,049 INFO === scribe_sync start ===
2026-07-04 23:40:03,270 INFO MCP session initialized (id=c944277b-3899-4ac3-9aa9-665dce9d8587)
2026-07-04 23:40:04,541 INFO Found folder 'Kindle Scribe' (ID: 1C38JFsUTRYHHimqlQwpoRka0Zi1QJKq6)
2026-07-04 23:40:05,623 INFO Found 0 w-termine files in folder
2026-07-04 23:40:05,624 INFO No new w-termine files found
2026-07-04 23:40:05,629 INFO === scribe_sync end ===
2026-07-04 23:50:01,974 INFO === scribe_sync start ===
2026-07-04 23:50:03,395 INFO MCP session initialized (id=45c72345-d37d-46d8-b404-52652b74ba0a)
2026-07-04 23:50:04,790 INFO Found folder 'Kindle Scribe' (ID: 1C38JFsUTRYHHimqlQwpoRka0Zi1QJKq6)
2026-07-04 23:50:06,126 INFO Found 0 w-termine files in folder
2026-07-04 23:50:06,127 INFO No new w-termine files found
2026-07-04 23:50:06,129 INFO === scribe_sync end ===
2026-07-05 00:00:03,589 INFO === scribe_sync start ===
2026-07-05 00:00:06,392 INFO MCP session initialized (id=2252b5f9-d467-4b4b-bc3c-c970d7b3044b)
2026-07-05 00:00:08,148 INFO Found folder 'Kindle Scribe' (ID: 1C38JFsUTRYHHimqlQwpoRka0Zi1QJKq6)
2026-07-05 00:00:09,607 INFO Found 0 w-termine files in folder
2026-07-05 00:00:09,607 INFO No new w-termine files found
2026-07-05 00:00:09,618 INFO === scribe_sync end ===
2026-07-05 00:10:01,220 INFO === scribe_sync start ===
2026-07-05 00:10:02,732 INFO MCP session initialized (id=30580028-0eb2-4f3d-9c9c-3663ce5a4b0f)
2026-07-05 00:10:04,046 INFO Found folder 'Kindle Scribe' (ID: 1C38JFsUTRYHHimqlQwpoRka0Zi1QJKq6)
2026-07-05 00:10:05,324 INFO Found 0 w-termine files in folder
2026-07-05 00:10:05,325 INFO No new w-termine files found
2026-07-05 00:10:05,330 INFO === scribe_sync end ===
2026-07-05 00:20:01,472 INFO === scribe_sync start ===
2026-07-05 00:20:03,951 INFO MCP session initialized (id=bd0fc12b-da35-4fa1-ae9d-a9273ac96e48)
2026-07-05 00:20:06,331 INFO Found folder 'Kindle Scribe' (ID: 1C38JFsUTRYHHimqlQwpoRka0Zi1QJKq6)
2026-07-05 00:20:07,993 INFO Found 0 w-termine files in folder
2026-07-05 00:20:07,994 INFO No new w-termine files found
2026-07-05 00:20:08,012 INFO === scribe_sync end ===
2026-07-05 00:30:01,210 INFO === scribe_sync start ===
2026-07-05 00:30:02,617 INFO MCP session initialized (id=8f33d130-9cd7-47c5-ace5-06b3187dfce9)
2026-07-05 00:30:03,924 INFO Found folder 'Kindle Scribe' (ID: 1C38JFsUTRYHHimqlQwpoRka0Zi1QJKq6)
2026-07-05 00:30:05,321 INFO Found 0 w-termine files in folder
2026-07-05 00:30:05,321 INFO No new w-termine files found
2026-07-05 00:30:05,324 INFO === scribe_sync end ===
2026-07-05 00:40:01,470 INFO === scribe_sync start ===
2026-07-05 00:40:03,143 INFO MCP session initialized (id=16337926-baab-4438-b67c-c85f35767298)
2026-07-05 00:40:05,182 INFO Found folder 'Kindle Scribe' (ID: 1C38JFsUTRYHHimqlQwpoRka0Zi1QJKq6)
2026-07-05 00:40:06,354 INFO Found 0 w-termine files in folder
2026-07-05 00:40:06,354 INFO No new w-termine files found
2026-07-05 00:40:06,356 INFO === scribe_sync end ===
2026-07-05 00:50:01,604 INFO === scribe_sync start ===
2026-07-05 00:50:03,005 INFO MCP session initialized (id=b7a2380f-64df-4858-8259-1dae22b302af)
2026-07-05 00:50:04,343 INFO Found folder 'Kindle Scribe' (ID: 1C38JFsUTRYHHimqlQwpoRka0Zi1QJKq6)
2026-07-05 00:50:05,690 INFO Found 0 w-termine files in folder
2026-07-05 00:50:05,694 INFO No new w-termine files found
2026-07-05 00:50:05,698 INFO === scribe_sync end ===
2026-07-05 01:00:01,296 INFO === scribe_sync start ===
2026-07-05 01:00:03,260 INFO MCP session initialized (id=4d5ec62b-f578-4b63-9cb4-c744cde1450f)
2026-07-05 01:00:04,925 INFO Found folder 'Kindle Scribe' (ID: 1C38JFsUTRYHHimqlQwpoRka0Zi1QJKq6)
2026-07-05 01:00:06,389 INFO Found 0 w-termine files in folder
2026-07-05 01:00:06,390 INFO No new w-termine files found
2026-07-05 01:00:06,428 INFO === scribe_sync end ===
2026-07-05 01:10:01,308 INFO === scribe_sync start ===
2026-07-05 01:10:03,404 INFO MCP session initialized (id=954843ce-f5e3-4db4-ab5b-1dcd94b3fc14)
2026-07-05 01:10:04,721 INFO Found folder 'Kindle Scribe' (ID: 1C38JFsUTRYHHimqlQwpoRka0Zi1QJKq6)
2026-07-05 01:10:06,381 INFO Found 0 w-termine files in folder
2026-07-05 01:10:06,381 INFO No new w-termine files found
2026-07-05 01:10:06,383 INFO === scribe_sync end ===
2026-07-05 01:20:01,443 INFO === scribe_sync start ===
2026-07-05 01:20:03,020 INFO MCP session initialized (id=6e951156-c955-4d1d-9c28-93954ab4910b)
2026-07-05 01:20:04,272 INFO Found folder 'Kindle Scribe' (ID: 1C38JFsUTRYHHimqlQwpoRka0Zi1QJKq6)
2026-07-05 01:20:06,271 INFO Found 0 w-termine files in folder
2026-07-05 01:20:06,272 INFO No new w-termine files found
2026-07-05 01:20:06,275 INFO === scribe_sync end ===
2026-07-05 01:30:02,103 INFO === scribe_sync start ===
2026-07-05 01:30:03,421 INFO MCP session initialized (id=dd87bc2b-7ef3-46f1-9d0a-3ec966ac459c)
2026-07-05 01:30:05,212 INFO Found folder 'Kindle Scribe' (ID: 1C38JFsUTRYHHimqlQwpoRka0Zi1QJKq6)
2026-07-05 01:30:06,380 INFO Found 0 w-termine files in folder
2026-07-05 01:30:06,383 INFO No new w-termine files found
2026-07-05 01:30:06,387 INFO === scribe_sync end ===
2026-07-05 01:40:02,056 INFO === scribe_sync start ===
2026-07-05 01:40:04,073 INFO MCP session initialized (id=c9baa8d8-d263-4457-9a5a-536955f99da1)
2026-07-05 01:40:05,580 INFO Found folder 'Kindle Scribe' (ID: 1C38JFsUTRYHHimqlQwpoRka0Zi1QJKq6)
2026-07-05 01:40:06,665 INFO Found 0 w-termine files in folder
2026-07-05 01:40:06,665 INFO No new w-termine files found
2026-07-05 01:40:06,671 INFO === scribe_sync end ===
2026-07-05 01:50:01,190 INFO === scribe_sync start ===
2026-07-05 01:50:02,473 INFO MCP session initialized (id=cff9dfed-9326-42d6-b55d-d881fd1eee9b)
2026-07-05 01:50:04,391 INFO Found folder 'Kindle Scribe' (ID: 1C38JFsUTRYHHimqlQwpoRka0Zi1QJKq6)
2026-07-05 01:50:05,513 INFO Found 0 w-termine files in folder
2026-07-05 01:50:05,514 INFO No new w-termine files found
2026-07-05 01:50:05,537 INFO === scribe_sync end ===
2026-07-05 02:00:01,743 INFO === scribe_sync start ===
2026-07-05 02:00:03,802 INFO MCP session initialized (id=35b75ff2-f4ec-402a-86a4-a5aa4da932d9)
2026-07-05 02:00:05,554 INFO Found folder 'Kindle Scribe' (ID: 1C38JFsUTRYHHimqlQwpoRka0Zi1QJKq6)
2026-07-05 02:00:07,029 INFO Found 0 w-termine files in folder
2026-07-05 02:00:07,031 INFO No new w-termine files found
2026-07-05 02:00:07,035 INFO === scribe_sync end ===
2026-07-05 02:10:01,488 INFO === scribe_sync start ===
2026-07-05 02:10:02,957 INFO MCP session initialized (id=8b6334ce-9f9e-4d2b-934a-bb82da561cae)
2026-07-05 02:10:04,324 INFO Found folder 'Kindle Scribe' (ID: 1C38JFsUTRYHHimqlQwpoRka0Zi1QJKq6)
2026-07-05 02:10:05,653 INFO Found 0 w-termine files in folder
2026-07-05 02:10:05,655 INFO No new w-termine files found
2026-07-05 02:10:05,666 INFO === scribe_sync end ===
2026-07-05 02:20:01,681 INFO === scribe_sync start ===
2026-07-05 02:20:03,164 INFO MCP session initialized (id=52274a08-55c7-4bcb-89c3-fe6e92d63d39)
2026-07-05 02:20:04,394 INFO Found folder 'Kindle Scribe' (ID: 1C38JFsUTRYHHimqlQwpoRka0Zi1QJKq6)
2026-07-05 02:20:05,659 INFO Found 0 w-termine files in folder
2026-07-05 02:20:05,660 INFO No new w-termine files found
2026-07-05 02:20:05,669 INFO === scribe_sync end ===
2026-07-05 02:30:02,158 INFO === scribe_sync start ===
2026-07-05 02:30:04,033 INFO MCP session initialized (id=dd7b3317-63ff-4abb-9936-cbc191d263f6)
2026-07-05 02:30:05,313 INFO Found folder 'Kindle Scribe' (ID: 1C38JFsUTRYHHimqlQwpoRka0Zi1QJKq6)
2026-07-05 02:30:06,701 INFO Found 0 w-termine files in folder
2026-07-05 02:30:06,701 INFO No new w-termine files found
2026-07-05 02:30:06,711 INFO === scribe_sync end ===
2026-07-05 02:40:01,566 INFO === scribe_sync start ===
2026-07-05 02:40:03,829 INFO MCP session initialized (id=d5566c07-05d1-4a56-861b-b9f82c24494c)
2026-07-05 02:40:05,073 INFO Found folder 'Kindle Scribe' (ID: 1C38JFsUTRYHHimqlQwpoRka0Zi1QJKq6)
2026-07-05 02:40:06,199 INFO Found 0 w-termine files in folder
2026-07-05 02:40:06,199 INFO No new w-termine files found
2026-07-05 02:40:06,208 INFO === scribe_sync end ===
2026-07-05 02:50:01,415 INFO === scribe_sync start ===
2026-07-05 02:50:02,733 INFO MCP session initialized (id=0c9536e4-552b-4224-a8f2-f8cd1e0e5d14)
2026-07-05 02:50:04,220 INFO Found folder 'Kindle Scribe' (ID: 1C38JFsUTRYHHimqlQwpoRka0Zi1QJKq6)
2026-07-05 02:50:05,621 INFO Found 0 w-termine files in folder
2026-07-05 02:50:05,622 INFO No new w-termine files found
2026-07-05 02:50:05,632 INFO === scribe_sync end ===
2026-07-05 03:00:01,660 INFO === scribe_sync start ===
2026-07-05 03:00:03,591 INFO MCP session initialized (id=cf2c3308-a03e-47f2-805d-213cacca52e1)
2026-07-05 03:00:05,875 INFO Found folder 'Kindle Scribe' (ID: 1C38JFsUTRYHHimqlQwpoRka0Zi1QJKq6)
2026-07-05 03:00:07,336 INFO Found 0 w-termine files in folder
2026-07-05 03:00:07,382 INFO No new w-termine files found
2026-07-05 03:00:07,439 INFO === scribe_sync end ===
2026-07-05 03:10:02,889 INFO === scribe_sync start ===
2026-07-05 03:10:04,544 INFO MCP session initialized (id=4ce1da87-4f32-49c4-b7e7-7ecefd1f03c4)
2026-07-05 03:10:06,245 INFO Found folder 'Kindle Scribe' (ID: 1C38JFsUTRYHHimqlQwpoRka0Zi1QJKq6)
2026-07-05 03:10:07,387 INFO Found 0 w-termine files in folder
2026-07-05 03:10:07,388 INFO No new w-termine files found
2026-07-05 03:10:07,389 INFO === scribe_sync end ===
2026-07-05 03:20:02,891 INFO === scribe_sync start ===
2026-07-05 03:20:04,262 INFO MCP session initialized (id=fcc8f8dd-57e3-4355-b356-3896becdd3c7)
2026-07-05 03:20:05,778 INFO Found folder 'Kindle Scribe' (ID: 1C38JFsUTRYHHimqlQwpoRka0Zi1QJKq6)
2026-07-05 03:20:06,944 INFO Found 0 w-termine files in folder
2026-07-05 03:20:06,944 INFO No new w-termine files found
2026-07-05 03:20:06,953 INFO === scribe_sync end ===
2026-07-05 03:30:01,597 INFO === scribe_sync start ===
2026-07-05 03:30:03,822 INFO MCP session initialized (id=5c73d5e8-8b8b-472b-ab38-d6f63ec1d710)
2026-07-05 03:30:05,485 INFO Found folder 'Kindle Scribe' (ID: 1C38JFsUTRYHHimqlQwpoRka0Zi1QJKq6)
2026-07-05 03:30:06,734 INFO Found 0 w-termine files in folder
2026-07-05 03:30:06,735 INFO No new w-termine files found
2026-07-05 03:30:06,739 INFO === scribe_sync end ===
2026-07-05 03:40:02,265 INFO === scribe_sync start ===
2026-07-05 03:40:03,776 INFO MCP session initialized (id=485beffb-fd05-4acc-8c87-6a28ceecc0b2)
2026-07-05 03:40:05,150 INFO Found folder 'Kindle Scribe' (ID: 1C38JFsUTRYHHimqlQwpoRka0Zi1QJKq6)
2026-07-05 03:40:06,314 INFO Found 0 w-termine files in folder
2026-07-05 03:40:06,315 INFO No new w-termine files found
2026-07-05 03:40:06,330 INFO === scribe_sync end ===
2026-07-05 03:50:01,558 INFO === scribe_sync start ===
2026-07-05 03:50:03,974 INFO MCP session initialized (id=645f9836-f006-4bde-822f-4124a9b275e3)
2026-07-05 03:50:05,257 INFO Found folder 'Kindle Scribe' (ID: 1C38JFsUTRYHHimqlQwpoRka0Zi1QJKq6)
2026-07-05 03:50:06,375 INFO Found 0 w-termine files in folder
2026-07-05 03:50:06,375 INFO No new w-termine files found
2026-07-05 03:50:06,379 INFO === scribe_sync end ===
2026-07-05 04:00:01,653 INFO === scribe_sync start ===
2026-07-05 04:00:03,678 INFO MCP session initialized (id=aa36e19a-e65c-403e-9833-d3defe32acf1)
2026-07-05 04:00:05,182 INFO Found folder 'Kindle Scribe' (ID: 1C38JFsUTRYHHimqlQwpoRka0Zi1QJKq6)
2026-07-05 04:00:06,485 INFO Found 0 w-termine files in folder
2026-07-05 04:00:06,531 INFO No new w-termine files found
2026-07-05 04:00:06,541 INFO === scribe_sync end ===
2026-07-05 04:10:02,112 INFO === scribe_sync start ===
2026-07-05 04:10:03,585 INFO MCP session initialized (id=77ad1d16-18a9-4a18-b3e7-e3248b2ab522)
2026-07-05 04:10:05,388 INFO Found folder 'Kindle Scribe' (ID: 1C38JFsUTRYHHimqlQwpoRka0Zi1QJKq6)
2026-07-05 04:10:06,632 INFO Found 0 w-termine files in folder
2026-07-05 04:10:06,633 INFO No new w-termine files found
2026-07-05 04:10:06,636 INFO === scribe_sync end ===
2026-07-05 04:20:02,174 INFO === scribe_sync start ===
2026-07-05 04:20:03,664 INFO MCP session initialized (id=fc8dd10f-5ca2-452b-bbb6-9f4f4285fc8d)
2026-07-05 04:20:04,948 INFO Found folder 'Kindle Scribe' (ID: 1C38JFsUTRYHHimqlQwpoRka0Zi1QJKq6)
2026-07-05 04:20:06,216 INFO Found 0 w-termine files in folder
2026-07-05 04:20:06,219 INFO No new w-termine files found
2026-07-05 04:20:06,226 INFO === scribe_sync end ===
2026-07-05 04:30:01,335 INFO === scribe_sync start ===
2026-07-05 04:30:02,944 INFO MCP session initialized (id=2db6192e-c29e-420a-b71c-85d058a43595)
2026-07-05 04:30:05,227 INFO Found folder 'Kindle Scribe' (ID: 1C38JFsUTRYHHimqlQwpoRka0Zi1QJKq6)
2026-07-05 04:30:06,498 INFO Found 0 w-termine files in folder
2026-07-05 04:30:06,505 INFO No new w-termine files found
2026-07-05 04:30:06,507 INFO === scribe_sync end ===
2026-07-05 04:40:01,761 INFO === scribe_sync start ===
2026-07-05 04:40:03,319 INFO MCP session initialized (id=5c3a0644-85b4-4c67-b853-85cf465dfde2)
2026-07-05 04:40:04,463 INFO Found folder 'Kindle Scribe' (ID: 1C38JFsUTRYHHimqlQwpoRka0Zi1QJKq6)
2026-07-05 04:40:05,700 INFO Found 0 w-termine files in folder
2026-07-05 04:40:05,700 INFO No new w-termine files found
2026-07-05 04:40:05,703 INFO === scribe_sync end ===
2026-07-05 04:50:01,602 INFO === scribe_sync start ===
2026-07-05 04:50:03,051 INFO MCP session initialized (id=e27468d0-a318-4738-9084-4c8a6dc2c1c6)
2026-07-05 04:50:04,281 INFO Found folder 'Kindle Scribe' (ID: 1C38JFsUTRYHHimqlQwpoRka0Zi1QJKq6)
2026-07-05 04:50:05,524 INFO Found 0 w-termine files in folder
2026-07-05 04:50:05,524 INFO No new w-termine files found
2026-07-05 04:50:05,526 INFO === scribe_sync end ===
2026-07-05 05:00:01,135 INFO === scribe_sync start ===
2026-07-05 05:00:02,937 INFO MCP session initialized (id=c0223078-b249-4d97-a652-b7c2061bd15e)
2026-07-05 05:00:05,078 INFO Found folder 'Kindle Scribe' (ID: 1C38JFsUTRYHHimqlQwpoRka0Zi1QJKq6)
2026-07-05 05:00:06,768 INFO Found 0 w-termine files in folder
2026-07-05 05:00:06,768 INFO No new w-termine files found
2026-07-05 05:00:06,771 INFO === scribe_sync end ===
2026-07-05 05:10:01,300 INFO === scribe_sync start ===
2026-07-05 05:10:02,889 INFO MCP session initialized (id=6c584dc3-67f1-4cc5-af3b-d6c22e6de713)
2026-07-05 05:10:04,330 INFO Found folder 'Kindle Scribe' (ID: 1C38JFsUTRYHHimqlQwpoRka0Zi1QJKq6)
2026-07-05 05:10:05,362 INFO Found 0 w-termine files in folder
2026-07-05 05:10:05,363 INFO No new w-termine files found
2026-07-05 05:10:05,435 INFO === scribe_sync end ===
2026-07-05 05:20:01,859 INFO === scribe_sync start ===
2026-07-05 05:20:03,177 INFO MCP session initialized (id=86d3e307-989f-45b5-b039-875efd2ee629)
2026-07-05 05:20:04,422 INFO Found folder 'Kindle Scribe' (ID: 1C38JFsUTRYHHimqlQwpoRka0Zi1QJKq6)
2026-07-05 05:20:06,175 INFO Found 0 w-termine files in folder
2026-07-05 05:20:06,175 INFO No new w-termine files found
2026-07-05 05:20:06,177 INFO === scribe_sync end ===
2026-07-05 05:30:02,070 INFO === scribe_sync start ===
2026-07-05 05:30:04,048 INFO MCP session initialized (id=96b08fb9-77fc-4870-8d35-5242c72ce96b)
2026-07-05 05:30:05,396 INFO Found folder 'Kindle Scribe' (ID: 1C38JFsUTRYHHimqlQwpoRka0Zi1QJKq6)
2026-07-05 05:30:06,867 INFO Found 0 w-termine files in folder
2026-07-05 05:30:06,868 INFO No new w-termine files found
2026-07-05 05:30:06,871 INFO === scribe_sync end ===
2026-07-05 05:40:02,685 INFO === scribe_sync start ===
2026-07-05 05:40:03,916 INFO MCP session initialized (id=7dfe4788-1a01-41d7-b390-72f66ac33f17)
2026-07-05 05:40:05,206 INFO Found folder 'Kindle Scribe' (ID: 1C38JFsUTRYHHimqlQwpoRka0Zi1QJKq6)
2026-07-05 05:40:06,536 INFO Found 0 w-termine files in folder
2026-07-05 05:40:06,537 INFO No new w-termine files found
2026-07-05 05:40:06,545 INFO === scribe_sync end ===
2026-07-05 05:50:01,495 INFO === scribe_sync start ===
2026-07-05 05:50:02,793 INFO MCP session initialized (id=202659fc-b3b8-4f56-9a73-949051d00c51)
2026-07-05 05:50:03,984 INFO Found folder 'Kindle Scribe' (ID: 1C38JFsUTRYHHimqlQwpoRka0Zi1QJKq6)
2026-07-05 05:50:05,194 INFO Found 0 w-termine files in folder
2026-07-05 05:50:05,194 INFO No new w-termine files found
2026-07-05 05:50:05,212 INFO === scribe_sync end ===
2026-07-05 06:00:02,863 INFO === scribe_sync start ===
2026-07-05 06:00:04,656 INFO MCP session initialized (id=a65b2381-9daa-4561-b316-1a98e66aa616)
2026-07-05 06:00:06,034 INFO Found folder 'Kindle Scribe' (ID: 1C38JFsUTRYHHimqlQwpoRka0Zi1QJKq6)
2026-07-05 06:00:07,976 INFO Found 0 w-termine files in folder
2026-07-05 06:00:07,976 INFO No new w-termine files found
2026-07-05 06:00:07,981 INFO === scribe_sync end ===
2026-07-05 06:10:02,318 INFO === scribe_sync start ===
2026-07-05 06:10:03,902 INFO MCP session initialized (id=c4e8181e-127b-4d77-a064-89942d47eae3)
2026-07-05 06:10:05,104 INFO Found folder 'Kindle Scribe' (ID: 1C38JFsUTRYHHimqlQwpoRka0Zi1QJKq6)
2026-07-05 06:10:06,517 INFO Found 0 w-termine files in folder
2026-07-05 06:10:06,518 INFO No new w-termine files found
2026-07-05 06:10:06,525 INFO === scribe_sync end ===
2026-07-05 06:20:01,392 INFO === scribe_sync start ===
2026-07-05 06:20:03,167 INFO MCP session initialized (id=c6458cd5-17e1-410b-a91d-9dcf31e52648)
2026-07-05 06:20:04,861 INFO Found folder 'Kindle Scribe' (ID: 1C38JFsUTRYHHimqlQwpoRka0Zi1QJKq6)
2026-07-05 06:20:06,578 INFO Found 0 w-termine files in folder
2026-07-05 06:20:06,578 INFO No new w-termine files found
2026-07-05 06:20:06,593 INFO === scribe_sync end ===
2026-07-05 06:30:01,552 INFO === scribe_sync start ===
2026-07-05 06:30:03,196 INFO MCP session initialized (id=71703f6f-13ac-4640-99f7-04d287cd8bbf)
2026-07-05 06:30:05,332 INFO Found folder 'Kindle Scribe' (ID: 1C38JFsUTRYHHimqlQwpoRka0Zi1QJKq6)
2026-07-05 06:30:06,464 INFO Found 0 w-termine files in folder
2026-07-05 06:30:06,464 INFO No new w-termine files found
2026-07-05 06:30:06,473 INFO === scribe_sync end ===
2026-07-05 06:40:01,670 INFO === scribe_sync start ===
2026-07-05 06:40:03,192 INFO MCP session initialized (id=c6739900-f2d8-4023-9471-56c1445a3ae9)
2026-07-05 06:40:04,520 INFO Found folder 'Kindle Scribe' (ID: 1C38JFsUTRYHHimqlQwpoRka0Zi1QJKq6)
2026-07-05 06:40:06,127 INFO Found 0 w-termine files in folder
2026-07-05 06:40:06,128 INFO No new w-termine files found
2026-07-05 06:40:06,131 INFO === scribe_sync end ===
2026-07-05 06:47:38,725 INFO === scribe_sync start ===
2026-07-05 06:47:39,844 INFO MCP session initialized (id=6ef9add4-c62c-4d51-ae16-6a800ab38655)
2026-07-05 06:47:41,267 INFO Found folder 'Kindle Scribe' (ID: 1C38JFsUTRYHHimqlQwpoRka0Zi1QJKq6)
2026-07-05 06:47:43,377 INFO Found 0 w-termine files in folder
2026-07-05 06:47:43,377 INFO No new w-termine files found
2026-07-05 06:47:43,379 INFO === scribe_sync end ===
2026-07-05 06:50:01,177 INFO === scribe_sync start ===
2026-07-05 06:50:02,839 INFO MCP session initialized (id=6beb7373-7be4-441c-b6a9-d35ff4d4c0d7)
2026-07-05 06:50:04,166 INFO Found folder 'Kindle Scribe' (ID: 1C38JFsUTRYHHimqlQwpoRka0Zi1QJKq6)
2026-07-05 06:50:05,360 INFO Found 0 w-termine files in folder
2026-07-05 06:50:05,360 INFO No new w-termine files found
2026-07-05 06:50:05,365 INFO === scribe_sync end ===
2026-07-05 07:00:01,857 INFO === scribe_sync start ===
2026-07-05 07:00:03,281 INFO MCP session initialized (id=1273cfbd-9202-44e5-807c-554e3ff15c01)
2026-07-05 07:00:05,412 INFO Found folder 'Kindle Scribe' (ID: 1C38JFsUTRYHHimqlQwpoRka0Zi1QJKq6)
2026-07-05 07:00:10,484 INFO Found 0 w-termine files in folder
2026-07-05 07:00:10,485 INFO No new w-termine files found
2026-07-05 07:00:10,486 INFO === scribe_sync end ===
2026-07-05 07:10:03,038 INFO === scribe_sync start ===
2026-07-05 07:10:04,251 INFO MCP session initialized (id=dc0c50cc-67e3-430f-9738-cd36ee30e5e1)
2026-07-05 07:10:05,455 INFO Found folder 'Kindle Scribe' (ID: 1C38JFsUTRYHHimqlQwpoRka0Zi1QJKq6)
2026-07-05 07:10:07,033 INFO Found 0 w-termine files in folder
2026-07-05 07:10:07,034 INFO No new w-termine files found
2026-07-05 07:10:07,036 INFO === scribe_sync end ===
2026-07-05 07:20:02,413 INFO === scribe_sync start ===
2026-07-05 07:20:04,319 INFO MCP session initialized (id=c471b0b2-39d4-4dd3-9d97-202675120e47)
2026-07-05 07:20:05,633 INFO Found folder 'Kindle Scribe' (ID: 1C38JFsUTRYHHimqlQwpoRka0Zi1QJKq6)
2026-07-05 07:20:06,794 INFO Found 0 w-termine files in folder
2026-07-05 07:20:06,794 INFO No new w-termine files found
2026-07-05 07:20:06,804 INFO === scribe_sync end ===
2026-07-05 07:30:02,629 INFO === scribe_sync start ===
2026-07-05 07:30:04,336 INFO MCP session initialized (id=cbbef749-c002-4ea9-a9ec-53945298e451)
2026-07-05 07:30:05,658 INFO Found folder 'Kindle Scribe' (ID: 1C38JFsUTRYHHimqlQwpoRka0Zi1QJKq6)
2026-07-05 07:30:06,831 INFO Found 0 w-termine files in folder
2026-07-05 07:30:06,831 INFO No new w-termine files found
2026-07-05 07:30:06,836 INFO === scribe_sync end ===
2026-07-05 07:40:01,953 INFO === scribe_sync start ===
2026-07-05 07:40:03,269 INFO MCP session initialized (id=0a44ecc4-beb9-43b6-9a45-0ac12f1ae797)
2026-07-05 07:40:04,543 INFO Found folder 'Kindle Scribe' (ID: 1C38JFsUTRYHHimqlQwpoRka0Zi1QJKq6)
2026-07-05 07:40:05,718 INFO Found 0 w-termine files in folder
2026-07-05 07:40:05,718 INFO No new w-termine files found
2026-07-05 07:40:05,723 INFO === scribe_sync end ===
2026-07-05 07:50:02,249 INFO === scribe_sync start ===
2026-07-05 07:50:03,623 INFO MCP session initialized (id=b22fa65e-ac06-4b55-a0d1-307a8f77dbef)
2026-07-05 07:50:04,911 INFO Found folder 'Kindle Scribe' (ID: 1C38JFsUTRYHHimqlQwpoRka0Zi1QJKq6)
2026-07-05 07:50:06,831 INFO Found 0 w-termine files in folder
2026-07-05 07:50:06,832 INFO No new w-termine files found
2026-07-05 07:50:06,833 INFO === scribe_sync end ===
2026-07-05 08:00:01,634 INFO === scribe_sync start ===
2026-07-05 08:00:04,173 INFO MCP session initialized (id=bd31a587-9638-49c1-bb91-9f90e2f29150)
2026-07-05 08:00:05,638 INFO Found folder 'Kindle Scribe' (ID: 1C38JFsUTRYHHimqlQwpoRka0Zi1QJKq6)
2026-07-05 08:00:07,108 INFO Found 0 w-termine files in folder
2026-07-05 08:00:07,113 INFO No new w-termine files found
2026-07-05 08:00:07,121 INFO === scribe_sync end ===
2026-07-05 08:10:02,010 INFO === scribe_sync start ===
2026-07-05 08:10:03,346 INFO MCP session initialized (id=18dec85f-59e2-43b1-a8e0-b6ca081a2bfb)
2026-07-05 08:10:05,318 INFO Found folder 'Kindle Scribe' (ID: 1C38JFsUTRYHHimqlQwpoRka0Zi1QJKq6)
2026-07-05 08:10:06,609 INFO Found 0 w-termine files in folder
2026-07-05 08:10:06,609 INFO No new w-termine files found
2026-07-05 08:10:06,612 INFO === scribe_sync end ===
2026-07-05 08:20:02,863 INFO === scribe_sync start ===
2026-07-05 08:20:04,552 INFO MCP session initialized (id=b6bdbccd-beb1-49b1-bb00-876eb489eab4)
2026-07-05 08:20:05,876 INFO Found folder 'Kindle Scribe' (ID: 1C38JFsUTRYHHimqlQwpoRka0Zi1QJKq6)
2026-07-05 08:20:07,142 INFO Found 0 w-termine files in folder
2026-07-05 08:20:07,143 INFO No new w-termine files found
2026-07-05 08:20:07,148 INFO === scribe_sync end ===
2026-07-05 08:30:02,327 INFO === scribe_sync start ===
2026-07-05 08:30:04,248 INFO MCP session initialized (id=7c579af5-7345-4b37-9547-e9b369cf24b6)
2026-07-05 08:30:05,591 INFO Found folder 'Kindle Scribe' (ID: 1C38JFsUTRYHHimqlQwpoRka0Zi1QJKq6)
2026-07-05 08:30:06,845 INFO Found 0 w-termine files in folder
2026-07-05 08:30:06,845 INFO No new w-termine files found
2026-07-05 08:30:06,847 INFO === scribe_sync end ===
2026-07-05 08:40:01,242 INFO === scribe_sync start ===
2026-07-05 08:40:02,815 INFO MCP session initialized (id=13fa3bd1-6f64-4eb9-b58a-504fd487a235)
2026-07-05 08:40:04,133 INFO Found folder 'Kindle Scribe' (ID: 1C38JFsUTRYHHimqlQwpoRka0Zi1QJKq6)
2026-07-05 08:40:05,408 INFO Found 0 w-termine files in folder
2026-07-05 08:40:05,420 INFO No new w-termine files found
2026-07-05 08:40:05,443 INFO === scribe_sync end ===
2026-07-05 08:50:01,756 INFO === scribe_sync start ===
2026-07-05 08:50:03,621 INFO MCP session initialized (id=a9e29f69-3e90-4840-88eb-12eb8713ac96)
2026-07-05 08:50:05,123 INFO Found folder 'Kindle Scribe' (ID: 1C38JFsUTRYHHimqlQwpoRka0Zi1QJKq6)
2026-07-05 08:50:06,332 INFO Found 0 w-termine files in folder
2026-07-05 08:50:06,332 INFO No new w-termine files found
2026-07-05 08:50:06,335 INFO === scribe_sync end ===
2026-07-05 09:00:01,932 INFO === scribe_sync start ===
2026-07-05 09:00:05,141 INFO MCP session initialized (id=6f56306f-e049-4242-9220-cd40dee37713)
2026-07-05 09:00:06,634 INFO Found folder 'Kindle Scribe' (ID: 1C38JFsUTRYHHimqlQwpoRka0Zi1QJKq6)
2026-07-05 09:00:08,751 INFO Found 0 w-termine files in folder
2026-07-05 09:00:08,751 INFO No new w-termine files found
2026-07-05 09:00:08,756 INFO === scribe_sync end ===
2026-07-05 09:10:01,912 INFO === scribe_sync start ===
2026-07-05 09:10:03,972 INFO MCP session initialized (id=1638b416-16f2-4952-9c04-0d37296b5670)
2026-07-05 09:10:05,223 INFO Found folder 'Kindle Scribe' (ID: 1C38JFsUTRYHHimqlQwpoRka0Zi1QJKq6)
2026-07-05 09:10:06,624 INFO Found 0 w-termine files in folder
2026-07-05 09:10:06,625 INFO No new w-termine files found
2026-07-05 09:10:06,627 INFO === scribe_sync end ===
2026-07-05 09:20:01,620 INFO === scribe_sync start ===
2026-07-05 09:20:03,073 INFO MCP session initialized (id=01efe938-501b-4219-b6b0-37b5f73c6750)
2026-07-05 09:21:03,142 ERROR Unexpected error: HTTPSConnectionPool(host='connect.composio.dev', port=443): Read timed out. (read timeout=60)
Traceback (most recent call last):
  File "/usr/local/lib/python3.12/dist-packages/urllib3/connectionpool.py", line 534, in _make_request
    response = conn.getresponse()
               ^^^^^^^^^^^^^^^^^^
  File "/usr/local/lib/python3.12/dist-packages/urllib3/connection.py", line 571, in getresponse
    httplib_response = super().getresponse()
                       ^^^^^^^^^^^^^^^^^^^^^
  File "/usr/lib/python3.12/http/client.py", line 1448, in getresponse
    response.begin()
  File "/usr/lib/python3.12/http/client.py", line 336, in begin
    version, status, reason = self._read_status()
                              ^^^^^^^^^^^^^^^^^^^
  File "/usr/lib/python3.12/http/client.py", line 297, in _read_status
    line = str(self.fp.readline(_MAXLINE + 1), "iso-8859-1")
               ^^^^^^^^^^^^^^^^^^^^^^^^^^^^^^
  File "/usr/lib/python3.12/socket.py", line 707, in readinto
    return self._sock.recv_into(b)
           ^^^^^^^^^^^^^^^^^^^^^^^
  File "/usr/lib/python3.12/ssl.py", line 1252, in recv_into
    return self.read(nbytes, buffer)
           ^^^^^^^^^^^^^^^^^^^^^^^^^
  File "/usr/lib/python3.12/ssl.py", line 1104, in read
    return self._sslobj.read(len, buffer)
           ^^^^^^^^^^^^^^^^^^^^^^^^^^^^^^
TimeoutError: The read operation timed out

The above exception was the direct cause of the following exception:

Traceback (most recent call last):
  File "/usr/local/lib/python3.12/dist-packages/requests/adapters.py", line 696, in send
    resp = conn.urlopen(
           ^^^^^^^^^^^^^
  File "/usr/local/lib/python3.12/dist-packages/urllib3/connectionpool.py", line 841, in urlopen
    retries = retries.increment(
              ^^^^^^^^^^^^^^^^^^
  File "/usr/local/lib/python3.12/dist-packages/urllib3/util/retry.py", line 490, in increment
    raise reraise(type(error), error, _stacktrace)
          ^^^^^^^^^^^^^^^^^^^^^^^^^^^^^^^^^^^^^^^^
  File "/usr/local/lib/python3.12/dist-packages/urllib3/util/util.py", line 39, in reraise
    raise value
  File "/usr/local/lib/python3.12/dist-packages/urllib3/connectionpool.py", line 787, in urlopen
    response = self._make_request(
               ^^^^^^^^^^^^^^^^^^^
  File "/usr/local/lib/python3.12/dist-packages/urllib3/connectionpool.py", line 536, in _make_request
    self._raise_timeout(err=e, url=url, timeout_value=read_timeout)
  File "/usr/local/lib/python3.12/dist-packages/urllib3/connectionpool.py", line 367, in _raise_timeout
    raise ReadTimeoutError(
urllib3.exceptions.ReadTimeoutError: HTTPSConnectionPool(host='connect.composio.dev', port=443): Read timed out. (read timeout=60)

During handling of the above exception, another exception occurred:

Traceback (most recent call last):
  File "/root/.local/.openclaw/workspace/scribe/scribe_sync.py", line 605, in main
    process_files()
  File "/root/.local/.openclaw/workspace/scribe/scribe_sync.py", line 521, in process_files
    folder_id = find_folder(mcp, DRIVE_FOLDER_NAME)
                ^^^^^^^^^^^^^^^^^^^^^^^^^^^^^^^^^^^
  File "/root/.local/.openclaw/workspace/scribe/scribe_sync.py", line 170, in find_folder
    result = mcp.call_tool("COMPOSIO_MULTI_EXECUTE_TOOL", {
             ^^^^^^^^^^^^^^^^^^^^^^^^^^^^^^^^^^^^^^^^^^^^^^
  File "/root/.local/.openclaw/workspace/scribe/scribe_sync.py", line 127, in call_tool
    r = self.session.post(self.url, json=req, timeout=60)
        ^^^^^^^^^^^^^^^^^^^^^^^^^^^^^^^^^^^^^^^^^^^^^^^^^
  File "/usr/local/lib/python3.12/dist-packages/requests/sessions.py", line 712, in post
    return self.request("POST", url, data=data, json=json, **kwargs)
           ^^^^^^^^^^^^^^^^^^^^^^^^^^^^^^^^^^^^^^^^^^^^^^^^^^^^^^^^^
  File "/usr/local/lib/python3.12/dist-packages/requests/sessions.py", line 651, in request
    resp = self.send(prep, **send_kwargs)
           ^^^^^^^^^^^^^^^^^^^^^^^^^^^^^^
  File "/usr/local/lib/python3.12/dist-packages/requests/sessions.py", line 784, in send
    r = adapter.send(request, **kwargs)
        ^^^^^^^^^^^^^^^^^^^^^^^^^^^^^^^
  File "/usr/local/lib/python3.12/dist-packages/requests/adapters.py", line 742, in send
    raise ReadTimeout(e, request=request)
requests.exceptions.ReadTimeout: HTTPSConnectionPool(host='connect.composio.dev', port=443): Read timed out. (read timeout=60)
2026-07-05 09:21:03,187 INFO === scribe_sync end ===
2026-07-05 09:30:01,344 INFO === scribe_sync start ===
2026-07-05 09:30:03,632 INFO MCP session initialized (id=607546c0-dbe7-44b3-a038-cd826256e3a3)
2026-07-05 09:30:05,049 INFO Found folder 'Kindle Scribe' (ID: 1C38JFsUTRYHHimqlQwpoRka0Zi1QJKq6)
2026-07-05 09:30:06,396 INFO Found 0 w-termine files in folder
2026-07-05 09:30:06,396 INFO No new w-termine files found
2026-07-05 09:30:06,400 INFO === scribe_sync end ===
2026-07-05 09:40:01,947 INFO === scribe_sync start ===
2026-07-05 09:40:03,401 INFO MCP session initialized (id=748dcaed-a7e6-4b21-8eb9-ab3cb87b458f)
2026-07-05 09:40:04,904 INFO Found folder 'Kindle Scribe' (ID: 1C38JFsUTRYHHimqlQwpoRka0Zi1QJKq6)
2026-07-05 09:40:06,168 INFO Found 0 w-termine files in folder
2026-07-05 09:40:06,169 INFO No new w-termine files found
2026-07-05 09:40:06,172 INFO === scribe_sync end ===
2026-07-05 09:50:01,519 INFO === scribe_sync start ===
2026-07-05 09:50:02,915 INFO MCP session initialized (id=71430bfa-99e9-4579-ba81-3aa817ba3c1b)
2026-07-05 09:50:04,361 INFO Found folder 'Kindle Scribe' (ID: 1C38JFsUTRYHHimqlQwpoRka0Zi1QJKq6)
2026-07-05 09:50:05,518 INFO Found 0 w-termine files in folder
2026-07-05 09:50:05,518 INFO No new w-termine files found
2026-07-05 09:50:05,541 INFO === scribe_sync end ===
2026-07-05 10:00:01,985 INFO === scribe_sync start ===
2026-07-05 10:00:04,112 INFO MCP session initialized (id=95964794-a868-4886-8e78-414a4d5f17d7)
2026-07-05 10:00:05,452 INFO Found folder 'Kindle Scribe' (ID: 1C38JFsUTRYHHimqlQwpoRka0Zi1QJKq6)
2026-07-05 10:00:06,830 INFO Found 0 w-termine files in folder
2026-07-05 10:00:06,830 INFO No new w-termine files found
2026-07-05 10:00:06,845 INFO === scribe_sync end ===
2026-07-05 10:10:02,878 INFO === scribe_sync start ===
2026-07-05 10:10:04,148 INFO MCP session initialized (id=d5891af4-18e7-401c-8448-a29419b42270)
2026-07-05 10:10:05,532 INFO Found folder 'Kindle Scribe' (ID: 1C38JFsUTRYHHimqlQwpoRka0Zi1QJKq6)
2026-07-05 10:10:06,676 INFO Found 0 w-termine files in folder
2026-07-05 10:10:06,677 INFO No new w-termine files found
2026-07-05 10:10:06,680 INFO === scribe_sync end ===
2026-07-05 10:20:03,077 INFO === scribe_sync start ===
2026-07-05 10:20:04,701 INFO MCP session initialized (id=08c2d833-9b33-461b-8224-468d251b8b6e)
2026-07-05 10:20:06,090 INFO Found folder 'Kindle Scribe' (ID: 1C38JFsUTRYHHimqlQwpoRka0Zi1QJKq6)
2026-07-05 10:20:07,382 INFO Found 0 w-termine files in folder
2026-07-05 10:20:07,382 INFO No new w-termine files found
2026-07-05 10:20:07,390 INFO === scribe_sync end ===
2026-07-05 10:30:01,276 INFO === scribe_sync start ===
2026-07-05 10:30:03,348 INFO MCP session initialized (id=0eec8b0d-5853-479a-a6b6-72dfc7796c90)
2026-07-05 10:30:05,533 INFO Found folder 'Kindle Scribe' (ID: 1C38JFsUTRYHHimqlQwpoRka0Zi1QJKq6)
2026-07-05 10:30:06,880 INFO Found 0 w-termine files in folder
2026-07-05 10:30:06,883 INFO No new w-termine files found
2026-07-05 10:30:06,891 INFO === scribe_sync end ===
2026-07-05 10:40:01,423 INFO === scribe_sync start ===
2026-07-05 10:40:02,880 INFO MCP session initialized (id=7219e953-f119-4b70-a4af-cb4134414bd1)
2026-07-05 10:40:04,457 INFO Found folder 'Kindle Scribe' (ID: 1C38JFsUTRYHHimqlQwpoRka0Zi1QJKq6)
2026-07-05 10:40:05,509 INFO Found 0 w-termine files in folder
2026-07-05 10:40:05,509 INFO No new w-termine files found
2026-07-05 10:40:05,514 INFO === scribe_sync end ===
2026-07-05 10:50:01,652 INFO === scribe_sync start ===
2026-07-05 10:50:03,282 INFO MCP session initialized (id=a95dd50c-bc6e-450d-a9e7-f8cbb82273c5)
2026-07-05 10:50:04,598 INFO Found folder 'Kindle Scribe' (ID: 1C38JFsUTRYHHimqlQwpoRka0Zi1QJKq6)
2026-07-05 10:50:05,881 INFO Found 0 w-termine files in folder
2026-07-05 10:50:05,882 INFO No new w-termine files found
2026-07-05 10:50:05,886 INFO === scribe_sync end ===
2026-07-05 11:00:02,850 INFO === scribe_sync start ===
2026-07-05 11:00:05,172 INFO MCP session initialized (id=450ff64f-a302-4309-969a-0c4562c8461e)
2026-07-05 11:00:11,176 INFO Found folder 'Kindle Scribe' (ID: 1C38JFsUTRYHHimqlQwpoRka0Zi1QJKq6)
2026-07-05 11:00:14,583 INFO Found 0 w-termine files in folder
2026-07-05 11:00:14,584 INFO No new w-termine files found
2026-07-05 11:00:14,592 INFO === scribe_sync end ===
2026-07-05 11:10:01,728 INFO === scribe_sync start ===
2026-07-05 11:10:03,183 INFO MCP session initialized (id=03b6d0a4-6ac5-4a1e-8748-e245d5f1a934)
2026-07-05 11:10:04,544 INFO Found folder 'Kindle Scribe' (ID: 1C38JFsUTRYHHimqlQwpoRka0Zi1QJKq6)
2026-07-05 11:10:05,881 INFO Found 0 w-termine files in folder
2026-07-05 11:10:05,882 INFO No new w-termine files found
2026-07-05 11:10:05,900 INFO === scribe_sync end ===
2026-07-05 11:20:01,474 INFO === scribe_sync start ===
2026-07-05 11:20:02,723 INFO MCP session initialized (id=f5852432-f995-43ea-a82f-9f32cd32d930)
2026-07-05 11:20:04,025 INFO Found folder 'Kindle Scribe' (ID: 1C38JFsUTRYHHimqlQwpoRka0Zi1QJKq6)
2026-07-05 11:20:05,294 INFO Found 0 w-termine files in folder
2026-07-05 11:20:05,295 INFO No new w-termine files found
2026-07-05 11:20:05,305 INFO === scribe_sync end ===
2026-07-05 11:30:01,873 INFO === scribe_sync start ===
2026-07-05 11:30:03,641 INFO MCP session initialized (id=3f89909f-7f76-4054-b50b-bda1d1941abf)
2026-07-05 11:30:05,287 INFO Found folder 'Kindle Scribe' (ID: 1C38JFsUTRYHHimqlQwpoRka0Zi1QJKq6)
2026-07-05 11:30:06,898 INFO Found 0 w-termine files in folder
2026-07-05 11:30:06,914 INFO No new w-termine files found
2026-07-05 11:30:06,945 INFO === scribe_sync end ===
2026-07-05 11:40:01,507 INFO === scribe_sync start ===
2026-07-05 11:40:03,080 INFO MCP session initialized (id=ce9d3620-0e55-495d-a6ca-4d5b6d259398)
2026-07-05 11:40:04,349 INFO Found folder 'Kindle Scribe' (ID: 1C38JFsUTRYHHimqlQwpoRka0Zi1QJKq6)
2026-07-05 11:40:05,562 INFO Found 0 w-termine files in folder
2026-07-05 11:40:05,562 INFO No new w-termine files found
2026-07-05 11:40:05,584 INFO === scribe_sync end ===
2026-07-05 11:50:01,265 INFO === scribe_sync start ===
2026-07-05 11:50:02,787 INFO MCP session initialized (id=27d42ba9-570f-4eee-abf8-f58be651b3f4)
2026-07-05 11:50:04,163 INFO Found folder 'Kindle Scribe' (ID: 1C38JFsUTRYHHimqlQwpoRka0Zi1QJKq6)
2026-07-05 11:50:05,398 INFO Found 0 w-termine files in folder
2026-07-05 11:50:05,399 INFO No new w-termine files found
2026-07-05 11:50:05,428 INFO === scribe_sync end ===
2026-07-05 12:00:02,064 INFO === scribe_sync start ===
2026-07-05 12:00:08,037 INFO MCP session initialized (id=55831033-14f7-4a82-b352-ced3e64879d6)
2026-07-05 12:00:09,448 INFO Found folder 'Kindle Scribe' (ID: 1C38JFsUTRYHHimqlQwpoRka0Zi1QJKq6)
2026-07-05 12:00:10,956 INFO Found 0 w-termine files in folder
2026-07-05 12:00:10,956 INFO No new w-termine files found
2026-07-05 12:00:10,959 INFO === scribe_sync end ===
2026-07-05 12:10:01,140 INFO === scribe_sync start ===
2026-07-05 12:10:02,539 INFO MCP session initialized (id=579c4fbb-3f6b-4078-a905-3567e359d95a)
2026-07-05 12:10:03,836 INFO Found folder 'Kindle Scribe' (ID: 1C38JFsUTRYHHimqlQwpoRka0Zi1QJKq6)
2026-07-05 12:10:05,139 INFO Found 0 w-termine files in folder
2026-07-05 12:10:05,139 INFO No new w-termine files found
2026-07-05 12:10:05,142 INFO === scribe_sync end ===
2026-07-05 12:20:02,374 INFO === scribe_sync start ===
2026-07-05 12:20:04,112 INFO MCP session initialized (id=8391d595-bb99-406f-a81b-908946e34059)
2026-07-05 12:20:05,488 INFO Found folder 'Kindle Scribe' (ID: 1C38JFsUTRYHHimqlQwpoRka0Zi1QJKq6)
2026-07-05 12:20:06,711 INFO Found 0 w-termine files in folder
2026-07-05 12:20:06,711 INFO No new w-termine files found
2026-07-05 12:20:06,713 INFO === scribe_sync end ===
2026-07-05 12:30:01,720 INFO === scribe_sync start ===
2026-07-05 12:30:03,369 INFO MCP session initialized (id=dd3afeb8-7a81-44c9-9581-bda1f4ef17d5)
2026-07-05 12:30:05,153 INFO Found folder 'Kindle Scribe' (ID: 1C38JFsUTRYHHimqlQwpoRka0Zi1QJKq6)
2026-07-05 12:30:06,356 INFO Found 0 w-termine files in folder
2026-07-05 12:30:06,357 INFO No new w-termine files found
2026-07-05 12:30:06,361 INFO === scribe_sync end ===
2026-07-05 12:40:01,266 INFO === scribe_sync start ===
2026-07-05 12:40:02,815 INFO MCP session initialized (id=3a5f125c-b1d0-4bac-bf2e-dbf45a183d71)
2026-07-05 12:40:04,021 INFO Found folder 'Kindle Scribe' (ID: 1C38JFsUTRYHHimqlQwpoRka0Zi1QJKq6)
2026-07-05 12:40:05,290 INFO Found 0 w-termine files in folder
2026-07-05 12:40:05,290 INFO No new w-termine files found
2026-07-05 12:40:05,309 INFO === scribe_sync end ===
2026-07-05 12:50:01,867 INFO === scribe_sync start ===
2026-07-05 12:50:03,203 INFO MCP session initialized (id=e1848d9b-cb1e-4a64-8dd6-07494bc5595f)
2026-07-05 12:50:04,581 INFO Found folder 'Kindle Scribe' (ID: 1C38JFsUTRYHHimqlQwpoRka0Zi1QJKq6)
2026-07-05 12:50:06,560 INFO Found 0 w-termine files in folder
2026-07-05 12:50:06,560 INFO No new w-termine files found
2026-07-05 12:50:06,596 INFO === scribe_sync end ===
2026-07-05 13:00:02,223 INFO === scribe_sync start ===
2026-07-05 13:00:04,876 INFO MCP session initialized (id=7ce9edfd-4660-45cd-b6fa-b1ad799e773e)
2026-07-05 13:00:06,040 INFO Found folder 'Kindle Scribe' (ID: 1C38JFsUTRYHHimqlQwpoRka0Zi1QJKq6)
2026-07-05 13:00:07,379 INFO Found 0 w-termine files in folder
2026-07-05 13:00:07,381 INFO No new w-termine files found
2026-07-05 13:00:07,403 INFO === scribe_sync end ===
2026-07-05 13:10:01,220 INFO === scribe_sync start ===
2026-07-05 13:10:03,112 INFO MCP session initialized (id=0cf5421d-9811-4487-b33f-553d872b2364)
2026-07-05 13:10:04,291 INFO Found folder 'Kindle Scribe' (ID: 1C38JFsUTRYHHimqlQwpoRka0Zi1QJKq6)
2026-07-05 13:10:05,574 INFO Found 0 w-termine files in folder
2026-07-05 13:10:05,575 INFO No new w-termine files found
2026-07-05 13:10:05,577 INFO === scribe_sync end ===
2026-07-05 13:20:02,323 INFO === scribe_sync start ===
2026-07-05 13:20:04,056 INFO MCP session initialized (id=7781a0d7-6767-409a-9f3d-64118ce0dc8e)
2026-07-05 13:20:05,335 INFO Found folder 'Kindle Scribe' (ID: 1C38JFsUTRYHHimqlQwpoRka0Zi1QJKq6)
2026-07-05 13:20:06,588 INFO Found 0 w-termine files in folder
2026-07-05 13:20:06,594 INFO No new w-termine files found
2026-07-05 13:20:06,607 INFO === scribe_sync end ===
2026-07-05 13:30:01,528 INFO === scribe_sync start ===
2026-07-05 13:30:02,999 INFO MCP session initialized (id=9a593671-3ffa-4655-8a9b-a45c765851a4)
2026-07-05 13:30:04,407 INFO Found folder 'Kindle Scribe' (ID: 1C38JFsUTRYHHimqlQwpoRka0Zi1QJKq6)
2026-07-05 13:30:05,713 INFO Found 0 w-termine files in folder
2026-07-05 13:30:05,713 INFO No new w-termine files found
2026-07-05 13:30:05,715 INFO === scribe_sync end ===
2026-07-05 13:40:01,389 INFO === scribe_sync start ===
2026-07-05 13:40:03,450 INFO MCP session initialized (id=a61fb841-d486-4525-a104-5b4b22e7d9d9)
2026-07-05 13:40:05,174 INFO Found folder 'Kindle Scribe' (ID: 1C38JFsUTRYHHimqlQwpoRka0Zi1QJKq6)
2026-07-05 13:40:06,335 INFO Found 0 w-termine files in folder
2026-07-05 13:40:06,335 INFO No new w-termine files found
2026-07-05 13:40:06,337 INFO === scribe_sync end ===
2026-07-05 13:50:02,969 INFO === scribe_sync start ===
2026-07-05 13:50:04,542 INFO MCP session initialized (id=aae7fa23-9bcb-4669-be24-c63d53c16a07)
2026-07-05 13:50:05,766 INFO Found folder 'Kindle Scribe' (ID: 1C38JFsUTRYHHimqlQwpoRka0Zi1QJKq6)
2026-07-05 13:50:07,557 INFO Found 0 w-termine files in folder
2026-07-05 13:50:07,558 INFO No new w-termine files found
2026-07-05 13:50:07,560 INFO === scribe_sync end ===
2026-07-05 14:00:01,438 INFO === scribe_sync start ===
2026-07-05 14:00:03,856 INFO MCP session initialized (id=87505dc6-7f2f-4f02-b232-52589ffde8c7)
2026-07-05 14:00:06,209 INFO Found folder 'Kindle Scribe' (ID: 1C38JFsUTRYHHimqlQwpoRka0Zi1QJKq6)
2026-07-05 14:00:07,703 INFO Found 0 w-termine files in folder
2026-07-05 14:00:07,704 INFO No new w-termine files found
2026-07-05 14:00:07,711 INFO === scribe_sync end ===
2026-07-05 14:10:02,155 INFO === scribe_sync start ===
2026-07-05 14:10:03,643 INFO MCP session initialized (id=abb01ce8-b4ef-4a32-94c5-516777083f6d)
2026-07-05 14:10:05,076 INFO Found folder 'Kindle Scribe' (ID: 1C38JFsUTRYHHimqlQwpoRka0Zi1QJKq6)
2026-07-05 14:10:06,285 INFO Found 0 w-termine files in folder
2026-07-05 14:10:06,285 INFO No new w-termine files found
2026-07-05 14:10:06,288 INFO === scribe_sync end ===
2026-07-05 14:20:01,853 INFO === scribe_sync start ===
2026-07-05 14:20:03,301 INFO MCP session initialized (id=021a72cb-2708-4ee7-b1e7-0bbd32202046)
2026-07-05 14:20:04,985 INFO Found folder 'Kindle Scribe' (ID: 1C38JFsUTRYHHimqlQwpoRka0Zi1QJKq6)
2026-07-05 14:20:06,215 INFO Found 0 w-termine files in folder
2026-07-05 14:20:06,215 INFO No new w-termine files found
2026-07-05 14:20:06,221 INFO === scribe_sync end ===
2026-07-05 14:30:01,516 INFO === scribe_sync start ===
2026-07-05 14:30:03,703 INFO MCP session initialized (id=37aeeb81-916e-43b1-bbc8-2ff883a8d216)
2026-07-05 14:30:05,093 INFO Found folder 'Kindle Scribe' (ID: 1C38JFsUTRYHHimqlQwpoRka0Zi1QJKq6)
2026-07-05 14:30:06,374 INFO Found 0 w-termine files in folder
2026-07-05 14:30:06,374 INFO No new w-termine files found
2026-07-05 14:30:06,384 INFO === scribe_sync end ===
2026-07-05 14:40:01,645 INFO === scribe_sync start ===
2026-07-05 14:40:03,167 INFO MCP session initialized (id=c8478abf-f694-4f34-98e9-5ddc3c1b2ad0)
2026-07-05 14:40:05,908 INFO Found folder 'Kindle Scribe' (ID: 1C38JFsUTRYHHimqlQwpoRka0Zi1QJKq6)
2026-07-05 14:40:07,044 INFO Found 0 w-termine files in folder
2026-07-05 14:40:07,044 INFO No new w-termine files found
2026-07-05 14:40:07,062 INFO === scribe_sync end ===
2026-07-05 14:50:01,300 INFO === scribe_sync start ===
2026-07-05 14:50:02,696 INFO MCP session initialized (id=a6a191c6-5c15-4f3c-8d63-e1aaa9cafbd3)
2026-07-05 14:50:04,109 INFO Found folder 'Kindle Scribe' (ID: 1C38JFsUTRYHHimqlQwpoRka0Zi1QJKq6)
2026-07-05 14:50:05,287 INFO Found 0 w-termine files in folder
2026-07-05 14:50:05,288 INFO No new w-termine files found
2026-07-05 14:50:05,300 INFO === scribe_sync end ===
2026-07-05 15:00:01,442 INFO === scribe_sync start ===
2026-07-05 15:00:03,101 INFO MCP session initialized (id=bdc8f45a-4202-42ae-a21e-61181c32e1c1)
2026-07-05 15:00:04,525 INFO Found folder 'Kindle Scribe' (ID: 1C38JFsUTRYHHimqlQwpoRka0Zi1QJKq6)
2026-07-05 15:00:06,036 INFO Found 0 w-termine files in folder
2026-07-05 15:00:06,036 INFO No new w-termine files found
2026-07-05 15:00:06,038 INFO === scribe_sync end ===
2026-07-05 15:10:01,860 INFO === scribe_sync start ===
2026-07-05 15:10:03,267 INFO MCP session initialized (id=26af3185-81f5-42a1-9d9f-ce87aae3a26e)
2026-07-05 15:10:04,774 INFO Found folder 'Kindle Scribe' (ID: 1C38JFsUTRYHHimqlQwpoRka0Zi1QJKq6)
2026-07-05 15:10:06,162 INFO Found 0 w-termine files in folder
2026-07-05 15:10:06,162 INFO No new w-termine files found
2026-07-05 15:10:06,166 INFO === scribe_sync end ===
2026-07-05 15:20:01,803 INFO === scribe_sync start ===
2026-07-05 15:20:03,555 INFO MCP session initialized (id=3a72345f-118c-46f5-b6a6-7fdba8e8383b)
2026-07-05 15:20:05,247 INFO Found folder 'Kindle Scribe' (ID: 1C38JFsUTRYHHimqlQwpoRka0Zi1QJKq6)
2026-07-05 15:20:07,017 INFO Found 0 w-termine files in folder
2026-07-05 15:20:07,017 INFO No new w-termine files found
2026-07-05 15:20:07,022 INFO === scribe_sync end ===
2026-07-05 15:30:01,940 INFO === scribe_sync start ===
2026-07-05 15:30:04,362 INFO MCP session initialized (id=cf9c8e71-ac4f-4a83-9028-11cc1c8009b9)
2026-07-05 15:30:06,352 INFO Found folder 'Kindle Scribe' (ID: 1C38JFsUTRYHHimqlQwpoRka0Zi1QJKq6)
2026-07-05 15:30:07,854 INFO Found 0 w-termine files in folder
2026-07-05 15:30:07,855 INFO No new w-termine files found
2026-07-05 15:30:07,871 INFO === scribe_sync end ===
2026-07-05 15:40:01,968 INFO === scribe_sync start ===
2026-07-05 15:40:44,576 INFO MCP session initialized (id=d4823eae-a622-4bb6-9374-5f13aa0f03a4)
2026-07-05 15:40:45,952 INFO Found folder 'Kindle Scribe' (ID: 1C38JFsUTRYHHimqlQwpoRka0Zi1QJKq6)
2026-07-05 15:40:47,277 INFO Found 0 w-termine files in folder
2026-07-05 15:40:47,277 INFO No new w-termine files found
2026-07-05 15:40:47,281 INFO === scribe_sync end ===
2026-07-05 15:50:01,536 INFO === scribe_sync start ===
2026-07-05 15:50:03,244 INFO MCP session initialized (id=58ec6dbb-fba2-4fa1-ba19-eb851bcd3db3)
2026-07-05 15:50:05,007 INFO Found folder 'Kindle Scribe' (ID: 1C38JFsUTRYHHimqlQwpoRka0Zi1QJKq6)
2026-07-05 15:50:06,334 INFO Found 0 w-termine files in folder
2026-07-05 15:50:06,335 INFO No new w-termine files found
2026-07-05 15:50:06,338 INFO === scribe_sync end ===
2026-07-05 16:00:01,357 INFO === scribe_sync start ===
2026-07-05 16:00:03,732 INFO MCP session initialized (id=7dd13b06-5775-4068-be7b-ccb0865699d4)
2026-07-05 16:00:05,361 INFO Found folder 'Kindle Scribe' (ID: 1C38JFsUTRYHHimqlQwpoRka0Zi1QJKq6)
2026-07-05 16:00:07,201 INFO Found 0 w-termine files in folder
2026-07-05 16:00:07,202 INFO No new w-termine files found
2026-07-05 16:00:07,203 INFO === scribe_sync end ===
2026-07-05 16:10:01,520 INFO === scribe_sync start ===
2026-07-05 16:10:03,167 INFO MCP session initialized (id=abb95242-12d3-45d2-b1bc-8cc9cb453511)
2026-07-05 16:10:04,500 INFO Found folder 'Kindle Scribe' (ID: 1C38JFsUTRYHHimqlQwpoRka0Zi1QJKq6)
2026-07-05 16:10:05,862 INFO Found 0 w-termine files in folder
2026-07-05 16:10:05,863 INFO No new w-termine files found
2026-07-05 16:10:05,865 INFO === scribe_sync end ===
2026-07-05 16:20:01,642 INFO === scribe_sync start ===
2026-07-05 16:20:03,219 INFO MCP session initialized (id=c0812ee2-a451-45dc-ab37-796e5b7608e4)
2026-07-05 16:20:04,478 INFO Found folder 'Kindle Scribe' (ID: 1C38JFsUTRYHHimqlQwpoRka0Zi1QJKq6)
2026-07-05 16:20:06,108 INFO Found 0 w-termine files in folder
2026-07-05 16:20:06,108 INFO No new w-termine files found
2026-07-05 16:20:06,122 INFO === scribe_sync end ===
2026-07-05 16:30:01,508 INFO === scribe_sync start ===
2026-07-05 16:30:03,193 INFO MCP session initialized (id=0666cba9-acdd-440e-b4d3-a82184b7e98a)
2026-07-05 16:30:04,550 INFO Found folder 'Kindle Scribe' (ID: 1C38JFsUTRYHHimqlQwpoRka0Zi1QJKq6)
2026-07-05 16:30:05,909 INFO Found 0 w-termine files in folder
2026-07-05 16:30:05,909 INFO No new w-termine files found
2026-07-05 16:30:05,945 INFO === scribe_sync end ===
2026-07-05 16:40:01,507 INFO === scribe_sync start ===
2026-07-05 16:40:03,011 INFO MCP session initialized (id=47531799-ae38-46ee-97cd-a2adf6d71cdf)
2026-07-05 16:40:05,129 INFO Found folder 'Kindle Scribe' (ID: 1C38JFsUTRYHHimqlQwpoRka0Zi1QJKq6)
2026-07-05 16:40:06,496 INFO Found 0 w-termine files in folder
2026-07-05 16:40:06,497 INFO No new w-termine files found
2026-07-05 16:40:06,498 INFO === scribe_sync end ===
2026-07-05 16:50:02,578 INFO === scribe_sync start ===
2026-07-05 16:50:04,575 INFO MCP session initialized (id=ffd9148f-0dd1-41e6-82b9-7e5d664d763f)
2026-07-05 16:50:05,878 INFO Found folder 'Kindle Scribe' (ID: 1C38JFsUTRYHHimqlQwpoRka0Zi1QJKq6)
2026-07-05 16:50:07,166 INFO Found 0 w-termine files in folder
2026-07-05 16:50:07,167 INFO No new w-termine files found
2026-07-05 16:50:07,173 INFO === scribe_sync end ===
2026-07-05 17:00:02,306 INFO === scribe_sync start ===
2026-07-05 17:00:03,880 INFO MCP session initialized (id=ad1efefc-9529-4f2d-8f6d-b8d0c7521622)
2026-07-05 17:00:05,862 INFO Found folder 'Kindle Scribe' (ID: 1C38JFsUTRYHHimqlQwpoRka0Zi1QJKq6)
2026-07-05 17:00:07,193 INFO Found 0 w-termine files in folder
2026-07-05 17:00:07,193 INFO No new w-termine files found
2026-07-05 17:00:07,196 INFO === scribe_sync end ===
2026-07-05 17:10:01,832 INFO === scribe_sync start ===
2026-07-05 17:10:03,142 INFO MCP session initialized (id=9802cd04-5236-467e-9272-d16fb6690d1b)
2026-07-05 17:10:04,744 INFO Found folder 'Kindle Scribe' (ID: 1C38JFsUTRYHHimqlQwpoRka0Zi1QJKq6)
2026-07-05 17:10:06,142 INFO Found 0 w-termine files in folder
2026-07-05 17:10:06,143 INFO No new w-termine files found
2026-07-05 17:10:06,148 INFO === scribe_sync end ===
2026-07-05 17:20:01,768 INFO === scribe_sync start ===
2026-07-05 17:20:03,595 INFO MCP session initialized (id=98635382-b002-4436-a6a1-2edd7fd534f2)
2026-07-05 17:20:05,030 INFO Found folder 'Kindle Scribe' (ID: 1C38JFsUTRYHHimqlQwpoRka0Zi1QJKq6)
2026-07-05 17:20:06,315 INFO Found 0 w-termine files in folder
2026-07-05 17:20:06,316 INFO No new w-termine files found
2026-07-05 17:20:06,320 INFO === scribe_sync end ===
2026-07-05 17:30:01,851 INFO === scribe_sync start ===
2026-07-05 17:30:04,075 INFO MCP session initialized (id=3b334df7-6875-4f0d-b752-fc034cf26f5d)
2026-07-05 17:30:05,396 INFO Found folder 'Kindle Scribe' (ID: 1C38JFsUTRYHHimqlQwpoRka0Zi1QJKq6)
2026-07-05 17:30:06,689 INFO Found 0 w-termine files in folder
2026-07-05 17:30:06,696 INFO No new w-termine files found
2026-07-05 17:30:06,734 INFO === scribe_sync end ===
2026-07-05 17:40:02,414 INFO === scribe_sync start ===
2026-07-05 17:40:04,461 INFO MCP session initialized (id=fa9bf687-db30-4e15-b98a-371ce7f6965f)
2026-07-05 17:40:05,856 INFO Found folder 'Kindle Scribe' (ID: 1C38JFsUTRYHHimqlQwpoRka0Zi1QJKq6)
2026-07-05 17:40:07,108 INFO Found 0 w-termine files in folder
2026-07-05 17:40:07,108 INFO No new w-termine files found
2026-07-05 17:40:07,120 INFO === scribe_sync end ===
2026-07-05 17:50:01,307 INFO === scribe_sync start ===
2026-07-05 17:50:02,600 INFO MCP session initialized (id=d39c2e66-9dd3-4442-b79e-750c0a78aa2d)
2026-07-05 17:50:03,818 INFO Found folder 'Kindle Scribe' (ID: 1C38JFsUTRYHHimqlQwpoRka0Zi1QJKq6)
2026-07-05 17:50:05,052 INFO Found 0 w-termine files in folder
2026-07-05 17:50:05,053 INFO No new w-termine files found
2026-07-05 17:50:05,056 INFO === scribe_sync end ===
2026-07-05 18:00:01,763 INFO === scribe_sync start ===
2026-07-05 18:00:03,224 INFO MCP session initialized (id=6e60b23c-daeb-4995-8f90-f1ba91e00388)
2026-07-05 18:00:04,823 INFO Found folder 'Kindle Scribe' (ID: 1C38JFsUTRYHHimqlQwpoRka0Zi1QJKq6)
2026-07-05 18:00:06,833 INFO Found 0 w-termine files in folder
2026-07-05 18:00:06,833 INFO No new w-termine files found
2026-07-05 18:00:06,835 INFO === scribe_sync end ===
2026-07-05 18:10:02,362 INFO === scribe_sync start ===
2026-07-05 18:10:03,727 INFO MCP session initialized (id=2ad44643-df61-45d0-99de-990ca83095b4)
2026-07-05 18:10:04,980 INFO Found folder 'Kindle Scribe' (ID: 1C38JFsUTRYHHimqlQwpoRka0Zi1QJKq6)
2026-07-05 18:10:06,362 INFO Found 0 w-termine files in folder
2026-07-05 18:10:06,376 INFO No new w-termine files found
2026-07-05 18:10:06,380 INFO === scribe_sync end ===
2026-07-05 18:20:01,303 INFO === scribe_sync start ===
2026-07-05 18:20:03,370 INFO MCP session initialized (id=34b99d56-dac0-4087-913a-da3e5b1f76ca)
2026-07-05 18:20:04,838 INFO Found folder 'Kindle Scribe' (ID: 1C38JFsUTRYHHimqlQwpoRka0Zi1QJKq6)
2026-07-05 18:20:06,219 INFO Found 0 w-termine files in folder
2026-07-05 18:20:06,219 INFO No new w-termine files found
2026-07-05 18:20:06,222 INFO === scribe_sync end ===
2026-07-05 18:30:02,591 INFO === scribe_sync start ===
2026-07-05 18:30:05,974 INFO MCP session initialized (id=a13b9627-8a93-4b93-9902-164eb349842b)
2026-07-05 18:30:08,458 INFO Found folder 'Kindle Scribe' (ID: 1C38JFsUTRYHHimqlQwpoRka0Zi1QJKq6)
2026-07-05 18:30:09,642 INFO Found 0 w-termine files in folder
2026-07-05 18:30:09,642 INFO No new w-termine files found
2026-07-05 18:30:09,644 INFO === scribe_sync end ===
2026-07-05 18:40:01,870 INFO === scribe_sync start ===
2026-07-05 18:40:04,728 INFO MCP session initialized (id=363c7e74-3cb5-4a2c-be67-d2f4d5e3f728)
2026-07-05 18:40:06,103 INFO Found folder 'Kindle Scribe' (ID: 1C38JFsUTRYHHimqlQwpoRka0Zi1QJKq6)
2026-07-05 18:40:07,667 INFO Found 0 w-termine files in folder
2026-07-05 18:40:07,668 INFO No new w-termine files found
2026-07-05 18:40:07,676 INFO === scribe_sync end ===
2026-07-05 18:50:01,157 INFO === scribe_sync start ===
2026-07-05 18:50:22,137 INFO MCP session initialized (id=001b525c-f501-49c9-871d-2f9f223ad694)
2026-07-05 18:50:23,636 INFO Found folder 'Kindle Scribe' (ID: 1C38JFsUTRYHHimqlQwpoRka0Zi1QJKq6)
2026-07-05 18:50:24,902 INFO Found 0 w-termine files in folder
2026-07-05 18:50:24,902 INFO No new w-termine files found
2026-07-05 18:50:24,905 INFO === scribe_sync end ===
2026-07-05 19:00:01,685 INFO === scribe_sync start ===
2026-07-05 19:00:04,896 INFO MCP session initialized (id=28b1d259-8cb8-4f0d-beac-ed54920d5125)
2026-07-05 19:00:06,529 INFO Found folder 'Kindle Scribe' (ID: 1C38JFsUTRYHHimqlQwpoRka0Zi1QJKq6)
2026-07-05 19:00:08,287 INFO Found 0 w-termine files in folder
2026-07-05 19:00:08,287 INFO No new w-termine files found
2026-07-05 19:00:08,289 INFO === scribe_sync end ===
2026-07-05 19:10:02,229 INFO === scribe_sync start ===
2026-07-05 19:10:03,862 INFO MCP session initialized (id=f09c2362-7820-4c22-9c21-e919ba159932)
2026-07-05 19:10:05,081 INFO Found folder 'Kindle Scribe' (ID: 1C38JFsUTRYHHimqlQwpoRka0Zi1QJKq6)
2026-07-05 19:10:06,261 INFO Found 0 w-termine files in folder
2026-07-05 19:10:06,262 INFO No new w-termine files found
2026-07-05 19:10:06,270 INFO === scribe_sync end ===
2026-07-05 19:20:01,538 INFO === scribe_sync start ===
2026-07-05 19:20:03,246 INFO MCP session initialized (id=95473221-aebb-4ede-a642-dd011cb02a25)
2026-07-05 19:20:04,556 INFO Found folder 'Kindle Scribe' (ID: 1C38JFsUTRYHHimqlQwpoRka0Zi1QJKq6)
2026-07-05 19:20:06,016 INFO Found 0 w-termine files in folder
2026-07-05 19:20:06,017 INFO No new w-termine files found
2026-07-05 19:20:06,019 INFO === scribe_sync end ===
2026-07-05 19:30:01,613 INFO === scribe_sync start ===
2026-07-05 19:30:03,352 INFO MCP session initialized (id=7350e388-3471-4a9f-b173-05f3a3ce6f1a)
2026-07-05 19:30:04,944 INFO Found folder 'Kindle Scribe' (ID: 1C38JFsUTRYHHimqlQwpoRka0Zi1QJKq6)
2026-07-05 19:30:06,200 INFO Found 0 w-termine files in folder
2026-07-05 19:30:06,201 INFO No new w-termine files found
2026-07-05 19:30:06,205 INFO === scribe_sync end ===
2026-07-05 19:40:01,581 INFO === scribe_sync start ===
2026-07-05 19:40:03,243 INFO MCP session initialized (id=eeb86dbf-80f0-4b9a-b1fb-414fc8bd2c21)
2026-07-05 19:40:04,821 INFO Found folder 'Kindle Scribe' (ID: 1C38JFsUTRYHHimqlQwpoRka0Zi1QJKq6)
2026-07-05 19:40:06,796 INFO Found 0 w-termine files in folder
2026-07-05 19:40:06,796 INFO No new w-termine files found
2026-07-05 19:40:06,798 INFO === scribe_sync end ===
2026-07-05 19:50:01,647 INFO === scribe_sync start ===
2026-07-05 19:50:04,231 INFO MCP session initialized (id=85592efe-e812-4e31-a4ce-ec16395985fa)
2026-07-05 19:50:05,546 INFO Found folder 'Kindle Scribe' (ID: 1C38JFsUTRYHHimqlQwpoRka0Zi1QJKq6)
2026-07-05 19:50:06,917 INFO Found 0 w-termine files in folder
2026-07-05 19:50:06,918 INFO No new w-termine files found
2026-07-05 19:50:06,925 INFO === scribe_sync end ===
2026-07-05 20:00:02,127 INFO === scribe_sync start ===
2026-07-05 20:00:04,224 INFO MCP session initialized (id=a0e048f3-e906-4b00-ae13-c8ce7ff1fdfb)
2026-07-05 20:00:05,623 INFO Found folder 'Kindle Scribe' (ID: 1C38JFsUTRYHHimqlQwpoRka0Zi1QJKq6)
2026-07-05 20:00:11,645 INFO Found 0 w-termine files in folder
2026-07-05 20:00:11,645 INFO No new w-termine files found
2026-07-05 20:00:11,646 INFO === scribe_sync end ===
2026-07-05 20:10:02,441 INFO === scribe_sync start ===
2026-07-05 20:10:04,273 INFO MCP session initialized (id=aa17317f-ad0f-491c-987f-bd7bf35b318a)
2026-07-05 20:10:05,553 INFO Found folder 'Kindle Scribe' (ID: 1C38JFsUTRYHHimqlQwpoRka0Zi1QJKq6)
2026-07-05 20:10:06,872 INFO Found 0 w-termine files in folder
2026-07-05 20:10:06,873 INFO No new w-termine files found
2026-07-05 20:10:06,952 INFO === scribe_sync end ===
2026-07-05 20:20:01,185 INFO === scribe_sync start ===
2026-07-05 20:20:03,339 INFO MCP session initialized (id=bcf5b127-0c4e-4a0f-9b1b-2d01a3cee0ec)
2026-07-05 20:20:05,045 INFO Found folder 'Kindle Scribe' (ID: 1C38JFsUTRYHHimqlQwpoRka0Zi1QJKq6)
2026-07-05 20:20:06,821 INFO Found 0 w-termine files in folder
2026-07-05 20:20:06,821 INFO No new w-termine files found
2026-07-05 20:20:06,848 INFO === scribe_sync end ===
2026-07-05 20:30:02,057 INFO === scribe_sync start ===
2026-07-05 20:30:03,834 INFO MCP session initialized (id=d32f3f6d-1593-4e02-9beb-8cd31b4e3523)
2026-07-05 20:30:05,871 INFO Found folder 'Kindle Scribe' (ID: 1C38JFsUTRYHHimqlQwpoRka0Zi1QJKq6)
2026-07-05 20:30:07,273 INFO Found 0 w-termine files in folder
2026-07-05 20:30:07,274 INFO No new w-termine files found
2026-07-05 20:30:07,283 INFO === scribe_sync end ===
2026-07-05 20:40:01,914 INFO === scribe_sync start ===
2026-07-05 20:40:03,344 INFO MCP session initialized (id=c6ff6c84-cca7-4fe9-a9a8-6f1f27a45a55)
2026-07-05 20:40:04,697 INFO Found folder 'Kindle Scribe' (ID: 1C38JFsUTRYHHimqlQwpoRka0Zi1QJKq6)
2026-07-05 20:40:05,896 INFO Found 0 w-termine files in folder
2026-07-05 20:40:05,896 INFO No new w-termine files found
2026-07-05 20:40:05,904 INFO === scribe_sync end ===
2026-07-05 20:50:01,660 INFO === scribe_sync start ===
2026-07-05 20:50:22,392 INFO MCP session initialized (id=d701dc8f-4770-4988-a009-13139c68300d)
2026-07-05 20:50:24,096 INFO Found folder 'Kindle Scribe' (ID: 1C38JFsUTRYHHimqlQwpoRka0Zi1QJKq6)
2026-07-05 20:50:25,365 INFO Found 0 w-termine files in folder
2026-07-05 20:50:25,365 INFO No new w-termine files found
2026-07-05 20:50:25,372 INFO === scribe_sync end ===
2026-07-05 21:00:02,155 INFO === scribe_sync start ===
2026-07-05 21:00:03,795 INFO MCP session initialized (id=339516ad-8b65-4ae0-9fb3-4e7a78b537f7)
2026-07-05 21:00:06,320 INFO Found folder 'Kindle Scribe' (ID: 1C38JFsUTRYHHimqlQwpoRka0Zi1QJKq6)
2026-07-05 21:00:07,649 INFO Found 0 w-termine files in folder
2026-07-05 21:00:07,649 INFO No new w-termine files found
2026-07-05 21:00:07,653 INFO === scribe_sync end ===
2026-07-05 21:10:02,178 INFO === scribe_sync start ===
2026-07-05 21:10:03,502 INFO MCP session initialized (id=1509e482-69bf-4335-ba2c-f589e0d4c276)
2026-07-05 21:10:05,093 INFO Found folder 'Kindle Scribe' (ID: 1C38JFsUTRYHHimqlQwpoRka0Zi1QJKq6)
2026-07-05 21:10:06,361 INFO Found 0 w-termine files in folder
2026-07-05 21:10:06,363 INFO No new w-termine files found
2026-07-05 21:10:06,374 INFO === scribe_sync end ===
2026-07-05 21:20:01,450 INFO === scribe_sync start ===
2026-07-05 21:20:03,102 INFO MCP session initialized (id=597085ca-6910-4148-93fa-a3b244819939)
2026-07-05 21:20:04,622 INFO Found folder 'Kindle Scribe' (ID: 1C38JFsUTRYHHimqlQwpoRka0Zi1QJKq6)
2026-07-05 21:20:05,902 INFO Found 0 w-termine files in folder
2026-07-05 21:20:05,902 INFO No new w-termine files found
2026-07-05 21:20:05,910 INFO === scribe_sync end ===
2026-07-05 21:30:01,306 INFO === scribe_sync start ===
2026-07-05 21:30:02,932 INFO MCP session initialized (id=2ce498d5-4c76-43a7-8ee3-fcb6ba179c90)
2026-07-05 21:30:04,483 INFO Found folder 'Kindle Scribe' (ID: 1C38JFsUTRYHHimqlQwpoRka0Zi1QJKq6)
2026-07-05 21:30:05,953 INFO Found 0 w-termine files in folder
2026-07-05 21:30:05,964 INFO No new w-termine files found
2026-07-05 21:30:05,972 INFO === scribe_sync end ===
2026-07-05 21:40:02,364 INFO === scribe_sync start ===
2026-07-05 21:40:03,645 INFO MCP session initialized (id=d17a1317-d6af-4ca9-8ae5-e54ae3af5df4)
2026-07-05 21:40:05,093 INFO Found folder 'Kindle Scribe' (ID: 1C38JFsUTRYHHimqlQwpoRka0Zi1QJKq6)
2026-07-05 21:40:06,269 INFO Found 0 w-termine files in folder
2026-07-05 21:40:06,269 INFO No new w-termine files found
2026-07-05 21:40:06,271 INFO === scribe_sync end ===
2026-07-05 21:50:01,505 INFO === scribe_sync start ===
2026-07-05 21:50:03,130 INFO MCP session initialized (id=487f384d-248d-432c-b5dc-b6fc034d81a2)
2026-07-05 21:50:04,488 INFO Found folder 'Kindle Scribe' (ID: 1C38JFsUTRYHHimqlQwpoRka0Zi1QJKq6)
2026-07-05 21:50:05,771 INFO Found 0 w-termine files in folder
2026-07-05 21:50:05,772 INFO No new w-termine files found
2026-07-05 21:50:05,801 INFO === scribe_sync end ===
2026-07-05 22:00:02,286 INFO === scribe_sync start ===
2026-07-05 22:00:05,130 INFO MCP session initialized (id=dbe2a858-c1ed-4ab2-99e6-21b4a9a256f4)
2026-07-05 22:00:11,301 INFO Found folder 'Kindle Scribe' (ID: 1C38JFsUTRYHHimqlQwpoRka0Zi1QJKq6)
2026-07-05 22:00:12,537 INFO Found 0 w-termine files in folder
2026-07-05 22:00:12,538 INFO No new w-termine files found
2026-07-05 22:00:12,541 INFO === scribe_sync end ===
2026-07-05 22:10:02,082 INFO === scribe_sync start ===
2026-07-05 22:10:03,876 INFO MCP session initialized (id=3eea95d1-bf2b-4af0-a7d2-68744d55b866)
2026-07-05 22:10:05,342 INFO Found folder 'Kindle Scribe' (ID: 1C38JFsUTRYHHimqlQwpoRka0Zi1QJKq6)
2026-07-05 22:10:06,529 INFO Found 0 w-termine files in folder
2026-07-05 22:10:06,529 INFO No new w-termine files found
2026-07-05 22:10:06,546 INFO === scribe_sync end ===
2026-07-05 22:20:02,146 INFO === scribe_sync start ===
2026-07-05 22:20:03,830 INFO MCP session initialized (id=060dd5b8-8696-433d-ac4b-2fbf2c744b14)
2026-07-05 22:20:05,154 INFO Found folder 'Kindle Scribe' (ID: 1C38JFsUTRYHHimqlQwpoRka0Zi1QJKq6)
2026-07-05 22:20:06,429 INFO Found 0 w-termine files in folder
2026-07-05 22:20:06,433 INFO No new w-termine files found
2026-07-05 22:20:06,463 INFO === scribe_sync end ===
2026-07-05 22:30:01,873 INFO === scribe_sync start ===
2026-07-05 22:30:03,490 INFO MCP session initialized (id=74cb2fc4-898d-4501-b785-2443133fb7e7)
2026-07-05 22:30:04,776 INFO Found folder 'Kindle Scribe' (ID: 1C38JFsUTRYHHimqlQwpoRka0Zi1QJKq6)
2026-07-05 22:30:06,071 INFO Found 0 w-termine files in folder
2026-07-05 22:30:06,071 INFO No new w-termine files found
2026-07-05 22:30:06,074 INFO === scribe_sync end ===
2026-07-05 22:40:01,962 INFO === scribe_sync start ===
2026-07-05 22:40:03,537 INFO MCP session initialized (id=f2b39c74-18c9-4399-a2f1-1540c380b0e4)
2026-07-05 22:40:05,117 INFO Found folder 'Kindle Scribe' (ID: 1C38JFsUTRYHHimqlQwpoRka0Zi1QJKq6)
2026-07-05 22:40:06,275 INFO Found 0 w-termine files in folder
2026-07-05 22:40:06,276 INFO No new w-termine files found
2026-07-05 22:40:06,281 INFO === scribe_sync end ===
2026-07-05 22:50:01,465 INFO === scribe_sync start ===
2026-07-05 22:50:03,188 INFO MCP session initialized (id=cfc85a5a-70b4-4cf1-9f61-35cf7c4a1a8a)
2026-07-05 22:50:04,562 INFO Found folder 'Kindle Scribe' (ID: 1C38JFsUTRYHHimqlQwpoRka0Zi1QJKq6)
2026-07-05 22:50:05,675 INFO Found 0 w-termine files in folder
2026-07-05 22:50:05,675 INFO No new w-termine files found
2026-07-05 22:50:05,682 INFO === scribe_sync end ===
2026-07-05 23:00:02,157 INFO === scribe_sync start ===
2026-07-05 23:00:03,894 INFO MCP session initialized (id=69294877-db7d-4c00-8477-7371bafbf120)
2026-07-05 23:00:05,308 INFO Found folder 'Kindle Scribe' (ID: 1C38JFsUTRYHHimqlQwpoRka0Zi1QJKq6)
2026-07-05 23:00:06,615 INFO Found 0 w-termine files in folder
2026-07-05 23:00:06,616 INFO No new w-termine files found
2026-07-05 23:00:06,674 INFO === scribe_sync end ===
2026-07-05 23:10:01,647 INFO === scribe_sync start ===
2026-07-05 23:10:04,499 INFO MCP session initialized (id=2eb304fc-aa1b-44bd-87b1-b2060bc1a078)
2026-07-05 23:10:06,034 INFO Found folder 'Kindle Scribe' (ID: 1C38JFsUTRYHHimqlQwpoRka0Zi1QJKq6)
2026-07-05 23:10:07,290 INFO Found 0 w-termine files in folder
2026-07-05 23:10:07,290 INFO No new w-termine files found
2026-07-05 23:10:07,292 INFO === scribe_sync end ===
2026-07-05 23:20:01,761 INFO === scribe_sync start ===
2026-07-05 23:20:03,173 INFO MCP session initialized (id=622e54b6-c36c-429b-8a23-cf0513e831a2)
2026-07-05 23:20:04,688 INFO Found folder 'Kindle Scribe' (ID: 1C38JFsUTRYHHimqlQwpoRka0Zi1QJKq6)
2026-07-05 23:20:06,005 INFO Found 0 w-termine files in folder
2026-07-05 23:20:06,005 INFO No new w-termine files found
2026-07-05 23:20:06,021 INFO === scribe_sync end ===
2026-07-05 23:30:02,038 INFO === scribe_sync start ===
2026-07-05 23:30:03,769 INFO MCP session initialized (id=52ce8d64-44ce-492f-a0a5-af20605402db)
2026-07-05 23:30:05,158 INFO Found folder 'Kindle Scribe' (ID: 1C38JFsUTRYHHimqlQwpoRka0Zi1QJKq6)
2026-07-05 23:30:06,514 INFO Found 0 w-termine files in folder
2026-07-05 23:30:06,514 INFO No new w-termine files found
2026-07-05 23:30:06,519 INFO === scribe_sync end ===
2026-07-05 23:40:01,529 INFO === scribe_sync start ===
2026-07-05 23:40:03,162 INFO MCP session initialized (id=9a2643a5-aba9-4a71-a871-44c8a0ae97bc)
2026-07-05 23:40:04,726 INFO Found folder 'Kindle Scribe' (ID: 1C38JFsUTRYHHimqlQwpoRka0Zi1QJKq6)
2026-07-05 23:40:06,027 INFO Found 0 w-termine files in folder
2026-07-05 23:40:06,027 INFO No new w-termine files found
2026-07-05 23:40:06,033 INFO === scribe_sync end ===
2026-07-05 23:50:02,728 INFO === scribe_sync start ===
2026-07-05 23:50:04,032 INFO MCP session initialized (id=63d7c8f6-2f32-4a22-bbee-1d3a6c631f5d)
2026-07-05 23:50:05,242 INFO Found folder 'Kindle Scribe' (ID: 1C38JFsUTRYHHimqlQwpoRka0Zi1QJKq6)
2026-07-05 23:50:06,540 INFO Found 0 w-termine files in folder
2026-07-05 23:50:06,560 INFO No new w-termine files found
2026-07-05 23:50:06,562 INFO === scribe_sync end ===
2026-07-06 00:00:02,119 INFO === scribe_sync start ===
2026-07-06 00:00:06,169 INFO MCP session initialized (id=f65312a0-06b7-4059-ae72-4fb92b668d3d)
2026-07-06 00:00:08,016 INFO Found folder 'Kindle Scribe' (ID: 1C38JFsUTRYHHimqlQwpoRka0Zi1QJKq6)
2026-07-06 00:00:09,974 INFO Found 0 w-termine files in folder
2026-07-06 00:00:09,976 INFO No new w-termine files found
2026-07-06 00:00:09,984 INFO === scribe_sync end ===
2026-07-06 00:10:01,649 INFO === scribe_sync start ===
2026-07-06 00:10:03,077 INFO MCP session initialized (id=04f85a80-18b6-4812-9f51-6fbae994d617)
2026-07-06 00:10:04,269 INFO Found folder 'Kindle Scribe' (ID: 1C38JFsUTRYHHimqlQwpoRka0Zi1QJKq6)
2026-07-06 00:10:06,471 INFO Found 0 w-termine files in folder
2026-07-06 00:10:06,471 INFO No new w-termine files found
2026-07-06 00:10:06,474 INFO === scribe_sync end ===
2026-07-06 00:20:02,398 INFO === scribe_sync start ===
2026-07-06 00:20:04,368 INFO MCP session initialized (id=2c95530f-84ae-4b53-a697-efd05d1716c3)
2026-07-06 00:20:05,819 INFO Found folder 'Kindle Scribe' (ID: 1C38JFsUTRYHHimqlQwpoRka0Zi1QJKq6)
2026-07-06 00:20:07,134 INFO Found 0 w-termine files in folder
2026-07-06 00:20:07,134 INFO No new w-termine files found
2026-07-06 00:20:07,156 INFO === scribe_sync end ===
2026-07-06 00:30:02,319 INFO === scribe_sync start ===
2026-07-06 00:30:04,056 INFO MCP session initialized (id=33dda6e0-bea2-4f82-8a50-ddcb4f1bc0a2)
2026-07-06 00:30:05,575 INFO Found folder 'Kindle Scribe' (ID: 1C38JFsUTRYHHimqlQwpoRka0Zi1QJKq6)
2026-07-06 00:30:06,824 INFO Found 0 w-termine files in folder
2026-07-06 00:30:06,824 INFO No new w-termine files found
2026-07-06 00:30:06,839 INFO === scribe_sync end ===
2026-07-06 00:40:01,303 INFO === scribe_sync start ===
2026-07-06 00:40:03,052 INFO MCP session initialized (id=7b697da5-719e-4bf1-bcff-981563e64ca0)
2026-07-06 00:40:04,367 INFO Found folder 'Kindle Scribe' (ID: 1C38JFsUTRYHHimqlQwpoRka0Zi1QJKq6)
2026-07-06 00:40:05,647 INFO Found 0 w-termine files in folder
2026-07-06 00:40:05,648 INFO No new w-termine files found
2026-07-06 00:40:05,652 INFO === scribe_sync end ===
2026-07-06 00:50:01,862 INFO === scribe_sync start ===
2026-07-06 00:50:03,419 INFO MCP session initialized (id=c3e5239a-f329-4580-8bef-39e5656414bc)
2026-07-06 00:50:04,694 INFO Found folder 'Kindle Scribe' (ID: 1C38JFsUTRYHHimqlQwpoRka0Zi1QJKq6)
2026-07-06 00:50:05,985 INFO Found 0 w-termine files in folder
2026-07-06 00:50:05,985 INFO No new w-termine files found
2026-07-06 00:50:05,987 INFO === scribe_sync end ===
2026-07-06 01:00:01,307 INFO === scribe_sync start ===
2026-07-06 01:00:02,767 INFO MCP session initialized (id=d93cb682-3c2e-407e-8c6b-4648f242a8d6)
2026-07-06 01:00:04,095 INFO Found folder 'Kindle Scribe' (ID: 1C38JFsUTRYHHimqlQwpoRka0Zi1QJKq6)
2026-07-06 01:00:05,353 INFO Found 0 w-termine files in folder
2026-07-06 01:00:05,353 INFO No new w-termine files found
2026-07-06 01:00:05,355 INFO === scribe_sync end ===
2026-07-06 01:10:02,742 INFO === scribe_sync start ===
2026-07-06 01:10:04,136 INFO MCP session initialized (id=6aaffaeb-818f-404b-b7f1-afde4435ba9c)
2026-07-06 01:10:05,564 INFO Found folder 'Kindle Scribe' (ID: 1C38JFsUTRYHHimqlQwpoRka0Zi1QJKq6)
2026-07-06 01:10:06,859 INFO Found 0 w-termine files in folder
2026-07-06 01:10:06,859 INFO No new w-termine files found
2026-07-06 01:10:06,867 INFO === scribe_sync end ===
2026-07-06 01:20:01,451 INFO === scribe_sync start ===
2026-07-06 01:20:05,965 INFO MCP session initialized (id=9c384163-2f7d-47aa-8349-160870c36dd3)
2026-07-06 01:20:07,569 INFO Found folder 'Kindle Scribe' (ID: 1C38JFsUTRYHHimqlQwpoRka0Zi1QJKq6)
2026-07-06 01:20:08,780 INFO Found 0 w-termine files in folder
2026-07-06 01:20:08,781 INFO No new w-termine files found
2026-07-06 01:20:08,795 INFO === scribe_sync end ===
2026-07-06 01:30:01,453 INFO === scribe_sync start ===
2026-07-06 01:30:04,009 INFO MCP session initialized (id=9cd774a6-8375-4427-825d-a4b1f2db54a8)
2026-07-06 01:30:05,793 INFO Found folder 'Kindle Scribe' (ID: 1C38JFsUTRYHHimqlQwpoRka0Zi1QJKq6)
2026-07-06 01:30:07,242 INFO Found 0 w-termine files in folder
2026-07-06 01:30:07,243 INFO No new w-termine files found
2026-07-06 01:30:07,250 INFO === scribe_sync end ===
2026-07-06 01:40:01,529 INFO === scribe_sync start ===
2026-07-06 01:40:02,858 INFO MCP session initialized (id=5bcfeb4a-e0cf-414a-bb0f-de93b2e969e6)
2026-07-06 01:40:05,597 INFO Found folder 'Kindle Scribe' (ID: 1C38JFsUTRYHHimqlQwpoRka0Zi1QJKq6)
2026-07-06 01:40:06,815 INFO Found 0 w-termine files in folder
2026-07-06 01:40:06,819 INFO No new w-termine files found
2026-07-06 01:40:06,825 INFO === scribe_sync end ===
2026-07-06 01:50:02,855 INFO === scribe_sync start ===
2026-07-06 01:50:04,360 INFO MCP session initialized (id=1b73e811-8eb7-4202-b8d4-13ee396a2fa1)
2026-07-06 01:50:05,589 INFO Found folder 'Kindle Scribe' (ID: 1C38JFsUTRYHHimqlQwpoRka0Zi1QJKq6)
2026-07-06 01:50:06,940 INFO Found 0 w-termine files in folder
2026-07-06 01:50:06,941 INFO No new w-termine files found
2026-07-06 01:50:06,944 INFO === scribe_sync end ===
2026-07-06 02:00:01,208 INFO === scribe_sync start ===
2026-07-06 02:00:32,757 INFO MCP session initialized (id=9a9f394d-b57a-48f4-8a06-7a117887c82f)
2026-07-06 02:00:34,267 INFO Found folder 'Kindle Scribe' (ID: 1C38JFsUTRYHHimqlQwpoRka0Zi1QJKq6)
2026-07-06 02:00:35,609 INFO Found 0 w-termine files in folder
2026-07-06 02:00:35,610 INFO No new w-termine files found
2026-07-06 02:00:35,613 INFO === scribe_sync end ===
2026-07-06 02:10:01,421 INFO === scribe_sync start ===
2026-07-06 02:10:02,977 INFO MCP session initialized (id=4e2c64d4-d685-4ec1-af89-2721c08f437f)
2026-07-06 02:10:04,192 INFO Found folder 'Kindle Scribe' (ID: 1C38JFsUTRYHHimqlQwpoRka0Zi1QJKq6)
2026-07-06 02:10:05,607 INFO Found 0 w-termine files in folder
2026-07-06 02:10:05,607 INFO No new w-termine files found
2026-07-06 02:10:05,646 INFO === scribe_sync end ===
2026-07-06 02:20:01,410 INFO === scribe_sync start ===
2026-07-06 02:20:03,028 INFO MCP session initialized (id=e16b28a6-6d7b-4c1a-b02f-8b7429c09178)
2026-07-06 02:20:04,637 INFO Found folder 'Kindle Scribe' (ID: 1C38JFsUTRYHHimqlQwpoRka0Zi1QJKq6)
2026-07-06 02:20:05,894 INFO Found 0 w-termine files in folder
2026-07-06 02:20:05,894 INFO No new w-termine files found
2026-07-06 02:20:05,911 INFO === scribe_sync end ===
2026-07-06 02:30:01,599 INFO === scribe_sync start ===
2026-07-06 02:30:03,103 INFO MCP session initialized (id=8b97733d-f08e-424b-bfc1-aae50ca46352)
2026-07-06 02:30:04,448 INFO Found folder 'Kindle Scribe' (ID: 1C38JFsUTRYHHimqlQwpoRka0Zi1QJKq6)
2026-07-06 02:30:05,777 INFO Found 0 w-termine files in folder
2026-07-06 02:30:05,777 INFO No new w-termine files found
2026-07-06 02:30:05,791 INFO === scribe_sync end ===
2026-07-06 02:40:03,176 INFO === scribe_sync start ===
2026-07-06 02:40:04,839 INFO MCP session initialized (id=afd2f984-a639-49ff-a602-777482cb403c)
2026-07-06 02:40:06,271 INFO Found folder 'Kindle Scribe' (ID: 1C38JFsUTRYHHimqlQwpoRka0Zi1QJKq6)
2026-07-06 02:40:07,663 INFO Found 0 w-termine files in folder
2026-07-06 02:40:07,668 INFO No new w-termine files found
2026-07-06 02:40:07,718 INFO === scribe_sync end ===
2026-07-06 02:50:01,153 INFO === scribe_sync start ===
2026-07-06 02:50:02,706 INFO MCP session initialized (id=e6c27218-129c-4a47-bd18-ceaf72fcfb85)
2026-07-06 02:50:04,015 INFO Found folder 'Kindle Scribe' (ID: 1C38JFsUTRYHHimqlQwpoRka0Zi1QJKq6)
2026-07-06 02:50:05,823 INFO Found 0 w-termine files in folder
2026-07-06 02:50:05,823 INFO No new w-termine files found
2026-07-06 02:50:05,826 INFO === scribe_sync end ===
2026-07-06 03:00:01,921 INFO === scribe_sync start ===
2026-07-06 03:00:08,277 INFO MCP session initialized (id=7d95c61e-9341-4c09-986b-d26c3ea1b534)
2026-07-06 03:00:10,145 INFO Found folder 'Kindle Scribe' (ID: 1C38JFsUTRYHHimqlQwpoRka0Zi1QJKq6)
2026-07-06 03:00:11,853 INFO Found 0 w-termine files in folder
2026-07-06 03:00:11,853 INFO No new w-termine files found
2026-07-06 03:00:11,863 INFO === scribe_sync end ===
2026-07-06 03:10:01,527 INFO === scribe_sync start ===
2026-07-06 03:10:03,131 INFO MCP session initialized (id=c257f717-b55c-411b-8ec6-634a4a61900e)
2026-07-06 03:10:04,578 INFO Found folder 'Kindle Scribe' (ID: 1C38JFsUTRYHHimqlQwpoRka0Zi1QJKq6)
2026-07-06 03:10:05,915 INFO Found 0 w-termine files in folder
2026-07-06 03:10:05,918 INFO No new w-termine files found
2026-07-06 03:10:05,968 INFO === scribe_sync end ===
2026-07-06 03:20:01,281 INFO === scribe_sync start ===
2026-07-06 03:20:02,892 INFO MCP session initialized (id=30aa122f-e6ed-4619-8c7f-1038412d5904)
2026-07-06 03:20:04,241 INFO Found folder 'Kindle Scribe' (ID: 1C38JFsUTRYHHimqlQwpoRka0Zi1QJKq6)
2026-07-06 03:20:05,473 INFO Found 0 w-termine files in folder
2026-07-06 03:20:05,474 INFO No new w-termine files found
2026-07-06 03:20:05,481 INFO === scribe_sync end ===
2026-07-06 03:30:02,156 INFO === scribe_sync start ===
2026-07-06 03:30:04,051 INFO MCP session initialized (id=c78f20b3-2eca-4274-ad64-e81413f0956e)
2026-07-06 03:30:05,470 INFO Found folder 'Kindle Scribe' (ID: 1C38JFsUTRYHHimqlQwpoRka0Zi1QJKq6)
2026-07-06 03:30:06,748 INFO Found 0 w-termine files in folder
2026-07-06 03:30:06,749 INFO No new w-termine files found
2026-07-06 03:30:06,756 INFO === scribe_sync end ===
2026-07-06 03:40:01,938 INFO === scribe_sync start ===
2026-07-06 03:40:03,291 INFO MCP session initialized (id=46f7afbc-62f3-404e-becd-21af2cda9377)
2026-07-06 03:40:04,713 INFO Found folder 'Kindle Scribe' (ID: 1C38JFsUTRYHHimqlQwpoRka0Zi1QJKq6)
2026-07-06 03:40:06,089 INFO Found 0 w-termine files in folder
2026-07-06 03:40:06,089 INFO No new w-termine files found
2026-07-06 03:40:06,108 INFO === scribe_sync end ===
2026-07-06 03:50:02,407 INFO === scribe_sync start ===
2026-07-06 03:50:04,488 INFO MCP session initialized (id=9736426c-9c95-4465-8146-57f432e01fd1)
2026-07-06 03:50:05,942 INFO Found folder 'Kindle Scribe' (ID: 1C38JFsUTRYHHimqlQwpoRka0Zi1QJKq6)
2026-07-06 03:50:07,184 INFO Found 0 w-termine files in folder
2026-07-06 03:50:07,184 INFO No new w-termine files found
2026-07-06 03:50:07,186 INFO === scribe_sync end ===
2026-07-06 04:00:02,253 INFO === scribe_sync start ===
2026-07-06 04:00:08,961 INFO MCP session initialized (id=9a512001-471e-487b-aa25-8220b1565eda)
2026-07-06 04:00:10,469 INFO Found folder 'Kindle Scribe' (ID: 1C38JFsUTRYHHimqlQwpoRka0Zi1QJKq6)
2026-07-06 04:00:13,365 INFO Found 0 w-termine files in folder
2026-07-06 04:00:13,366 INFO No new w-termine files found
2026-07-06 04:00:13,372 INFO === scribe_sync end ===
2026-07-06 04:10:01,895 INFO === scribe_sync start ===
2026-07-06 04:10:04,404 INFO MCP session initialized (id=a5a19698-799a-44c1-b0ba-566ffb6a52e3)
2026-07-06 04:10:05,611 INFO Found folder 'Kindle Scribe' (ID: 1C38JFsUTRYHHimqlQwpoRka0Zi1QJKq6)
2026-07-06 04:10:06,969 INFO Found 0 w-termine files in folder
2026-07-06 04:10:06,970 INFO No new w-termine files found
2026-07-06 04:10:06,977 INFO === scribe_sync end ===
2026-07-06 04:20:01,353 INFO === scribe_sync start ===
2026-07-06 04:20:03,695 INFO MCP session initialized (id=f46927f8-2f2f-4e28-84f1-99bf870b177a)
2026-07-06 04:20:05,102 INFO Found folder 'Kindle Scribe' (ID: 1C38JFsUTRYHHimqlQwpoRka0Zi1QJKq6)
2026-07-06 04:20:06,271 INFO Found 0 w-termine files in folder
2026-07-06 04:20:06,271 INFO No new w-termine files found
2026-07-06 04:20:06,321 INFO === scribe_sync end ===
2026-07-06 04:30:02,000 INFO === scribe_sync start ===
2026-07-06 04:30:03,379 INFO MCP session initialized (id=569061bc-4901-406b-a26a-e597368e329a)
2026-07-06 04:30:04,793 INFO Found folder 'Kindle Scribe' (ID: 1C38JFsUTRYHHimqlQwpoRka0Zi1QJKq6)
2026-07-06 04:30:06,033 INFO Found 0 w-termine files in folder
2026-07-06 04:30:06,034 INFO No new w-termine files found
2026-07-06 04:30:06,036 INFO === scribe_sync end ===
2026-07-06 04:40:02,008 INFO === scribe_sync start ===
2026-07-06 04:40:03,641 INFO MCP session initialized (id=da5ca5ed-ea2b-4751-954c-4c3464002313)
2026-07-06 04:40:05,053 INFO Found folder 'Kindle Scribe' (ID: 1C38JFsUTRYHHimqlQwpoRka0Zi1QJKq6)
2026-07-06 04:40:06,703 INFO Found 0 w-termine files in folder
2026-07-06 04:40:06,704 INFO No new w-termine files found
2026-07-06 04:40:06,706 INFO === scribe_sync end ===
2026-07-06 04:50:02,019 INFO === scribe_sync start ===
2026-07-06 04:50:03,442 INFO MCP session initialized (id=bc828276-a6ec-45c9-8062-0d07d4f75b30)
2026-07-06 04:50:04,762 INFO Found folder 'Kindle Scribe' (ID: 1C38JFsUTRYHHimqlQwpoRka0Zi1QJKq6)
2026-07-06 04:50:05,949 INFO Found 0 w-termine files in folder
2026-07-06 04:50:05,949 INFO No new w-termine files found
2026-07-06 04:50:05,954 INFO === scribe_sync end ===
2026-07-06 05:00:01,313 INFO === scribe_sync start ===
2026-07-06 05:00:03,453 INFO MCP session initialized (id=8d93a729-1e6f-47c4-b57e-d674157bb878)
2026-07-06 05:00:05,066 INFO Found folder 'Kindle Scribe' (ID: 1C38JFsUTRYHHimqlQwpoRka0Zi1QJKq6)
2026-07-06 05:00:06,674 INFO Found 0 w-termine files in folder
2026-07-06 05:00:06,674 INFO No new w-termine files found
2026-07-06 05:00:06,689 INFO === scribe_sync end ===
2026-07-06 05:10:02,307 INFO === scribe_sync start ===
2026-07-06 05:10:03,758 INFO MCP session initialized (id=15d35156-d8d6-4989-b734-f3b9d8ad09ac)
2026-07-06 05:10:05,105 INFO Found folder 'Kindle Scribe' (ID: 1C38JFsUTRYHHimqlQwpoRka0Zi1QJKq6)
2026-07-06 05:10:06,400 INFO Found 0 w-termine files in folder
2026-07-06 05:10:06,400 INFO No new w-termine files found
2026-07-06 05:10:06,403 INFO === scribe_sync end ===
2026-07-06 05:20:01,602 INFO === scribe_sync start ===
2026-07-06 05:20:03,412 INFO MCP session initialized (id=662708fd-07ef-4e91-9d69-b35424f4b55f)
2026-07-06 05:20:05,835 INFO Found folder 'Kindle Scribe' (ID: 1C38JFsUTRYHHimqlQwpoRka0Zi1QJKq6)
2026-07-06 05:20:06,997 INFO Found 0 w-termine files in folder
2026-07-06 05:20:06,997 INFO No new w-termine files found
2026-07-06 05:20:07,000 INFO === scribe_sync end ===
2026-07-06 05:30:02,032 INFO === scribe_sync start ===
2026-07-06 05:30:03,894 INFO MCP session initialized (id=8f83a872-fd14-407e-8bc3-551970d6e550)
2026-07-06 05:30:05,270 INFO Found folder 'Kindle Scribe' (ID: 1C38JFsUTRYHHimqlQwpoRka0Zi1QJKq6)
2026-07-06 05:30:06,717 INFO Found 0 w-termine files in folder
2026-07-06 05:30:06,717 INFO No new w-termine files found
2026-07-06 05:30:06,729 INFO === scribe_sync end ===
2026-07-06 05:40:01,401 INFO === scribe_sync start ===
2026-07-06 05:40:02,771 INFO MCP session initialized (id=1f30ba2f-0aff-4b1c-ab25-6a5349ab6d2d)
2026-07-06 05:40:04,033 INFO Found folder 'Kindle Scribe' (ID: 1C38JFsUTRYHHimqlQwpoRka0Zi1QJKq6)
2026-07-06 05:40:05,169 INFO Found 0 w-termine files in folder
2026-07-06 05:40:05,169 INFO No new w-termine files found
2026-07-06 05:40:05,173 INFO === scribe_sync end ===
2026-07-06 05:50:02,141 INFO === scribe_sync start ===
2026-07-06 05:50:05,712 INFO MCP session initialized (id=e2767922-57e2-494b-9762-7f0e74e61000)
2026-07-06 05:50:07,068 INFO Found folder 'Kindle Scribe' (ID: 1C38JFsUTRYHHimqlQwpoRka0Zi1QJKq6)
2026-07-06 05:50:08,955 INFO Found 0 w-termine files in folder
2026-07-06 05:50:08,955 INFO No new w-termine files found
2026-07-06 05:50:08,957 INFO === scribe_sync end ===
2026-07-06 06:00:02,111 INFO === scribe_sync start ===
2026-07-06 06:00:03,644 INFO MCP session initialized (id=1e44ce58-a5a9-4ef4-b63b-ff269933b884)
2026-07-06 06:00:05,084 INFO Found folder 'Kindle Scribe' (ID: 1C38JFsUTRYHHimqlQwpoRka0Zi1QJKq6)
2026-07-06 06:00:07,060 INFO Found 0 w-termine files in folder
2026-07-06 06:00:07,061 INFO No new w-termine files found
2026-07-06 06:00:07,066 INFO === scribe_sync end ===
2026-07-06 06:10:01,637 INFO === scribe_sync start ===
2026-07-06 06:10:03,864 INFO MCP session initialized (id=9269c53c-ce36-4e4f-ada6-770835c5977d)
2026-07-06 06:10:06,099 INFO Found folder 'Kindle Scribe' (ID: 1C38JFsUTRYHHimqlQwpoRka0Zi1QJKq6)
2026-07-06 06:10:07,525 INFO Found 0 w-termine files in folder
2026-07-06 06:10:07,525 INFO No new w-termine files found
2026-07-06 06:10:07,576 INFO === scribe_sync end ===
2026-07-06 06:20:01,407 INFO === scribe_sync start ===
2026-07-06 06:20:03,192 INFO MCP session initialized (id=10ed98ca-40dc-4b69-aef5-d01ff8fe6f4e)
2026-07-06 06:20:04,654 INFO Found folder 'Kindle Scribe' (ID: 1C38JFsUTRYHHimqlQwpoRka0Zi1QJKq6)
2026-07-06 06:20:05,835 INFO Found 0 w-termine files in folder
2026-07-06 06:20:05,835 INFO No new w-termine files found
2026-07-06 06:20:05,837 INFO === scribe_sync end ===
2026-07-06 06:30:01,954 INFO === scribe_sync start ===
2026-07-06 06:30:32,571 ERROR Unexpected error: HTTPSConnectionPool(host='connect.composio.dev', port=443): Read timed out. (read timeout=30)
Traceback (most recent call last):
  File "/usr/local/lib/python3.12/dist-packages/urllib3/connectionpool.py", line 464, in _make_request
    self._validate_conn(conn)
  File "/usr/local/lib/python3.12/dist-packages/urllib3/connectionpool.py", line 1093, in _validate_conn
    conn.connect()
  File "/usr/local/lib/python3.12/dist-packages/urllib3/connection.py", line 796, in connect
    sock_and_verified = _ssl_wrap_socket_and_match_hostname(
                        ^^^^^^^^^^^^^^^^^^^^^^^^^^^^^^^^^^^^
  File "/usr/local/lib/python3.12/dist-packages/urllib3/connection.py", line 975, in _ssl_wrap_socket_and_match_hostname
    ssl_sock = ssl_wrap_socket(
               ^^^^^^^^^^^^^^^^
  File "/usr/local/lib/python3.12/dist-packages/urllib3/util/ssl_.py", line 483, in ssl_wrap_socket
    ssl_sock = _ssl_wrap_socket_impl(sock, context, tls_in_tls, server_hostname)
               ^^^^^^^^^^^^^^^^^^^^^^^^^^^^^^^^^^^^^^^^^^^^^^^^^^^^^^^^^^^^^^^^^
  File "/usr/local/lib/python3.12/dist-packages/urllib3/util/ssl_.py", line 527, in _ssl_wrap_socket_impl
    return ssl_context.wrap_socket(sock, server_hostname=server_hostname)
           ^^^^^^^^^^^^^^^^^^^^^^^^^^^^^^^^^^^^^^^^^^^^^^^^^^^^^^^^^^^^^^
  File "/usr/lib/python3.12/ssl.py", line 455, in wrap_socket
    return self.sslsocket_class._create(
           ^^^^^^^^^^^^^^^^^^^^^^^^^^^^^
  File "/usr/lib/python3.12/ssl.py", line 1042, in _create
    self.do_handshake()
  File "/usr/lib/python3.12/ssl.py", line 1320, in do_handshake
    self._sslobj.do_handshake()
TimeoutError: _ssl.c:983: The handshake operation timed out

The above exception was the direct cause of the following exception:

Traceback (most recent call last):
  File "/usr/local/lib/python3.12/dist-packages/requests/adapters.py", line 696, in send
    resp = conn.urlopen(
           ^^^^^^^^^^^^^
  File "/usr/local/lib/python3.12/dist-packages/urllib3/connectionpool.py", line 841, in urlopen
    retries = retries.increment(
              ^^^^^^^^^^^^^^^^^^
  File "/usr/local/lib/python3.12/dist-packages/urllib3/util/retry.py", line 490, in increment
    raise reraise(type(error), error, _stacktrace)
          ^^^^^^^^^^^^^^^^^^^^^^^^^^^^^^^^^^^^^^^^
  File "/usr/local/lib/python3.12/dist-packages/urllib3/util/util.py", line 39, in reraise
    raise value
  File "/usr/local/lib/python3.12/dist-packages/urllib3/connectionpool.py", line 787, in urlopen
    response = self._make_request(
               ^^^^^^^^^^^^^^^^^^^
  File "/usr/local/lib/python3.12/dist-packages/urllib3/connectionpool.py", line 488, in _make_request
    raise new_e
  File "/usr/local/lib/python3.12/dist-packages/urllib3/connectionpool.py", line 466, in _make_request
    self._raise_timeout(err=e, url=url, timeout_value=conn.timeout)
  File "/usr/local/lib/python3.12/dist-packages/urllib3/connectionpool.py", line 367, in _raise_timeout
    raise ReadTimeoutError(
urllib3.exceptions.ReadTimeoutError: HTTPSConnectionPool(host='connect.composio.dev', port=443): Read timed out. (read timeout=30)

During handling of the above exception, another exception occurred:

Traceback (most recent call last):
  File "/root/.local/.openclaw/workspace/scribe/scribe_sync.py", line 605, in main
    process_files()
  File "/root/.local/.openclaw/workspace/scribe/scribe_sync.py", line 518, in process_files
    mcp = MCPClient(MCP_URL, str(OAUTH_FILE))
          ^^^^^^^^^^^^^^^^^^^^^^^^^^^^^^^^^^^
  File "/root/.local/.openclaw/workspace/scribe/scribe_sync.py", line 75, in __init__
    self._initialize()
  File "/root/.local/.openclaw/workspace/scribe/scribe_sync.py", line 108, in _initialize
    r = self.session.post(self.url, json=req, timeout=30)
        ^^^^^^^^^^^^^^^^^^^^^^^^^^^^^^^^^^^^^^^^^^^^^^^^^
  File "/usr/local/lib/python3.12/dist-packages/requests/sessions.py", line 712, in post
    return self.request("POST", url, data=data, json=json, **kwargs)
           ^^^^^^^^^^^^^^^^^^^^^^^^^^^^^^^^^^^^^^^^^^^^^^^^^^^^^^^^^
  File "/usr/local/lib/python3.12/dist-packages/requests/sessions.py", line 651, in request
    resp = self.send(prep, **send_kwargs)
           ^^^^^^^^^^^^^^^^^^^^^^^^^^^^^^
  File "/usr/local/lib/python3.12/dist-packages/requests/sessions.py", line 784, in send
    r = adapter.send(request, **kwargs)
        ^^^^^^^^^^^^^^^^^^^^^^^^^^^^^^^
  File "/usr/local/lib/python3.12/dist-packages/requests/adapters.py", line 742, in send
    raise ReadTimeout(e, request=request)
requests.exceptions.ReadTimeout: HTTPSConnectionPool(host='connect.composio.dev', port=443): Read timed out. (read timeout=30)
2026-07-06 06:30:32,629 INFO === scribe_sync end ===
2026-07-06 06:40:02,377 INFO === scribe_sync start ===
2026-07-06 06:40:03,998 INFO MCP session initialized (id=8c69682d-5baf-4053-a6bf-e464c197589e)
2026-07-06 06:40:05,381 INFO Found folder 'Kindle Scribe' (ID: 1C38JFsUTRYHHimqlQwpoRka0Zi1QJKq6)
2026-07-06 06:40:06,636 INFO Found 0 w-termine files in folder
2026-07-06 06:40:06,636 INFO No new w-termine files found
2026-07-06 06:40:06,653 INFO === scribe_sync end ===
2026-07-06 06:50:01,601 INFO === scribe_sync start ===
2026-07-06 06:50:03,438 INFO MCP session initialized (id=17625e44-e6e7-4332-b566-8fcdbbe74803)
2026-07-06 06:50:04,842 INFO Found folder 'Kindle Scribe' (ID: 1C38JFsUTRYHHimqlQwpoRka0Zi1QJKq6)
2026-07-06 06:50:06,042 INFO Found 0 w-termine files in folder
2026-07-06 06:50:06,046 INFO No new w-termine files found
2026-07-06 06:50:06,056 INFO === scribe_sync end ===
2026-07-06 07:00:02,257 INFO === scribe_sync start ===
2026-07-06 07:00:04,247 INFO MCP session initialized (id=e9aa1ad3-49a5-4cc8-bdcd-f249c7421ef6)
2026-07-06 07:00:06,619 INFO Found folder 'Kindle Scribe' (ID: 1C38JFsUTRYHHimqlQwpoRka0Zi1QJKq6)
2026-07-06 07:00:07,889 INFO Found 0 w-termine files in folder
2026-07-06 07:00:07,889 INFO No new w-termine files found
2026-07-06 07:00:07,894 INFO === scribe_sync end ===
2026-07-06 07:10:02,133 INFO === scribe_sync start ===
2026-07-06 07:10:03,713 INFO MCP session initialized (id=dfb2d535-f8b9-4782-9b58-9e21c58207b3)
2026-07-06 07:10:05,192 INFO Found folder 'Kindle Scribe' (ID: 1C38JFsUTRYHHimqlQwpoRka0Zi1QJKq6)
2026-07-06 07:10:07,202 INFO Found 0 w-termine files in folder
2026-07-06 07:10:07,203 INFO No new w-termine files found
2026-07-06 07:10:07,204 INFO === scribe_sync end ===
2026-07-06 07:20:01,900 INFO === scribe_sync start ===
2026-07-06 07:20:03,133 INFO MCP session initialized (id=da8a21df-54bd-4520-bd50-ad2f35a712f5)
2026-07-06 07:20:04,701 INFO Found folder 'Kindle Scribe' (ID: 1C38JFsUTRYHHimqlQwpoRka0Zi1QJKq6)
2026-07-06 07:20:05,879 INFO Found 0 w-termine files in folder
2026-07-06 07:20:05,879 INFO No new w-termine files found
2026-07-06 07:20:05,893 INFO === scribe_sync end ===
2026-07-06 07:30:01,892 INFO === scribe_sync start ===
2026-07-06 07:30:03,753 INFO MCP session initialized (id=542a2370-6f26-4eb6-a374-fe99e4172011)
2026-07-06 07:30:05,452 INFO Found folder 'Kindle Scribe' (ID: 1C38JFsUTRYHHimqlQwpoRka0Zi1QJKq6)
2026-07-06 07:30:06,787 INFO Found 0 w-termine files in folder
2026-07-06 07:30:06,787 INFO No new w-termine files found
2026-07-06 07:30:06,789 INFO === scribe_sync end ===
2026-07-06 07:40:01,545 INFO === scribe_sync start ===
2026-07-06 07:40:02,852 INFO MCP session initialized (id=dfc37ebe-ad36-4e04-97dd-9528353f7084)
2026-07-06 07:40:04,107 INFO Found folder 'Kindle Scribe' (ID: 1C38JFsUTRYHHimqlQwpoRka0Zi1QJKq6)
2026-07-06 07:40:05,389 INFO Found 0 w-termine files in folder
2026-07-06 07:40:05,390 INFO No new w-termine files found
2026-07-06 07:40:05,451 INFO === scribe_sync end ===
2026-07-06 07:50:02,186 INFO === scribe_sync start ===
2026-07-06 07:50:04,358 INFO MCP session initialized (id=2bd27dcb-6854-4065-9634-1bd5c41902d8)
2026-07-06 07:50:06,149 INFO Found folder 'Kindle Scribe' (ID: 1C38JFsUTRYHHimqlQwpoRka0Zi1QJKq6)
2026-07-06 07:50:07,417 INFO Found 0 w-termine files in folder
2026-07-06 07:50:07,419 INFO No new w-termine files found
2026-07-06 07:50:07,428 INFO === scribe_sync end ===
2026-07-06 08:00:01,626 INFO === scribe_sync start ===
2026-07-06 08:00:06,710 INFO MCP session initialized (id=38675ec8-a51c-4afd-8441-584ef1587885)
2026-07-06 08:00:08,471 INFO Found folder 'Kindle Scribe' (ID: 1C38JFsUTRYHHimqlQwpoRka0Zi1QJKq6)
2026-07-06 08:00:10,177 INFO Found 0 w-termine files in folder
2026-07-06 08:00:10,177 INFO No new w-termine files found
2026-07-06 08:00:10,180 INFO === scribe_sync end ===
2026-07-06 08:10:02,123 INFO === scribe_sync start ===
2026-07-06 08:10:03,875 INFO MCP session initialized (id=fac77422-7d10-4f42-bc4f-02c70e548eac)
2026-07-06 08:10:06,136 INFO Found folder 'Kindle Scribe' (ID: 1C38JFsUTRYHHimqlQwpoRka0Zi1QJKq6)
2026-07-06 08:10:08,019 INFO Found 0 w-termine files in folder
2026-07-06 08:10:08,019 INFO No new w-termine files found
2026-07-06 08:10:08,065 INFO === scribe_sync end ===
2026-07-06 08:20:01,300 INFO === scribe_sync start ===
2026-07-06 08:20:03,300 INFO MCP session initialized (id=075b62c7-4ca2-4572-9593-3d797b1cd249)
2026-07-06 08:20:05,321 INFO Found folder 'Kindle Scribe' (ID: 1C38JFsUTRYHHimqlQwpoRka0Zi1QJKq6)
2026-07-06 08:20:06,725 INFO Found 0 w-termine files in folder
2026-07-06 08:20:06,725 INFO No new w-termine files found
2026-07-06 08:20:06,729 INFO === scribe_sync end ===
2026-07-06 08:30:02,254 INFO === scribe_sync start ===
2026-07-06 08:30:03,558 INFO MCP session initialized (id=08ac9895-7ace-492e-ae82-bde3540f5c17)
2026-07-06 08:30:05,020 INFO Found folder 'Kindle Scribe' (ID: 1C38JFsUTRYHHimqlQwpoRka0Zi1QJKq6)
2026-07-06 08:30:06,547 INFO Found 0 w-termine files in folder
2026-07-06 08:30:06,550 INFO No new w-termine files found
2026-07-06 08:30:06,558 INFO === scribe_sync end ===
2026-07-06 08:40:02,133 INFO === scribe_sync start ===
2026-07-06 08:40:03,499 INFO MCP session initialized (id=8bae5f29-c883-4b51-a5ec-545750755e3d)
2026-07-06 08:40:04,769 INFO Found folder 'Kindle Scribe' (ID: 1C38JFsUTRYHHimqlQwpoRka0Zi1QJKq6)
2026-07-06 08:40:06,098 INFO Found 0 w-termine files in folder
2026-07-06 08:40:06,102 INFO No new w-termine files found
2026-07-06 08:40:06,110 INFO === scribe_sync end ===
2026-07-06 08:50:01,319 INFO === scribe_sync start ===
2026-07-06 08:50:44,265 INFO MCP session initialized (id=70f4f437-e5ad-4839-aaa2-c0a4329984f4)
2026-07-06 08:50:45,540 INFO Found folder 'Kindle Scribe' (ID: 1C38JFsUTRYHHimqlQwpoRka0Zi1QJKq6)
2026-07-06 08:50:46,896 INFO Found 0 w-termine files in folder
2026-07-06 08:50:46,897 INFO No new w-termine files found
2026-07-06 08:50:46,898 INFO === scribe_sync end ===
2026-07-06 09:00:02,130 INFO === scribe_sync start ===
2026-07-06 09:00:04,605 INFO MCP session initialized (id=7b047d8f-b8e5-4b49-a6d5-bcff8da272fe)
2026-07-06 09:00:05,988 INFO Found folder 'Kindle Scribe' (ID: 1C38JFsUTRYHHimqlQwpoRka0Zi1QJKq6)
2026-07-06 09:00:07,238 INFO Found 0 w-termine files in folder
2026-07-06 09:00:07,239 INFO No new w-termine files found
2026-07-06 09:00:07,244 INFO === scribe_sync end ===
2026-07-06 09:10:02,181 INFO === scribe_sync start ===
2026-07-06 09:10:23,155 INFO MCP session initialized (id=62be4320-0aab-4e0c-8d25-81223dc005f9)
2026-07-06 09:10:24,902 INFO Found folder 'Kindle Scribe' (ID: 1C38JFsUTRYHHimqlQwpoRka0Zi1QJKq6)
2026-07-06 09:10:26,099 INFO Found 0 w-termine files in folder
2026-07-06 09:10:26,100 INFO No new w-termine files found
2026-07-06 09:10:26,125 INFO === scribe_sync end ===
2026-07-06 09:20:01,690 INFO === scribe_sync start ===
2026-07-06 09:20:03,504 INFO MCP session initialized (id=702293e4-32ce-4661-82ca-5c4738ae8ac0)
2026-07-06 09:20:06,015 INFO Found folder 'Kindle Scribe' (ID: 1C38JFsUTRYHHimqlQwpoRka0Zi1QJKq6)
2026-07-06 09:20:07,446 INFO Found 0 w-termine files in folder
2026-07-06 09:20:07,447 INFO No new w-termine files found
2026-07-06 09:20:07,518 INFO === scribe_sync end ===
2026-07-06 09:30:02,359 INFO === scribe_sync start ===
2026-07-06 09:30:04,945 INFO MCP session initialized (id=654e6fbf-22dc-43e4-be7b-115e52b01643)
2026-07-06 09:30:06,458 INFO Found folder 'Kindle Scribe' (ID: 1C38JFsUTRYHHimqlQwpoRka0Zi1QJKq6)
2026-07-06 09:30:07,778 INFO Found 0 w-termine files in folder
2026-07-06 09:30:07,779 INFO No new w-termine files found
2026-07-06 09:30:07,781 INFO === scribe_sync end ===
2026-07-06 09:33:39,808 INFO === scribe_sync start ===
2026-07-06 09:33:41,107 INFO MCP session initialized (id=2a5bec3c-2ea5-4161-8eaf-bd3efc229eae)
2026-07-06 09:33:42,587 INFO Found folder 'Kindle Scribe' (ID: 1C38JFsUTRYHHimqlQwpoRka0Zi1QJKq6)
2026-07-06 09:33:44,239 INFO Found 0 w-termine files in folder
2026-07-06 09:33:44,240 INFO No new w-termine files found
2026-07-06 09:33:44,243 INFO === scribe_sync end ===
2026-07-06 09:40:02,357 INFO === scribe_sync start ===
2026-07-06 09:40:03,971 INFO MCP session initialized (id=397b1801-d05f-47c0-9052-c28275e7a5d7)
2026-07-06 09:40:05,466 INFO Found folder 'Kindle Scribe' (ID: 1C38JFsUTRYHHimqlQwpoRka0Zi1QJKq6)
2026-07-06 09:40:06,758 INFO Found 0 w-termine files in folder
2026-07-06 09:40:06,758 INFO No new w-termine files found
2026-07-06 09:40:06,799 INFO === scribe_sync end ===
2026-07-06 09:50:02,414 INFO === scribe_sync start ===
2026-07-06 09:50:03,827 INFO MCP session initialized (id=f239ae9c-aea0-4b78-b477-dcaf29c27dc7)
2026-07-06 09:50:05,171 INFO Found folder 'Kindle Scribe' (ID: 1C38JFsUTRYHHimqlQwpoRka0Zi1QJKq6)
2026-07-06 09:50:06,747 INFO Found 0 w-termine files in folder
2026-07-06 09:50:06,747 INFO No new w-termine files found
2026-07-06 09:50:06,750 INFO === scribe_sync end ===
2026-07-06 10:00:02,141 INFO === scribe_sync start ===
2026-07-06 10:00:05,600 INFO MCP session initialized (id=3ff5ed4f-e76f-4c0d-b23e-fc18635af71d)
2026-07-06 10:00:07,252 INFO Found folder 'Kindle Scribe' (ID: 1C38JFsUTRYHHimqlQwpoRka0Zi1QJKq6)
2026-07-06 10:00:08,577 INFO Found 0 w-termine files in folder
2026-07-06 10:00:08,578 INFO No new w-termine files found
2026-07-06 10:00:08,581 INFO === scribe_sync end ===
2026-07-06 10:10:01,587 INFO === scribe_sync start ===
2026-07-06 10:10:25,685 INFO MCP session initialized (id=138ed81f-523c-4b6c-a61c-fbf452bea30f)
2026-07-06 10:10:28,187 INFO Found folder 'Kindle Scribe' (ID: 1C38JFsUTRYHHimqlQwpoRka0Zi1QJKq6)
2026-07-06 10:10:29,565 INFO Found 0 w-termine files in folder
2026-07-06 10:10:29,565 INFO No new w-termine files found
2026-07-06 10:10:29,572 INFO === scribe_sync end ===
2026-07-06 10:20:01,555 INFO === scribe_sync start ===
2026-07-06 10:20:02,960 INFO MCP session initialized (id=fb48ebd1-4607-4643-9110-d6c17806f087)
2026-07-06 10:20:04,197 INFO Found folder 'Kindle Scribe' (ID: 1C38JFsUTRYHHimqlQwpoRka0Zi1QJKq6)
2026-07-06 10:20:05,704 INFO Found 0 w-termine files in folder
2026-07-06 10:20:05,704 INFO No new w-termine files found
2026-07-06 10:20:05,709 INFO === scribe_sync end ===
2026-07-06 10:30:01,987 INFO === scribe_sync start ===
2026-07-06 10:30:03,991 INFO MCP session initialized (id=045aa3a2-29b3-4a02-ae5d-6f9aa188bbb8)
2026-07-06 10:30:10,258 INFO Found folder 'Kindle Scribe' (ID: 1C38JFsUTRYHHimqlQwpoRka0Zi1QJKq6)
2026-07-06 10:30:11,712 INFO Found 0 w-termine files in folder
2026-07-06 10:30:11,713 INFO No new w-termine files found
2026-07-06 10:30:11,716 INFO === scribe_sync end ===
2026-07-06 10:40:02,351 INFO === scribe_sync start ===
2026-07-06 10:40:04,003 INFO MCP session initialized (id=1714c37e-fbf2-4fea-bf32-86b664aea4cc)
2026-07-06 10:40:05,340 INFO Found folder 'Kindle Scribe' (ID: 1C38JFsUTRYHHimqlQwpoRka0Zi1QJKq6)
2026-07-06 10:40:06,508 INFO Found 0 w-termine files in folder
2026-07-06 10:40:06,509 INFO No new w-termine files found
2026-07-06 10:40:06,514 INFO === scribe_sync end ===
2026-07-06 10:50:01,646 INFO === scribe_sync start ===
2026-07-06 10:50:03,111 INFO MCP session initialized (id=d14236c6-251a-4ea6-ae51-df052e7ac85d)
2026-07-06 10:50:04,427 INFO Found folder 'Kindle Scribe' (ID: 1C38JFsUTRYHHimqlQwpoRka0Zi1QJKq6)
2026-07-06 10:50:05,622 INFO Found 0 w-termine files in folder
2026-07-06 10:50:05,630 INFO No new w-termine files found
2026-07-06 10:50:05,641 INFO === scribe_sync end ===
2026-07-06 11:00:02,184 INFO === scribe_sync start ===
2026-07-06 11:00:11,547 INFO MCP session initialized (id=2b890dd5-d3d6-4b8f-b0a7-bb632baf25df)
2026-07-06 11:00:14,631 INFO Found folder 'Kindle Scribe' (ID: 1C38JFsUTRYHHimqlQwpoRka0Zi1QJKq6)
2026-07-06 11:00:15,870 INFO Found 0 w-termine files in folder
2026-07-06 11:00:15,871 INFO No new w-termine files found
2026-07-06 11:00:15,879 INFO === scribe_sync end ===
2026-07-06 11:10:01,770 INFO === scribe_sync start ===
2026-07-06 11:10:03,099 INFO MCP session initialized (id=f104ea58-b7d6-4435-a179-dfd4cc6a7afd)
2026-07-06 11:10:05,062 INFO Found folder 'Kindle Scribe' (ID: 1C38JFsUTRYHHimqlQwpoRka0Zi1QJKq6)
2026-07-06 11:10:06,406 INFO Found 0 w-termine files in folder
2026-07-06 11:10:06,411 INFO No new w-termine files found
2026-07-06 11:10:06,413 INFO === scribe_sync end ===
2026-07-06 11:20:01,820 INFO === scribe_sync start ===
2026-07-06 11:20:03,867 INFO MCP session initialized (id=67cd2bed-3664-400f-a798-37a1ad5837a5)
2026-07-06 11:20:07,190 INFO Found folder 'Kindle Scribe' (ID: 1C38JFsUTRYHHimqlQwpoRka0Zi1QJKq6)
2026-07-06 11:20:08,594 INFO Found 0 w-termine files in folder
2026-07-06 11:20:08,594 INFO No new w-termine files found
2026-07-06 11:20:08,597 INFO === scribe_sync end ===
2026-07-06 11:30:01,880 INFO === scribe_sync start ===
2026-07-06 11:30:03,850 INFO MCP session initialized (id=07a89a30-4fff-43ec-9ef7-f749ccd3daf3)
2026-07-06 11:30:05,822 INFO Found folder 'Kindle Scribe' (ID: 1C38JFsUTRYHHimqlQwpoRka0Zi1QJKq6)
2026-07-06 11:30:07,085 INFO Found 0 w-termine files in folder
2026-07-06 11:30:07,085 INFO No new w-termine files found
2026-07-06 11:30:07,087 INFO === scribe_sync end ===
2026-07-06 11:40:01,470 INFO === scribe_sync start ===
2026-07-06 11:40:02,772 INFO MCP session initialized (id=54f930c5-10f3-4ae5-8be4-b1e2efe5bc77)
2026-07-06 11:40:04,152 INFO Found folder 'Kindle Scribe' (ID: 1C38JFsUTRYHHimqlQwpoRka0Zi1QJKq6)
2026-07-06 11:40:05,410 INFO Found 0 w-termine files in folder
2026-07-06 11:40:05,411 INFO No new w-termine files found
2026-07-06 11:40:05,412 INFO === scribe_sync end ===
2026-07-06 11:50:02,298 INFO === scribe_sync start ===
2026-07-06 11:50:33,664 INFO MCP session initialized (id=1ccdc649-408b-4c0b-95c7-349659500f47)
2026-07-06 11:50:35,026 INFO Found folder 'Kindle Scribe' (ID: 1C38JFsUTRYHHimqlQwpoRka0Zi1QJKq6)
2026-07-06 11:50:38,063 INFO Found 0 w-termine files in folder
2026-07-06 11:50:38,063 INFO No new w-termine files found
2026-07-06 11:50:38,065 INFO === scribe_sync end ===
2026-07-06 12:00:01,368 INFO === scribe_sync start ===
2026-07-06 12:00:06,452 INFO MCP session initialized (id=2f3a12e3-521d-4e20-bb33-fe6fdc7f514a)
2026-07-06 12:00:07,989 INFO Found folder 'Kindle Scribe' (ID: 1C38JFsUTRYHHimqlQwpoRka0Zi1QJKq6)
2026-07-06 12:00:09,824 INFO Found 0 w-termine files in folder
2026-07-06 12:00:09,825 INFO No new w-termine files found
2026-07-06 12:00:09,827 INFO === scribe_sync end ===
2026-07-06 12:10:01,884 INFO === scribe_sync start ===
2026-07-06 12:10:22,998 INFO MCP session initialized (id=2d268597-178b-4b3c-a1d5-09e9ae491caa)
2026-07-06 12:10:24,795 INFO Found folder 'Kindle Scribe' (ID: 1C38JFsUTRYHHimqlQwpoRka0Zi1QJKq6)
2026-07-06 12:10:26,006 INFO Found 0 w-termine files in folder
2026-07-06 12:10:26,007 INFO No new w-termine files found
2026-07-06 12:10:26,009 INFO === scribe_sync end ===
2026-07-06 12:20:01,284 INFO === scribe_sync start ===
2026-07-06 12:20:02,807 INFO MCP session initialized (id=069c3930-7962-4123-ad73-ac885f920cf1)
2026-07-06 12:20:04,149 INFO Found folder 'Kindle Scribe' (ID: 1C38JFsUTRYHHimqlQwpoRka0Zi1QJKq6)
2026-07-06 12:20:05,374 INFO Found 0 w-termine files in folder
2026-07-06 12:20:05,374 INFO No new w-termine files found
2026-07-06 12:20:05,385 INFO === scribe_sync end ===
2026-07-06 12:30:01,424 INFO === scribe_sync start ===
2026-07-06 12:30:03,461 INFO MCP session initialized (id=002a560d-8711-4946-ab61-a263ee3fd1a8)
2026-07-06 12:30:10,296 INFO Found folder 'Kindle Scribe' (ID: 1C38JFsUTRYHHimqlQwpoRka0Zi1QJKq6)
2026-07-06 12:30:11,667 INFO Found 0 w-termine files in folder
2026-07-06 12:30:11,668 INFO No new w-termine files found
2026-07-06 12:30:11,670 INFO === scribe_sync end ===
2026-07-06 12:40:01,960 INFO === scribe_sync start ===
2026-07-06 12:40:04,061 INFO MCP session initialized (id=d90b28fa-962e-4361-9921-ef5ce29e380d)
2026-07-06 12:40:05,526 INFO Found folder 'Kindle Scribe' (ID: 1C38JFsUTRYHHimqlQwpoRka0Zi1QJKq6)
2026-07-06 12:40:06,794 INFO Found 0 w-termine files in folder
2026-07-06 12:40:06,794 INFO No new w-termine files found
2026-07-06 12:40:06,796 INFO === scribe_sync end ===
2026-07-06 12:50:01,371 INFO === scribe_sync start ===
2026-07-06 12:50:02,953 INFO MCP session initialized (id=5ba7717a-20a5-4abe-80e1-f37a2fcf6966)
2026-07-06 12:50:04,301 INFO Found folder 'Kindle Scribe' (ID: 1C38JFsUTRYHHimqlQwpoRka0Zi1QJKq6)
2026-07-06 12:50:05,536 INFO Found 0 w-termine files in folder
2026-07-06 12:50:05,537 INFO No new w-termine files found
2026-07-06 12:50:05,539 INFO === scribe_sync end ===
2026-07-06 13:00:01,742 INFO === scribe_sync start ===
2026-07-06 13:00:03,515 INFO MCP session initialized (id=9bb0ebd9-df74-4661-a3ed-bbb1dd9a4b95)
2026-07-06 13:00:04,964 INFO Found folder 'Kindle Scribe' (ID: 1C38JFsUTRYHHimqlQwpoRka0Zi1QJKq6)
2026-07-06 13:00:06,402 INFO Found 0 w-termine files in folder
2026-07-06 13:00:06,403 INFO No new w-termine files found
2026-07-06 13:00:06,422 INFO === scribe_sync end ===
2026-07-06 13:10:02,488 INFO === scribe_sync start ===
2026-07-06 13:10:04,203 INFO MCP session initialized (id=ff86bc18-0e2e-47ef-a550-9a6a5f5c867c)
2026-07-06 13:10:08,060 INFO Found folder 'Kindle Scribe' (ID: 1C38JFsUTRYHHimqlQwpoRka0Zi1QJKq6)
2026-07-06 13:10:09,200 INFO Found 0 w-termine files in folder
2026-07-06 13:10:09,200 INFO No new w-termine files found
2026-07-06 13:10:09,205 INFO === scribe_sync end ===
2026-07-06 13:20:01,162 INFO === scribe_sync start ===
2026-07-06 13:20:03,132 INFO MCP session initialized (id=8affda2c-aea6-4336-b903-a1ab8e9001cf)
2026-07-06 13:20:04,364 INFO Found folder 'Kindle Scribe' (ID: 1C38JFsUTRYHHimqlQwpoRka0Zi1QJKq6)
2026-07-06 13:20:05,579 INFO Found 0 w-termine files in folder
2026-07-06 13:20:05,581 INFO No new w-termine files found
2026-07-06 13:20:05,615 INFO === scribe_sync end ===
2026-07-06 13:30:01,714 INFO === scribe_sync start ===
2026-07-06 13:30:03,458 INFO MCP session initialized (id=283cede5-ff24-4b7a-99e7-ff4ecc8c02a4)
2026-07-06 13:30:05,170 INFO Found folder 'Kindle Scribe' (ID: 1C38JFsUTRYHHimqlQwpoRka0Zi1QJKq6)
2026-07-06 13:30:06,527 INFO Found 0 w-termine files in folder
2026-07-06 13:30:06,528 INFO No new w-termine files found
2026-07-06 13:30:06,534 INFO === scribe_sync end ===
2026-07-06 13:40:01,137 INFO === scribe_sync start ===
2026-07-06 13:40:02,418 INFO MCP session initialized (id=b741e552-af9b-47e4-a8bc-59ea6b339b36)
2026-07-06 13:40:03,944 INFO Found folder 'Kindle Scribe' (ID: 1C38JFsUTRYHHimqlQwpoRka0Zi1QJKq6)
2026-07-06 13:40:05,186 INFO Found 0 w-termine files in folder
2026-07-06 13:40:05,191 INFO No new w-termine files found
2026-07-06 13:40:05,203 INFO === scribe_sync end ===
2026-07-06 13:50:02,006 INFO === scribe_sync start ===
2026-07-06 13:50:03,847 INFO MCP session initialized (id=5ef5f601-be56-41ed-bef7-3cfdd6fb9693)
2026-07-06 13:50:05,733 INFO Found folder 'Kindle Scribe' (ID: 1C38JFsUTRYHHimqlQwpoRka0Zi1QJKq6)
2026-07-06 13:50:07,145 INFO Found 0 w-termine files in folder
2026-07-06 13:50:07,145 INFO No new w-termine files found
2026-07-06 13:50:07,148 INFO === scribe_sync end ===
2026-07-06 14:00:01,900 INFO === scribe_sync start ===
2026-07-06 14:00:03,803 INFO MCP session initialized (id=01939c8c-3a08-4396-b47d-8be9787007af)
2026-07-06 14:00:05,218 INFO Found folder 'Kindle Scribe' (ID: 1C38JFsUTRYHHimqlQwpoRka0Zi1QJKq6)
2026-07-06 14:00:06,767 INFO Found 0 w-termine files in folder
2026-07-06 14:00:06,767 INFO No new w-termine files found
2026-07-06 14:00:06,774 INFO === scribe_sync end ===
2026-07-06 14:10:01,790 INFO === scribe_sync start ===
2026-07-06 14:10:03,342 INFO MCP session initialized (id=edabba2c-3a07-43bf-8fa7-9c2bf457a274)
2026-07-06 14:10:04,922 INFO Found folder 'Kindle Scribe' (ID: 1C38JFsUTRYHHimqlQwpoRka0Zi1QJKq6)
2026-07-06 14:10:06,311 INFO Found 0 w-termine files in folder
2026-07-06 14:10:06,311 INFO No new w-termine files found
2026-07-06 14:10:06,319 INFO === scribe_sync end ===
2026-07-06 14:20:01,863 INFO === scribe_sync start ===
2026-07-06 14:20:03,471 INFO MCP session initialized (id=0e77ca8b-ffae-4bd6-a49f-169e7eb97411)
2026-07-06 14:20:04,734 INFO Found folder 'Kindle Scribe' (ID: 1C38JFsUTRYHHimqlQwpoRka0Zi1QJKq6)
2026-07-06 14:20:06,256 INFO Found 0 w-termine files in folder
2026-07-06 14:20:06,257 INFO No new w-termine files found
2026-07-06 14:20:06,258 INFO === scribe_sync end ===
2026-07-06 14:30:02,054 INFO === scribe_sync start ===
2026-07-06 14:30:03,497 INFO MCP session initialized (id=e96a4333-13f9-4124-91de-9ce31eccba3d)
2026-07-06 14:30:05,193 INFO Found folder 'Kindle Scribe' (ID: 1C38JFsUTRYHHimqlQwpoRka0Zi1QJKq6)
2026-07-06 14:30:06,703 INFO Found 0 w-termine files in folder
2026-07-06 14:30:06,703 INFO No new w-termine files found
2026-07-06 14:30:06,707 INFO === scribe_sync end ===
2026-07-06 14:40:02,019 INFO === scribe_sync start ===
2026-07-06 14:40:03,628 INFO MCP session initialized (id=e2c082dd-5847-4a12-af5d-3617aa0cf028)
2026-07-06 14:40:04,989 INFO Found folder 'Kindle Scribe' (ID: 1C38JFsUTRYHHimqlQwpoRka0Zi1QJKq6)
2026-07-06 14:40:06,399 INFO Found 0 w-termine files in folder
2026-07-06 14:40:06,400 INFO No new w-termine files found
2026-07-06 14:40:06,403 INFO === scribe_sync end ===
2026-07-06 14:50:01,291 INFO === scribe_sync start ===
2026-07-06 14:50:02,721 INFO MCP session initialized (id=c8ffc5ce-2d6b-4773-b9a2-5367aa2bc10f)
2026-07-06 14:50:04,746 INFO Found folder 'Kindle Scribe' (ID: 1C38JFsUTRYHHimqlQwpoRka0Zi1QJKq6)
2026-07-06 14:50:05,985 INFO Found 0 w-termine files in folder
2026-07-06 14:50:05,986 INFO No new w-termine files found
2026-07-06 14:50:05,989 INFO === scribe_sync end ===
2026-07-06 15:00:01,480 INFO === scribe_sync start ===
2026-07-06 15:00:02,878 INFO MCP session initialized (id=349bd89b-41ee-4f8f-bb03-1c9957b3ddf3)
2026-07-06 15:00:05,186 INFO Found folder 'Kindle Scribe' (ID: 1C38JFsUTRYHHimqlQwpoRka0Zi1QJKq6)
2026-07-06 15:00:07,133 INFO Found 0 w-termine files in folder
2026-07-06 15:00:07,133 INFO No new w-termine files found
2026-07-06 15:00:07,135 INFO === scribe_sync end ===
2026-07-06 15:10:01,822 INFO === scribe_sync start ===
2026-07-06 15:10:33,310 INFO MCP session initialized (id=477ac1c4-543f-4517-afb9-bb880b8e2363)
2026-07-06 15:10:34,712 INFO Found folder 'Kindle Scribe' (ID: 1C38JFsUTRYHHimqlQwpoRka0Zi1QJKq6)
2026-07-06 15:10:35,964 INFO Found 0 w-termine files in folder
2026-07-06 15:10:35,965 INFO No new w-termine files found
2026-07-06 15:10:35,968 INFO === scribe_sync end ===
2026-07-06 15:20:01,845 INFO === scribe_sync start ===
2026-07-06 15:20:04,271 INFO MCP session initialized (id=87b64f3f-888c-44b6-aae7-f9595ad243ec)
2026-07-06 15:20:05,610 INFO Found folder 'Kindle Scribe' (ID: 1C38JFsUTRYHHimqlQwpoRka0Zi1QJKq6)
2026-07-06 15:20:06,947 INFO Found 0 w-termine files in folder
2026-07-06 15:20:06,947 INFO No new w-termine files found
2026-07-06 15:20:07,017 INFO === scribe_sync end ===
2026-07-06 15:30:02,378 INFO === scribe_sync start ===
2026-07-06 15:30:04,680 INFO MCP session initialized (id=f0323b04-0e24-4d92-8bf0-dd54a6965d45)
2026-07-06 15:30:06,636 INFO Found folder 'Kindle Scribe' (ID: 1C38JFsUTRYHHimqlQwpoRka0Zi1QJKq6)
2026-07-06 15:30:07,940 INFO Found 0 w-termine files in folder
2026-07-06 15:30:07,940 INFO No new w-termine files found
2026-07-06 15:30:07,942 INFO === scribe_sync end ===
2026-07-06 15:40:01,824 INFO === scribe_sync start ===
2026-07-06 15:40:03,236 INFO MCP session initialized (id=f0b12648-a98b-4246-a925-a71558635bad)
2026-07-06 15:40:04,919 INFO Found folder 'Kindle Scribe' (ID: 1C38JFsUTRYHHimqlQwpoRka0Zi1QJKq6)
2026-07-06 15:40:06,300 INFO Found 0 w-termine files in folder
2026-07-06 15:40:06,300 INFO No new w-termine files found
2026-07-06 15:40:06,306 INFO === scribe_sync end ===
2026-07-06 15:50:02,195 INFO === scribe_sync start ===
2026-07-06 15:50:03,666 INFO MCP session initialized (id=383cd4ee-275b-41f8-b781-6bf72939b906)
2026-07-06 15:50:05,092 INFO Found folder 'Kindle Scribe' (ID: 1C38JFsUTRYHHimqlQwpoRka0Zi1QJKq6)
2026-07-06 15:50:11,482 INFO Found 0 w-termine files in folder
2026-07-06 15:50:11,484 INFO No new w-termine files found
2026-07-06 15:50:11,488 INFO === scribe_sync end ===
2026-07-06 16:00:01,162 INFO === scribe_sync start ===
2026-07-06 16:00:03,031 INFO MCP session initialized (id=22f1d9c0-b645-439e-a3ad-18c3202f4cfc)
2026-07-06 16:00:05,011 INFO Found folder 'Kindle Scribe' (ID: 1C38JFsUTRYHHimqlQwpoRka0Zi1QJKq6)
2026-07-06 16:00:06,446 INFO Found 0 w-termine files in folder
2026-07-06 16:00:06,447 INFO No new w-termine files found
2026-07-06 16:00:06,450 INFO === scribe_sync end ===
2026-07-06 16:10:01,441 INFO === scribe_sync start ===
2026-07-06 16:10:02,803 INFO MCP session initialized (id=6bd5508f-e2c2-40e4-b6f2-786110cba915)
2026-07-06 16:10:04,178 INFO Found folder 'Kindle Scribe' (ID: 1C38JFsUTRYHHimqlQwpoRka0Zi1QJKq6)
2026-07-06 16:10:05,616 INFO Found 0 w-termine files in folder
2026-07-06 16:10:05,617 INFO No new w-termine files found
2026-07-06 16:10:05,619 INFO === scribe_sync end ===
2026-07-06 16:20:01,596 INFO === scribe_sync start ===
2026-07-06 16:20:03,390 INFO MCP session initialized (id=d17d577d-dca2-47b6-8bfb-2eff30239722)
2026-07-06 16:20:04,922 INFO Found folder 'Kindle Scribe' (ID: 1C38JFsUTRYHHimqlQwpoRka0Zi1QJKq6)
2026-07-06 16:20:06,348 INFO Found 0 w-termine files in folder
2026-07-06 16:20:06,348 INFO No new w-termine files found
2026-07-06 16:20:06,351 INFO === scribe_sync end ===
2026-07-06 16:30:02,652 INFO === scribe_sync start ===
2026-07-06 16:30:04,395 INFO MCP session initialized (id=12af0dc0-0127-4acf-be49-5b240a184248)
2026-07-06 16:30:06,555 INFO Found folder 'Kindle Scribe' (ID: 1C38JFsUTRYHHimqlQwpoRka0Zi1QJKq6)
2026-07-06 16:30:08,504 INFO Found 0 w-termine files in folder
2026-07-06 16:30:08,504 INFO No new w-termine files found
2026-07-06 16:30:08,522 INFO === scribe_sync end ===
2026-07-06 16:40:01,171 INFO === scribe_sync start ===
2026-07-06 16:40:02,824 INFO MCP session initialized (id=a5ba77ad-6b19-4135-b01e-aa3587cd0acd)
2026-07-06 16:40:04,313 INFO Found folder 'Kindle Scribe' (ID: 1C38JFsUTRYHHimqlQwpoRka0Zi1QJKq6)
2026-07-06 16:40:05,601 INFO Found 0 w-termine files in folder
2026-07-06 16:40:05,601 INFO No new w-termine files found
2026-07-06 16:40:05,603 INFO === scribe_sync end ===
2026-07-06 16:50:02,054 INFO === scribe_sync start ===
2026-07-06 16:50:03,519 INFO MCP session initialized (id=965a1a85-dc99-4d48-9735-8e790328ac98)
2026-07-06 16:50:05,264 INFO Found folder 'Kindle Scribe' (ID: 1C38JFsUTRYHHimqlQwpoRka0Zi1QJKq6)
2026-07-06 16:50:06,568 INFO Found 0 w-termine files in folder
2026-07-06 16:50:06,569 INFO No new w-termine files found
2026-07-06 16:50:06,570 INFO === scribe_sync end ===
2026-07-06 17:00:01,590 INFO === scribe_sync start ===
2026-07-06 17:00:02,991 INFO MCP session initialized (id=8d25427a-85b9-4af1-af59-e8220c8ac900)
2026-07-06 17:00:04,609 INFO Found folder 'Kindle Scribe' (ID: 1C38JFsUTRYHHimqlQwpoRka0Zi1QJKq6)
2026-07-06 17:00:06,290 INFO Found 0 w-termine files in folder
2026-07-06 17:00:06,290 INFO No new w-termine files found
2026-07-06 17:00:06,292 INFO === scribe_sync end ===
2026-07-06 17:10:02,340 INFO === scribe_sync start ===
2026-07-06 17:10:03,916 INFO MCP session initialized (id=666d5aba-59d4-452e-b500-d8a29c56a08a)
2026-07-06 17:10:05,296 INFO Found folder 'Kindle Scribe' (ID: 1C38JFsUTRYHHimqlQwpoRka0Zi1QJKq6)
2026-07-06 17:10:06,536 INFO Found 0 w-termine files in folder
2026-07-06 17:10:06,536 INFO No new w-termine files found
2026-07-06 17:10:06,572 INFO === scribe_sync end ===
2026-07-06 17:20:02,053 INFO === scribe_sync start ===
2026-07-06 17:20:03,800 INFO MCP session initialized (id=7823ccd3-4f79-4a70-8d07-091e0642dc7a)
2026-07-06 17:20:05,204 INFO Found folder 'Kindle Scribe' (ID: 1C38JFsUTRYHHimqlQwpoRka0Zi1QJKq6)
2026-07-06 17:20:06,483 INFO Found 0 w-termine files in folder
2026-07-06 17:20:06,483 INFO No new w-termine files found
2026-07-06 17:20:06,501 INFO === scribe_sync end ===
2026-07-06 17:30:01,373 INFO === scribe_sync start ===
2026-07-06 17:30:22,147 INFO MCP session initialized (id=ecc54ca5-0b65-4ccc-ad97-5edcb9cc9478)
2026-07-06 17:30:23,596 INFO Found folder 'Kindle Scribe' (ID: 1C38JFsUTRYHHimqlQwpoRka0Zi1QJKq6)
2026-07-06 17:30:24,918 INFO Found 0 w-termine files in folder
2026-07-06 17:30:24,919 INFO No new w-termine files found
2026-07-06 17:30:24,921 INFO === scribe_sync end ===
2026-07-06 17:40:02,159 INFO === scribe_sync start ===
2026-07-06 17:40:03,707 INFO MCP session initialized (id=20318519-e33d-4e9a-b280-f11d745f013b)
2026-07-06 17:40:05,179 INFO Found folder 'Kindle Scribe' (ID: 1C38JFsUTRYHHimqlQwpoRka0Zi1QJKq6)
2026-07-06 17:40:06,527 INFO Found 0 w-termine files in folder
2026-07-06 17:40:06,528 INFO No new w-termine files found
2026-07-06 17:40:06,530 INFO === scribe_sync end ===
2026-07-06 17:50:01,241 INFO === scribe_sync start ===
2026-07-06 17:50:02,807 INFO MCP session initialized (id=368e750e-d18f-47ac-b1d2-84643ba69a85)
2026-07-06 17:50:05,905 INFO Found folder 'Kindle Scribe' (ID: 1C38JFsUTRYHHimqlQwpoRka0Zi1QJKq6)
2026-07-06 17:50:07,112 INFO Found 0 w-termine files in folder
2026-07-06 17:50:07,113 INFO No new w-termine files found
2026-07-06 17:50:07,117 INFO === scribe_sync end ===
2026-07-06 18:00:02,091 INFO === scribe_sync start ===
2026-07-06 18:00:09,817 INFO MCP session initialized (id=ca1b3a38-0ff5-4dac-af26-e4d0b87d4dc8)
2026-07-06 18:00:11,556 INFO Found folder 'Kindle Scribe' (ID: 1C38JFsUTRYHHimqlQwpoRka0Zi1QJKq6)
2026-07-06 18:00:14,003 INFO Found 0 w-termine files in folder
2026-07-06 18:00:14,003 INFO No new w-termine files found
2026-07-06 18:00:14,005 INFO === scribe_sync end ===
2026-07-06 18:10:01,353 INFO === scribe_sync start ===
2026-07-06 18:10:02,779 INFO MCP session initialized (id=2687df8b-6a08-4d14-a7dd-0f810ae3c5fd)
2026-07-06 18:10:04,734 INFO Found folder 'Kindle Scribe' (ID: 1C38JFsUTRYHHimqlQwpoRka0Zi1QJKq6)
2026-07-06 18:10:06,181 INFO Found 0 w-termine files in folder
2026-07-06 18:10:06,181 INFO No new w-termine files found
2026-07-06 18:10:06,183 INFO === scribe_sync end ===
2026-07-06 18:20:01,236 INFO === scribe_sync start ===
2026-07-06 18:20:02,829 INFO MCP session initialized (id=1c90646d-970c-45da-8306-c4d3c74a16be)
2026-07-06 18:20:04,169 INFO Found folder 'Kindle Scribe' (ID: 1C38JFsUTRYHHimqlQwpoRka0Zi1QJKq6)
2026-07-06 18:20:05,598 INFO Found 0 w-termine files in folder
2026-07-06 18:20:05,598 INFO No new w-termine files found
2026-07-06 18:20:05,605 INFO === scribe_sync end ===
2026-07-06 18:30:01,187 INFO === scribe_sync start ===
2026-07-06 18:30:03,153 INFO MCP session initialized (id=be9474fb-db56-4491-985f-e9dec2305c07)
2026-07-06 18:30:06,363 INFO Found folder 'Kindle Scribe' (ID: 1C38JFsUTRYHHimqlQwpoRka0Zi1QJKq6)
2026-07-06 18:30:07,855 INFO Found 0 w-termine files in folder
2026-07-06 18:30:07,855 INFO No new w-termine files found
2026-07-06 18:30:07,871 INFO === scribe_sync end ===
2026-07-06 18:40:01,230 INFO === scribe_sync start ===
2026-07-06 18:40:02,963 INFO MCP session initialized (id=a0a78c48-9b94-4ce6-8c53-d479abbf4df0)
2026-07-06 18:40:04,384 INFO Found folder 'Kindle Scribe' (ID: 1C38JFsUTRYHHimqlQwpoRka0Zi1QJKq6)
2026-07-06 18:40:05,569 INFO Found 0 w-termine files in folder
2026-07-06 18:40:05,569 INFO No new w-termine files found
2026-07-06 18:40:05,573 INFO === scribe_sync end ===
2026-07-06 18:50:01,487 INFO === scribe_sync start ===
2026-07-06 18:50:02,975 INFO MCP session initialized (id=d788813a-6eae-491c-92bf-9328aaeb1c3f)
2026-07-06 18:50:04,462 INFO Found folder 'Kindle Scribe' (ID: 1C38JFsUTRYHHimqlQwpoRka0Zi1QJKq6)
2026-07-06 18:50:05,863 INFO Found 0 w-termine files in folder
2026-07-06 18:50:05,863 INFO No new w-termine files found
2026-07-06 18:50:05,866 INFO === scribe_sync end ===
2026-07-06 19:00:02,295 INFO === scribe_sync start ===
2026-07-06 19:00:04,012 INFO MCP session initialized (id=0c46a8c7-63f1-4cd5-9bd6-9e66597ae7f7)
2026-07-06 19:00:05,496 INFO Found folder 'Kindle Scribe' (ID: 1C38JFsUTRYHHimqlQwpoRka0Zi1QJKq6)
2026-07-06 19:00:07,129 INFO Found 0 w-termine files in folder
2026-07-06 19:00:07,129 INFO No new w-termine files found
2026-07-06 19:00:07,131 INFO === scribe_sync end ===
2026-07-06 19:02:41,418 INFO === scribe_sync start ===
2026-07-06 19:02:42,622 INFO MCP session initialized (id=94156ef9-8aea-4aa0-95df-4695ed2c4e05)
2026-07-06 19:02:44,482 INFO Found folder 'Kindle Scribe' (ID: 1C38JFsUTRYHHimqlQwpoRka0Zi1QJKq6)
2026-07-06 19:02:45,819 INFO Found 0 w-termine files in folder
2026-07-06 19:02:45,820 INFO No new w-termine files found
2026-07-06 19:02:45,821 INFO === scribe_sync end ===
2026-07-06 19:10:02,279 INFO === scribe_sync start ===
2026-07-06 19:10:03,960 INFO MCP session initialized (id=911f040c-dd44-49dd-b8b2-065dcd613741)
2026-07-06 19:10:07,751 INFO Found folder 'Kindle Scribe' (ID: 1C38JFsUTRYHHimqlQwpoRka0Zi1QJKq6)
2026-07-06 19:10:09,053 INFO Found 0 w-termine files in folder
2026-07-06 19:10:09,054 INFO No new w-termine files found
2026-07-06 19:10:09,058 INFO === scribe_sync end ===
2026-07-06 19:20:01,939 INFO === scribe_sync start ===
2026-07-06 19:20:03,611 INFO MCP session initialized (id=a545db70-d251-43ca-8ce2-548b3b083c15)
2026-07-06 19:20:06,095 INFO Found folder 'Kindle Scribe' (ID: 1C38JFsUTRYHHimqlQwpoRka0Zi1QJKq6)
2026-07-06 19:20:08,087 INFO Found 0 w-termine files in folder
2026-07-06 19:20:08,088 INFO No new w-termine files found
2026-07-06 19:20:08,089 INFO === scribe_sync end ===
2026-07-06 19:30:01,399 INFO === scribe_sync start ===
2026-07-06 19:30:02,805 INFO MCP session initialized (id=f590e8ce-429a-4bfd-bb4f-43b1284faca3)
2026-07-06 19:30:04,602 INFO Found folder 'Kindle Scribe' (ID: 1C38JFsUTRYHHimqlQwpoRka0Zi1QJKq6)
2026-07-06 19:30:05,963 INFO Found 0 w-termine files in folder
2026-07-06 19:30:05,963 INFO No new w-termine files found
2026-07-06 19:30:05,965 INFO === scribe_sync end ===
2026-07-06 19:40:01,670 INFO === scribe_sync start ===
2026-07-06 19:40:03,439 INFO MCP session initialized (id=5c818763-10ce-4146-943e-54103a1d228e)
2026-07-06 19:40:05,095 INFO Found folder 'Kindle Scribe' (ID: 1C38JFsUTRYHHimqlQwpoRka0Zi1QJKq6)
2026-07-06 19:40:06,381 INFO Found 0 w-termine files in folder
2026-07-06 19:40:06,381 INFO No new w-termine files found
2026-07-06 19:40:06,383 INFO === scribe_sync end ===
2026-07-06 19:50:02,422 INFO === scribe_sync start ===
2026-07-06 19:50:03,971 INFO MCP session initialized (id=7384b7a5-cfc4-4c2c-bfe2-0c777868aa5a)
2026-07-06 19:50:05,472 INFO Found folder 'Kindle Scribe' (ID: 1C38JFsUTRYHHimqlQwpoRka0Zi1QJKq6)
2026-07-06 19:50:06,726 INFO Found 0 w-termine files in folder
2026-07-06 19:50:06,727 INFO No new w-termine files found
2026-07-06 19:50:06,729 INFO === scribe_sync end ===
2026-07-06 20:00:01,771 INFO === scribe_sync start ===
2026-07-06 20:00:03,600 INFO MCP session initialized (id=ee1eeaa9-9db6-403c-b6bf-5dfef1c3a3e6)
2026-07-06 20:00:11,000 INFO Found folder 'Kindle Scribe' (ID: 1C38JFsUTRYHHimqlQwpoRka0Zi1QJKq6)
2026-07-06 20:00:12,218 INFO Found 0 w-termine files in folder
2026-07-06 20:00:12,219 INFO No new w-termine files found
2026-07-06 20:00:12,221 INFO === scribe_sync end ===
2026-07-06 20:10:02,592 INFO === scribe_sync start ===
2026-07-06 20:10:04,071 INFO MCP session initialized (id=a96582ab-069a-4bc4-9ce5-9a3e8af1d1d1)
2026-07-06 20:10:05,428 INFO Found folder 'Kindle Scribe' (ID: 1C38JFsUTRYHHimqlQwpoRka0Zi1QJKq6)
2026-07-06 20:10:07,538 INFO Found 0 w-termine files in folder
2026-07-06 20:10:07,539 INFO No new w-termine files found
2026-07-06 20:10:07,540 INFO === scribe_sync end ===
2026-07-06 20:20:02,146 INFO === scribe_sync start ===
2026-07-06 20:20:04,051 INFO MCP session initialized (id=e6a35b5e-dfe4-4975-9556-ef18a22a4da7)
2026-07-06 20:20:05,822 INFO Found folder 'Kindle Scribe' (ID: 1C38JFsUTRYHHimqlQwpoRka0Zi1QJKq6)
2026-07-06 20:20:07,397 INFO Found 0 w-termine files in folder
2026-07-06 20:20:07,397 INFO No new w-termine files found
2026-07-06 20:20:07,399 INFO === scribe_sync end ===
2026-07-06 20:30:01,961 INFO === scribe_sync start ===
2026-07-06 20:30:33,807 INFO MCP session initialized (id=c6498e73-f184-40c4-8f47-519c9ba9e255)
2026-07-06 20:30:35,243 INFO Found folder 'Kindle Scribe' (ID: 1C38JFsUTRYHHimqlQwpoRka0Zi1QJKq6)
2026-07-06 20:30:36,577 INFO Found 0 w-termine files in folder
2026-07-06 20:30:36,578 INFO No new w-termine files found
2026-07-06 20:30:36,580 INFO === scribe_sync end ===
2026-07-06 20:40:01,112 INFO === scribe_sync start ===
2026-07-06 20:40:02,829 INFO MCP session initialized (id=fdafefc8-486f-4ff5-a21b-f61b172dbc6b)
2026-07-06 20:40:04,224 INFO Found folder 'Kindle Scribe' (ID: 1C38JFsUTRYHHimqlQwpoRka0Zi1QJKq6)
2026-07-06 20:40:05,636 INFO Found 0 w-termine files in folder
2026-07-06 20:40:05,636 INFO No new w-termine files found
2026-07-06 20:40:05,640 INFO === scribe_sync end ===
2026-07-06 20:50:02,194 INFO === scribe_sync start ===
2026-07-06 20:50:24,517 INFO MCP session initialized (id=3bcc585e-0fe6-4b38-b5c2-241c2300b7bb)
2026-07-06 20:50:25,824 INFO Found folder 'Kindle Scribe' (ID: 1C38JFsUTRYHHimqlQwpoRka0Zi1QJKq6)
2026-07-06 20:50:27,114 INFO Found 0 w-termine files in folder
2026-07-06 20:50:27,115 INFO No new w-termine files found
2026-07-06 20:50:27,129 INFO === scribe_sync end ===
2026-07-06 21:00:01,602 INFO === scribe_sync start ===
2026-07-06 21:00:04,454 INFO MCP session initialized (id=ac5be54a-ecdc-4ad0-b4d3-97abcbce913a)
2026-07-06 21:00:06,448 INFO Found folder 'Kindle Scribe' (ID: 1C38JFsUTRYHHimqlQwpoRka0Zi1QJKq6)
2026-07-06 21:00:13,006 INFO Found 0 w-termine files in folder
2026-07-06 21:00:13,006 INFO No new w-termine files found
2026-07-06 21:00:13,010 INFO === scribe_sync end ===
2026-07-06 21:10:01,691 INFO === scribe_sync start ===
2026-07-06 21:10:03,604 INFO MCP session initialized (id=9230af29-6066-408f-a861-b1bd62ff0a8f)
2026-07-06 21:10:05,400 INFO Found folder 'Kindle Scribe' (ID: 1C38JFsUTRYHHimqlQwpoRka0Zi1QJKq6)
2026-07-06 21:10:06,682 INFO Found 0 w-termine files in folder
2026-07-06 21:10:06,682 INFO No new w-termine files found
2026-07-06 21:10:06,684 INFO === scribe_sync end ===
2026-07-06 21:20:02,328 INFO === scribe_sync start ===
2026-07-06 21:20:03,863 INFO MCP session initialized (id=a0444680-56cb-432c-bd74-55f7d908b4f9)
2026-07-06 21:20:05,113 INFO Found folder 'Kindle Scribe' (ID: 1C38JFsUTRYHHimqlQwpoRka0Zi1QJKq6)
2026-07-06 21:20:06,314 INFO Found 0 w-termine files in folder
2026-07-06 21:20:06,315 INFO No new w-termine files found
2026-07-06 21:20:06,316 INFO === scribe_sync end ===
2026-07-06 21:30:02,094 INFO === scribe_sync start ===
2026-07-06 21:30:03,727 INFO MCP session initialized (id=02cc5f3a-abec-458c-a55c-6b8422c39df7)
2026-07-06 21:30:05,339 INFO Found folder 'Kindle Scribe' (ID: 1C38JFsUTRYHHimqlQwpoRka0Zi1QJKq6)
2026-07-06 21:30:06,892 INFO Found 0 w-termine files in folder
2026-07-06 21:30:06,903 INFO No new w-termine files found
2026-07-06 21:30:06,905 INFO === scribe_sync end ===
2026-07-06 21:40:01,801 INFO === scribe_sync start ===
2026-07-06 21:40:03,316 INFO MCP session initialized (id=8d93a29c-d75c-4080-8fe4-3e5253bac57e)
2026-07-06 21:40:04,779 INFO Found folder 'Kindle Scribe' (ID: 1C38JFsUTRYHHimqlQwpoRka0Zi1QJKq6)
2026-07-06 21:40:06,154 INFO Found 0 w-termine files in folder
2026-07-06 21:40:06,156 INFO No new w-termine files found
2026-07-06 21:40:06,159 INFO === scribe_sync end ===
2026-07-06 21:50:01,325 INFO === scribe_sync start ===
2026-07-06 21:50:03,140 INFO MCP session initialized (id=465a9119-41ec-4f31-877d-b3d9657cd819)
2026-07-06 21:50:04,638 INFO Found folder 'Kindle Scribe' (ID: 1C38JFsUTRYHHimqlQwpoRka0Zi1QJKq6)
2026-07-06 21:50:05,867 INFO Found 0 w-termine files in folder
2026-07-06 21:50:05,869 INFO No new w-termine files found
2026-07-06 21:50:05,872 INFO === scribe_sync end ===
2026-07-06 22:00:01,293 INFO === scribe_sync start ===
2026-07-06 22:00:07,787 INFO MCP session initialized (id=f6a1e79e-73bc-4bff-9fb6-7c9260c6264c)
2026-07-06 22:00:09,464 INFO Found folder 'Kindle Scribe' (ID: 1C38JFsUTRYHHimqlQwpoRka0Zi1QJKq6)
2026-07-06 22:00:11,126 INFO Found 0 w-termine files in folder
2026-07-06 22:00:11,126 INFO No new w-termine files found
2026-07-06 22:00:11,128 INFO === scribe_sync end ===
2026-07-06 22:10:01,532 INFO === scribe_sync start ===
2026-07-06 22:10:03,323 INFO MCP session initialized (id=3fb1ec1e-5928-455d-9526-f7bb5e56318c)
2026-07-06 22:10:04,906 INFO Found folder 'Kindle Scribe' (ID: 1C38JFsUTRYHHimqlQwpoRka0Zi1QJKq6)
2026-07-06 22:10:06,713 INFO Found 0 w-termine files in folder
2026-07-06 22:10:06,714 INFO No new w-termine files found
2026-07-06 22:10:06,716 INFO === scribe_sync end ===
2026-07-06 22:20:01,919 INFO === scribe_sync start ===
2026-07-06 22:20:03,833 INFO MCP session initialized (id=025a99c3-1347-4e53-9d29-c316c20f1c45)
2026-07-06 22:20:05,435 INFO Found folder 'Kindle Scribe' (ID: 1C38JFsUTRYHHimqlQwpoRka0Zi1QJKq6)
2026-07-06 22:20:06,787 INFO Found 0 w-termine files in folder
2026-07-06 22:20:06,787 INFO No new w-termine files found
2026-07-06 22:20:06,790 INFO === scribe_sync end ===
2026-07-06 22:30:01,365 INFO === scribe_sync start ===
2026-07-06 22:30:03,059 INFO MCP session initialized (id=47f02297-32c8-4333-922b-0d36c0f94140)
2026-07-06 22:30:09,642 INFO Found folder 'Kindle Scribe' (ID: 1C38JFsUTRYHHimqlQwpoRka0Zi1QJKq6)
2026-07-06 22:30:10,896 INFO Found 0 w-termine files in folder
2026-07-06 22:30:10,896 INFO No new w-termine files found
2026-07-06 22:30:10,898 INFO === scribe_sync end ===
2026-07-06 22:40:01,511 INFO === scribe_sync start ===
2026-07-06 22:40:02,936 INFO MCP session initialized (id=bea28fb2-a8f0-4a33-a109-37412253fe04)
2026-07-06 22:40:04,745 INFO Found folder 'Kindle Scribe' (ID: 1C38JFsUTRYHHimqlQwpoRka0Zi1QJKq6)
2026-07-06 22:40:06,110 INFO Found 0 w-termine files in folder
2026-07-06 22:40:06,114 INFO No new w-termine files found
2026-07-06 22:40:06,116 INFO === scribe_sync end ===
2026-07-06 22:50:01,808 INFO === scribe_sync start ===
2026-07-06 22:50:03,359 INFO MCP session initialized (id=251fbb33-32c5-4fc3-b442-dd4f9907d327)
2026-07-06 22:50:04,821 INFO Found folder 'Kindle Scribe' (ID: 1C38JFsUTRYHHimqlQwpoRka0Zi1QJKq6)
2026-07-06 22:50:05,964 INFO Found 0 w-termine files in folder
2026-07-06 22:50:05,965 INFO No new w-termine files found
2026-07-06 22:50:05,966 INFO === scribe_sync end ===
2026-07-06 23:00:02,101 INFO === scribe_sync start ===
2026-07-06 23:00:03,870 INFO MCP session initialized (id=e07ef3b2-39db-430e-aee5-2d0d242dd743)
2026-07-06 23:00:05,618 INFO Found folder 'Kindle Scribe' (ID: 1C38JFsUTRYHHimqlQwpoRka0Zi1QJKq6)
2026-07-06 23:00:07,072 INFO Found 0 w-termine files in folder
2026-07-06 23:00:07,072 INFO No new w-termine files found
2026-07-06 23:00:07,074 INFO === scribe_sync end ===
2026-07-06 23:10:01,252 INFO === scribe_sync start ===
2026-07-06 23:10:02,618 INFO MCP session initialized (id=02d6427e-acad-41fa-bf25-fffe60483b09)
2026-07-06 23:10:04,248 INFO Found folder 'Kindle Scribe' (ID: 1C38JFsUTRYHHimqlQwpoRka0Zi1QJKq6)
2026-07-06 23:10:05,510 INFO Found 0 w-termine files in folder
2026-07-06 23:10:05,510 INFO No new w-termine files found
2026-07-06 23:10:05,514 INFO === scribe_sync end ===
2026-07-06 23:20:01,217 INFO === scribe_sync start ===
2026-07-06 23:20:02,651 INFO MCP session initialized (id=7ac4f9cd-fe33-4e04-b8b1-539023bf34a2)
2026-07-06 23:20:04,076 INFO Found folder 'Kindle Scribe' (ID: 1C38JFsUTRYHHimqlQwpoRka0Zi1QJKq6)
2026-07-06 23:20:05,592 INFO Found 0 w-termine files in folder
2026-07-06 23:20:05,597 INFO No new w-termine files found
2026-07-06 23:20:05,603 INFO === scribe_sync end ===
2026-07-06 23:30:02,122 INFO === scribe_sync start ===
2026-07-06 23:30:03,926 INFO MCP session initialized (id=26f8869f-6e06-4428-964d-0f196220ac57)
2026-07-06 23:30:05,317 INFO Found folder 'Kindle Scribe' (ID: 1C38JFsUTRYHHimqlQwpoRka0Zi1QJKq6)
2026-07-06 23:30:06,521 INFO Found 0 w-termine files in folder
2026-07-06 23:30:06,522 INFO No new w-termine files found
2026-07-06 23:30:06,524 INFO === scribe_sync end ===
2026-07-06 23:40:01,185 INFO === scribe_sync start ===
2026-07-06 23:40:02,993 INFO MCP session initialized (id=c47bafb1-6a8e-4f0c-8cc7-09aa5b141d7d)
2026-07-06 23:40:04,459 INFO Found folder 'Kindle Scribe' (ID: 1C38JFsUTRYHHimqlQwpoRka0Zi1QJKq6)
2026-07-06 23:40:05,708 INFO Found 0 w-termine files in folder
2026-07-06 23:40:05,708 INFO No new w-termine files found
2026-07-06 23:40:05,712 INFO === scribe_sync end ===
2026-07-06 23:50:01,736 INFO === scribe_sync start ===
2026-07-06 23:50:03,288 INFO MCP session initialized (id=23807269-1e70-4ceb-897e-268179902d3d)
2026-07-06 23:50:05,824 INFO Found folder 'Kindle Scribe' (ID: 1C38JFsUTRYHHimqlQwpoRka0Zi1QJKq6)
2026-07-06 23:50:06,961 INFO Found 0 w-termine files in folder
2026-07-06 23:50:06,962 INFO No new w-termine files found
2026-07-06 23:50:06,964 INFO === scribe_sync end ===
2026-07-07 00:00:01,840 INFO === scribe_sync start ===
2026-07-07 00:00:04,232 INFO MCP session initialized (id=e9525cd1-fd57-43a9-95e5-5054d1507965)
2026-07-07 00:00:05,580 INFO Found folder 'Kindle Scribe' (ID: 1C38JFsUTRYHHimqlQwpoRka0Zi1QJKq6)
2026-07-07 00:00:07,092 INFO Found 0 w-termine files in folder
2026-07-07 00:00:07,098 INFO No new w-termine files found
2026-07-07 00:00:07,104 INFO === scribe_sync end ===
2026-07-07 00:10:02,421 INFO === scribe_sync start ===
2026-07-07 00:10:04,091 INFO MCP session initialized (id=e47e6f34-81d7-45e3-a4ee-e8b793a8ab76)
2026-07-07 00:10:06,573 INFO Found folder 'Kindle Scribe' (ID: 1C38JFsUTRYHHimqlQwpoRka0Zi1QJKq6)
2026-07-07 00:10:07,952 INFO Found 0 w-termine files in folder
2026-07-07 00:10:07,952 INFO No new w-termine files found
2026-07-07 00:10:07,955 INFO === scribe_sync end ===
2026-07-07 00:20:01,882 INFO === scribe_sync start ===
2026-07-07 00:20:03,432 INFO MCP session initialized (id=a7a7843e-d094-4f62-ad0c-169b6033beb1)
2026-07-07 00:20:04,970 INFO Found folder 'Kindle Scribe' (ID: 1C38JFsUTRYHHimqlQwpoRka0Zi1QJKq6)
2026-07-07 00:20:06,310 INFO Found 0 w-termine files in folder
2026-07-07 00:20:06,314 INFO No new w-termine files found
2026-07-07 00:20:06,316 INFO === scribe_sync end ===
2026-07-07 00:30:01,632 INFO === scribe_sync start ===
2026-07-07 00:30:03,519 INFO MCP session initialized (id=0900fe5c-00af-4614-ae06-9e2c72d1cabd)
2026-07-07 00:30:05,076 INFO Found folder 'Kindle Scribe' (ID: 1C38JFsUTRYHHimqlQwpoRka0Zi1QJKq6)
2026-07-07 00:30:06,364 INFO Found 0 w-termine files in folder
2026-07-07 00:30:06,364 INFO No new w-termine files found
2026-07-07 00:30:06,366 INFO === scribe_sync end ===
2026-07-07 00:40:01,900 INFO === scribe_sync start ===
2026-07-07 00:40:03,592 INFO MCP session initialized (id=811358e9-3fc5-4d0a-8458-2b5c00aa8077)
2026-07-07 00:40:05,009 INFO Found folder 'Kindle Scribe' (ID: 1C38JFsUTRYHHimqlQwpoRka0Zi1QJKq6)
2026-07-07 00:40:06,238 INFO Found 0 w-termine files in folder
2026-07-07 00:40:06,239 INFO No new w-termine files found
2026-07-07 00:40:06,248 INFO === scribe_sync end ===
2026-07-07 00:50:01,458 INFO === scribe_sync start ===
2026-07-07 00:50:03,009 INFO MCP session initialized (id=6660fda4-82eb-4fb0-9e2e-a1a0317a7b22)
2026-07-07 00:50:04,259 INFO Found folder 'Kindle Scribe' (ID: 1C38JFsUTRYHHimqlQwpoRka0Zi1QJKq6)
2026-07-07 00:50:05,653 INFO Found 0 w-termine files in folder
2026-07-07 00:50:05,654 INFO No new w-termine files found
2026-07-07 00:50:05,658 INFO === scribe_sync end ===
2026-07-07 01:00:01,124 INFO === scribe_sync start ===
2026-07-07 01:00:02,910 INFO MCP session initialized (id=9de31e0b-bb8d-4a6e-a023-33389a74cd3f)
2026-07-07 01:00:09,327 INFO Found folder 'Kindle Scribe' (ID: 1C38JFsUTRYHHimqlQwpoRka0Zi1QJKq6)
2026-07-07 01:00:10,717 INFO Found 0 w-termine files in folder
2026-07-07 01:00:10,718 INFO No new w-termine files found
2026-07-07 01:00:10,720 INFO === scribe_sync end ===
2026-07-07 01:10:01,272 INFO === scribe_sync start ===
2026-07-07 01:10:02,587 INFO MCP session initialized (id=646299c5-94c9-4326-8b93-37774ca6944a)
2026-07-07 01:10:03,949 INFO Found folder 'Kindle Scribe' (ID: 1C38JFsUTRYHHimqlQwpoRka0Zi1QJKq6)
2026-07-07 01:10:05,159 INFO Found 0 w-termine files in folder
2026-07-07 01:10:05,165 INFO No new w-termine files found
2026-07-07 01:10:05,169 INFO === scribe_sync end ===
2026-07-07 01:20:02,353 INFO === scribe_sync start ===
2026-07-07 01:20:03,836 INFO MCP session initialized (id=0c2fd315-863d-411a-8ed6-be28ebc0b8fb)
2026-07-07 01:20:05,230 INFO Found folder 'Kindle Scribe' (ID: 1C38JFsUTRYHHimqlQwpoRka0Zi1QJKq6)
2026-07-07 01:20:06,547 INFO Found 0 w-termine files in folder
2026-07-07 01:20:06,549 INFO No new w-termine files found
2026-07-07 01:20:06,554 INFO === scribe_sync end ===
2026-07-07 01:30:01,910 INFO === scribe_sync start ===
2026-07-07 01:30:03,410 INFO MCP session initialized (id=cfc7021d-2c6e-4286-b25a-6fab09f00860)
2026-07-07 01:30:04,701 INFO Found folder 'Kindle Scribe' (ID: 1C38JFsUTRYHHimqlQwpoRka0Zi1QJKq6)
2026-07-07 01:30:06,168 INFO Found 0 w-termine files in folder
2026-07-07 01:30:06,168 INFO No new w-termine files found
2026-07-07 01:30:06,171 INFO === scribe_sync end ===
2026-07-07 01:40:01,927 INFO === scribe_sync start ===
2026-07-07 01:40:05,867 ERROR Unexpected error: ('Connection aborted.', ConnectionResetError(104, 'Connection reset by peer'))
Traceback (most recent call last):
  File "/usr/lib/python3.12/ssl.py", line 993, in _create
    self.getpeername()
OSError: [Errno 107] Transport endpoint is not connected

During handling of the above exception, another exception occurred:

Traceback (most recent call last):
  File "/usr/local/lib/python3.12/dist-packages/urllib3/connectionpool.py", line 787, in urlopen
    response = self._make_request(
               ^^^^^^^^^^^^^^^^^^^
  File "/usr/local/lib/python3.12/dist-packages/urllib3/connectionpool.py", line 488, in _make_request
    raise new_e
  File "/usr/local/lib/python3.12/dist-packages/urllib3/connectionpool.py", line 464, in _make_request
    self._validate_conn(conn)
  File "/usr/local/lib/python3.12/dist-packages/urllib3/connectionpool.py", line 1093, in _validate_conn
    conn.connect()
  File "/usr/local/lib/python3.12/dist-packages/urllib3/connection.py", line 796, in connect
    sock_and_verified = _ssl_wrap_socket_and_match_hostname(
                        ^^^^^^^^^^^^^^^^^^^^^^^^^^^^^^^^^^^^
  File "/usr/local/lib/python3.12/dist-packages/urllib3/connection.py", line 975, in _ssl_wrap_socket_and_match_hostname
    ssl_sock = ssl_wrap_socket(
               ^^^^^^^^^^^^^^^^
  File "/usr/local/lib/python3.12/dist-packages/urllib3/util/ssl_.py", line 483, in ssl_wrap_socket
    ssl_sock = _ssl_wrap_socket_impl(sock, context, tls_in_tls, server_hostname)
               ^^^^^^^^^^^^^^^^^^^^^^^^^^^^^^^^^^^^^^^^^^^^^^^^^^^^^^^^^^^^^^^^^
  File "/usr/local/lib/python3.12/dist-packages/urllib3/util/ssl_.py", line 527, in _ssl_wrap_socket_impl
    return ssl_context.wrap_socket(sock, server_hostname=server_hostname)
           ^^^^^^^^^^^^^^^^^^^^^^^^^^^^^^^^^^^^^^^^^^^^^^^^^^^^^^^^^^^^^^
  File "/usr/lib/python3.12/ssl.py", line 455, in wrap_socket
    return self.sslsocket_class._create(
           ^^^^^^^^^^^^^^^^^^^^^^^^^^^^^
  File "/usr/lib/python3.12/ssl.py", line 1005, in _create
    notconn_pre_handshake_data = self.recv(1)
                                 ^^^^^^^^^^^^
  File "/usr/lib/python3.12/ssl.py", line 1235, in recv
    return super().recv(buflen, flags)
           ^^^^^^^^^^^^^^^^^^^^^^^^^^^
ConnectionResetError: [Errno 104] Connection reset by peer

During handling of the above exception, another exception occurred:

Traceback (most recent call last):
  File "/usr/local/lib/python3.12/dist-packages/requests/adapters.py", line 696, in send
    resp = conn.urlopen(
           ^^^^^^^^^^^^^
  File "/usr/local/lib/python3.12/dist-packages/urllib3/connectionpool.py", line 841, in urlopen
    retries = retries.increment(
              ^^^^^^^^^^^^^^^^^^
  File "/usr/local/lib/python3.12/dist-packages/urllib3/util/retry.py", line 490, in increment
    raise reraise(type(error), error, _stacktrace)
          ^^^^^^^^^^^^^^^^^^^^^^^^^^^^^^^^^^^^^^^^
  File "/usr/local/lib/python3.12/dist-packages/urllib3/util/util.py", line 38, in reraise
    raise value.with_traceback(tb)
  File "/usr/local/lib/python3.12/dist-packages/urllib3/connectionpool.py", line 787, in urlopen
    response = self._make_request(
               ^^^^^^^^^^^^^^^^^^^
  File "/usr/local/lib/python3.12/dist-packages/urllib3/connectionpool.py", line 488, in _make_request
    raise new_e
  File "/usr/local/lib/python3.12/dist-packages/urllib3/connectionpool.py", line 464, in _make_request
    self._validate_conn(conn)
  File "/usr/local/lib/python3.12/dist-packages/urllib3/connectionpool.py", line 1093, in _validate_conn
    conn.connect()
  File "/usr/local/lib/python3.12/dist-packages/urllib3/connection.py", line 796, in connect
    sock_and_verified = _ssl_wrap_socket_and_match_hostname(
                        ^^^^^^^^^^^^^^^^^^^^^^^^^^^^^^^^^^^^
  File "/usr/local/lib/python3.12/dist-packages/urllib3/connection.py", line 975, in _ssl_wrap_socket_and_match_hostname
    ssl_sock = ssl_wrap_socket(
               ^^^^^^^^^^^^^^^^
  File "/usr/local/lib/python3.12/dist-packages/urllib3/util/ssl_.py", line 483, in ssl_wrap_socket
    ssl_sock = _ssl_wrap_socket_impl(sock, context, tls_in_tls, server_hostname)
               ^^^^^^^^^^^^^^^^^^^^^^^^^^^^^^^^^^^^^^^^^^^^^^^^^^^^^^^^^^^^^^^^^
  File "/usr/local/lib/python3.12/dist-packages/urllib3/util/ssl_.py", line 527, in _ssl_wrap_socket_impl
    return ssl_context.wrap_socket(sock, server_hostname=server_hostname)
           ^^^^^^^^^^^^^^^^^^^^^^^^^^^^^^^^^^^^^^^^^^^^^^^^^^^^^^^^^^^^^^
  File "/usr/lib/python3.12/ssl.py", line 455, in wrap_socket
    return self.sslsocket_class._create(
           ^^^^^^^^^^^^^^^^^^^^^^^^^^^^^
  File "/usr/lib/python3.12/ssl.py", line 1005, in _create
    notconn_pre_handshake_data = self.recv(1)
                                 ^^^^^^^^^^^^
  File "/usr/lib/python3.12/ssl.py", line 1235, in recv
    return super().recv(buflen, flags)
           ^^^^^^^^^^^^^^^^^^^^^^^^^^^
urllib3.exceptions.ProtocolError: ('Connection aborted.', ConnectionResetError(104, 'Connection reset by peer'))

During handling of the above exception, another exception occurred:

Traceback (most recent call last):
  File "/root/.local/.openclaw/workspace/scribe/scribe_sync.py", line 605, in main
    process_files()
  File "/root/.local/.openclaw/workspace/scribe/scribe_sync.py", line 518, in process_files
    mcp = MCPClient(MCP_URL, str(OAUTH_FILE))
          ^^^^^^^^^^^^^^^^^^^^^^^^^^^^^^^^^^^
  File "/root/.local/.openclaw/workspace/scribe/scribe_sync.py", line 75, in __init__
    self._initialize()
  File "/root/.local/.openclaw/workspace/scribe/scribe_sync.py", line 108, in _initialize
    r = self.session.post(self.url, json=req, timeout=30)
        ^^^^^^^^^^^^^^^^^^^^^^^^^^^^^^^^^^^^^^^^^^^^^^^^^
  File "/usr/local/lib/python3.12/dist-packages/requests/sessions.py", line 712, in post
    return self.request("POST", url, data=data, json=json, **kwargs)
           ^^^^^^^^^^^^^^^^^^^^^^^^^^^^^^^^^^^^^^^^^^^^^^^^^^^^^^^^^
  File "/usr/local/lib/python3.12/dist-packages/requests/sessions.py", line 651, in request
    resp = self.send(prep, **send_kwargs)
           ^^^^^^^^^^^^^^^^^^^^^^^^^^^^^^
  File "/usr/local/lib/python3.12/dist-packages/requests/sessions.py", line 784, in send
    r = adapter.send(request, **kwargs)
        ^^^^^^^^^^^^^^^^^^^^^^^^^^^^^^^
  File "/usr/local/lib/python3.12/dist-packages/requests/adapters.py", line 711, in send
    raise ConnectionError(err, request=request)
requests.exceptions.ConnectionError: ('Connection aborted.', ConnectionResetError(104, 'Connection reset by peer'))
2026-07-07 01:40:06,039 INFO === scribe_sync end ===
2026-07-07 01:50:02,170 INFO === scribe_sync start ===
2026-07-07 01:50:03,497 INFO MCP session initialized (id=d389b0eb-95f9-4a0e-a0b7-e32b92a8daf5)
2026-07-07 01:50:04,774 INFO Found folder 'Kindle Scribe' (ID: 1C38JFsUTRYHHimqlQwpoRka0Zi1QJKq6)
2026-07-07 01:50:05,985 INFO Found 0 w-termine files in folder
2026-07-07 01:50:05,985 INFO No new w-termine files found
2026-07-07 01:50:05,989 INFO === scribe_sync end ===
2026-07-07 02:00:01,605 INFO === scribe_sync start ===
2026-07-07 02:00:03,863 INFO MCP session initialized (id=8e509436-c5b3-434b-8d62-1273986657a3)
2026-07-07 02:00:05,449 INFO Found folder 'Kindle Scribe' (ID: 1C38JFsUTRYHHimqlQwpoRka0Zi1QJKq6)
2026-07-07 02:00:06,942 INFO Found 0 w-termine files in folder
2026-07-07 02:00:06,943 INFO No new w-termine files found
2026-07-07 02:00:06,945 INFO === scribe_sync end ===
2026-07-07 02:10:01,506 INFO === scribe_sync start ===
2026-07-07 02:10:03,198 INFO MCP session initialized (id=c97c66b0-dc72-4dff-8925-971e5a169d60)
2026-07-07 02:10:04,778 INFO Found folder 'Kindle Scribe' (ID: 1C38JFsUTRYHHimqlQwpoRka0Zi1QJKq6)
2026-07-07 02:10:06,061 INFO Found 0 w-termine files in folder
2026-07-07 02:10:06,061 INFO No new w-termine files found
2026-07-07 02:10:06,064 INFO === scribe_sync end ===
2026-07-07 02:20:01,205 INFO === scribe_sync start ===
2026-07-07 02:20:02,754 INFO MCP session initialized (id=67023cdc-3c46-4202-b202-ee5b3512f831)
2026-07-07 02:20:04,119 INFO Found folder 'Kindle Scribe' (ID: 1C38JFsUTRYHHimqlQwpoRka0Zi1QJKq6)
2026-07-07 02:20:05,513 INFO Found 0 w-termine files in folder
2026-07-07 02:20:05,513 INFO No new w-termine files found
2026-07-07 02:20:05,515 INFO === scribe_sync end ===
2026-07-07 02:30:01,318 INFO === scribe_sync start ===
2026-07-07 02:30:02,886 INFO MCP session initialized (id=717f032e-2f7b-4234-9f0d-ea2055f4ecfa)
2026-07-07 02:30:04,948 INFO Found folder 'Kindle Scribe' (ID: 1C38JFsUTRYHHimqlQwpoRka0Zi1QJKq6)
2026-07-07 02:30:06,147 INFO Found 0 w-termine files in folder
2026-07-07 02:30:06,147 INFO No new w-termine files found
2026-07-07 02:30:06,151 INFO === scribe_sync end ===
2026-07-07 02:40:01,183 INFO === scribe_sync start ===
2026-07-07 02:40:02,833 INFO MCP session initialized (id=b124d7d5-67b7-4430-a2bd-c5ea4b9ebf6a)
2026-07-07 02:40:04,035 INFO Found folder 'Kindle Scribe' (ID: 1C38JFsUTRYHHimqlQwpoRka0Zi1QJKq6)
2026-07-07 02:40:05,237 INFO Found 0 w-termine files in folder
2026-07-07 02:40:05,238 INFO No new w-termine files found
2026-07-07 02:40:05,239 INFO === scribe_sync end ===
2026-07-07 02:50:01,282 INFO === scribe_sync start ===
2026-07-07 02:50:02,873 INFO MCP session initialized (id=d585c809-2707-4acc-82f4-4c4d6970076b)
2026-07-07 02:50:04,143 INFO Found folder 'Kindle Scribe' (ID: 1C38JFsUTRYHHimqlQwpoRka0Zi1QJKq6)
2026-07-07 02:50:05,275 INFO Found 0 w-termine files in folder
2026-07-07 02:50:05,275 INFO No new w-termine files found
2026-07-07 02:50:05,277 INFO === scribe_sync end ===
2026-07-07 03:00:02,067 INFO === scribe_sync start ===
2026-07-07 03:00:03,737 INFO MCP session initialized (id=a2849ca1-1524-4aa8-a297-d3941e13a354)
2026-07-07 03:00:14,161 INFO Found folder 'Kindle Scribe' (ID: 1C38JFsUTRYHHimqlQwpoRka0Zi1QJKq6)
2026-07-07 03:00:15,655 INFO Found 0 w-termine files in folder
2026-07-07 03:00:15,655 INFO No new w-termine files found
2026-07-07 03:00:15,658 INFO === scribe_sync end ===
2026-07-07 03:10:01,666 INFO === scribe_sync start ===
2026-07-07 03:10:03,017 INFO MCP session initialized (id=ceec1248-2cab-41e9-b91e-3a5a0589fbf3)
2026-07-07 03:10:04,542 INFO Found folder 'Kindle Scribe' (ID: 1C38JFsUTRYHHimqlQwpoRka0Zi1QJKq6)
2026-07-07 03:10:05,732 INFO Found 0 w-termine files in folder
2026-07-07 03:10:05,733 INFO No new w-termine files found
2026-07-07 03:10:05,735 INFO === scribe_sync end ===
2026-07-07 03:20:01,860 INFO === scribe_sync start ===
2026-07-07 03:20:03,589 INFO MCP session initialized (id=b4a6c0ad-85b0-45d2-b319-ad1973d7eee2)
2026-07-07 03:20:04,930 INFO Found folder 'Kindle Scribe' (ID: 1C38JFsUTRYHHimqlQwpoRka0Zi1QJKq6)
2026-07-07 03:20:06,198 INFO Found 0 w-termine files in folder
2026-07-07 03:20:06,199 INFO No new w-termine files found
2026-07-07 03:20:06,201 INFO === scribe_sync end ===
2026-07-07 03:30:02,243 INFO === scribe_sync start ===
2026-07-07 03:30:03,596 INFO MCP session initialized (id=7e03ef69-99ee-444c-b876-6282142cd18c)
2026-07-07 03:30:04,973 INFO Found folder 'Kindle Scribe' (ID: 1C38JFsUTRYHHimqlQwpoRka0Zi1QJKq6)
2026-07-07 03:30:06,138 INFO Found 0 w-termine files in folder
2026-07-07 03:30:06,139 INFO No new w-termine files found
2026-07-07 03:30:06,164 INFO === scribe_sync end ===
2026-07-07 03:40:01,827 INFO === scribe_sync start ===
2026-07-07 03:40:03,462 INFO MCP session initialized (id=ab356a41-4ca6-41e0-9750-e2552374df76)
2026-07-07 03:40:04,995 INFO Found folder 'Kindle Scribe' (ID: 1C38JFsUTRYHHimqlQwpoRka0Zi1QJKq6)
2026-07-07 03:40:06,629 INFO Found 0 w-termine files in folder
2026-07-07 03:40:06,631 INFO No new w-termine files found
2026-07-07 03:40:06,636 INFO === scribe_sync end ===
2026-07-07 03:50:01,507 INFO === scribe_sync start ===
2026-07-07 03:50:02,923 INFO MCP session initialized (id=682c999e-2637-46a7-ba1b-b003abbdd150)
2026-07-07 03:50:04,257 INFO Found folder 'Kindle Scribe' (ID: 1C38JFsUTRYHHimqlQwpoRka0Zi1QJKq6)
2026-07-07 03:50:05,471 INFO Found 0 w-termine files in folder
2026-07-07 03:50:05,471 INFO No new w-termine files found
2026-07-07 03:50:05,473 INFO === scribe_sync end ===
2026-07-07 04:00:01,774 INFO === scribe_sync start ===
2026-07-07 04:00:03,446 INFO MCP session initialized (id=b07e26af-1952-455f-9eeb-e96a367d5656)
2026-07-07 04:00:04,892 INFO Found folder 'Kindle Scribe' (ID: 1C38JFsUTRYHHimqlQwpoRka0Zi1QJKq6)
2026-07-07 04:00:06,331 INFO Found 0 w-termine files in folder
2026-07-07 04:00:06,331 INFO No new w-termine files found
2026-07-07 04:00:06,334 INFO === scribe_sync end ===
2026-07-07 04:10:02,208 INFO === scribe_sync start ===
2026-07-07 04:10:03,746 INFO MCP session initialized (id=3a16ef6a-cf6c-4d53-8cad-ffc418ae387e)
2026-07-07 04:10:05,575 INFO Found folder 'Kindle Scribe' (ID: 1C38JFsUTRYHHimqlQwpoRka0Zi1QJKq6)
2026-07-07 04:10:06,969 INFO Found 0 w-termine files in folder
2026-07-07 04:10:06,970 INFO No new w-termine files found
2026-07-07 04:10:07,023 INFO === scribe_sync end ===
2026-07-07 04:20:01,202 INFO === scribe_sync start ===
2026-07-07 04:20:03,037 INFO MCP session initialized (id=bf0a2409-3742-4ef4-a7ad-4ffee151bd9a)
2026-07-07 04:20:04,419 INFO Found folder 'Kindle Scribe' (ID: 1C38JFsUTRYHHimqlQwpoRka0Zi1QJKq6)
2026-07-07 04:20:05,727 INFO Found 0 w-termine files in folder
2026-07-07 04:20:05,727 INFO No new w-termine files found
2026-07-07 04:20:05,747 INFO === scribe_sync end ===
2026-07-07 04:30:01,435 INFO === scribe_sync start ===
2026-07-07 04:30:03,200 INFO MCP session initialized (id=1a5826cb-23f8-43bf-85e0-43430e54d19b)
2026-07-07 04:30:04,623 INFO Found folder 'Kindle Scribe' (ID: 1C38JFsUTRYHHimqlQwpoRka0Zi1QJKq6)
2026-07-07 04:30:05,835 INFO Found 0 w-termine files in folder
2026-07-07 04:30:05,835 INFO No new w-termine files found
2026-07-07 04:30:05,838 INFO === scribe_sync end ===
2026-07-07 04:40:01,967 INFO === scribe_sync start ===
2026-07-07 04:40:03,623 INFO MCP session initialized (id=c672fd2a-f2a2-47aa-8145-e5615de90ad8)
2026-07-07 04:40:05,788 INFO Found folder 'Kindle Scribe' (ID: 1C38JFsUTRYHHimqlQwpoRka0Zi1QJKq6)
2026-07-07 04:40:07,022 INFO Found 0 w-termine files in folder
2026-07-07 04:40:07,022 INFO No new w-termine files found
2026-07-07 04:40:07,024 INFO === scribe_sync end ===
2026-07-07 04:50:01,932 INFO === scribe_sync start ===
2026-07-07 04:50:03,392 INFO MCP session initialized (id=872c97cf-b6d4-4865-9812-7cc5fd05121c)
2026-07-07 04:50:04,930 INFO Found folder 'Kindle Scribe' (ID: 1C38JFsUTRYHHimqlQwpoRka0Zi1QJKq6)
2026-07-07 04:50:10,985 INFO Found 0 w-termine files in folder
2026-07-07 04:50:10,986 INFO No new w-termine files found
2026-07-07 04:50:10,987 INFO === scribe_sync end ===
2026-07-07 05:00:01,622 INFO === scribe_sync start ===
2026-07-07 05:00:03,525 INFO MCP session initialized (id=7c2755c7-de41-4124-832d-f74ca04aba05)
2026-07-07 05:00:04,895 INFO Found folder 'Kindle Scribe' (ID: 1C38JFsUTRYHHimqlQwpoRka0Zi1QJKq6)
2026-07-07 05:00:06,133 INFO Found 0 w-termine files in folder
2026-07-07 05:00:06,133 INFO No new w-termine files found
2026-07-07 05:00:06,135 INFO === scribe_sync end ===
2026-07-07 05:10:01,910 INFO === scribe_sync start ===
2026-07-07 05:10:22,536 INFO MCP session initialized (id=10453cb8-f64a-4409-8ef7-ca9e05ecd638)
2026-07-07 05:10:24,195 INFO Found folder 'Kindle Scribe' (ID: 1C38JFsUTRYHHimqlQwpoRka0Zi1QJKq6)
2026-07-07 05:10:25,547 INFO Found 0 w-termine files in folder
2026-07-07 05:10:25,547 INFO No new w-termine files found
2026-07-07 05:10:25,548 INFO === scribe_sync end ===
2026-07-07 05:20:02,041 INFO === scribe_sync start ===
2026-07-07 05:20:04,029 INFO MCP session initialized (id=1238de75-d60f-4e18-af45-db89f6924a51)
2026-07-07 05:20:05,515 INFO Found folder 'Kindle Scribe' (ID: 1C38JFsUTRYHHimqlQwpoRka0Zi1QJKq6)
2026-07-07 05:20:06,761 INFO Found 0 w-termine files in folder
2026-07-07 05:20:06,771 INFO No new w-termine files found
2026-07-07 05:20:06,823 INFO === scribe_sync end ===
2026-07-07 05:30:01,895 INFO === scribe_sync start ===
2026-07-07 05:30:03,520 INFO MCP session initialized (id=d89b9b53-103a-4106-982a-d7f4d057980d)
2026-07-07 05:30:04,870 INFO Found folder 'Kindle Scribe' (ID: 1C38JFsUTRYHHimqlQwpoRka0Zi1QJKq6)
2026-07-07 05:30:07,783 INFO Found 0 w-termine files in folder
2026-07-07 05:30:07,783 INFO No new w-termine files found
2026-07-07 05:30:07,787 INFO === scribe_sync end ===
2026-07-07 05:40:01,173 INFO === scribe_sync start ===
2026-07-07 05:40:02,577 INFO MCP session initialized (id=efc440b6-76d9-496c-b2ce-3d05ed967e8f)
2026-07-07 05:40:03,875 INFO Found folder 'Kindle Scribe' (ID: 1C38JFsUTRYHHimqlQwpoRka0Zi1QJKq6)
2026-07-07 05:40:05,148 INFO Found 0 w-termine files in folder
2026-07-07 05:40:05,148 INFO No new w-termine files found
2026-07-07 05:40:05,151 INFO === scribe_sync end ===
2026-07-07 05:50:02,164 INFO === scribe_sync start ===
2026-07-07 05:50:03,601 INFO MCP session initialized (id=eca4372d-ddd5-41b3-a5c1-84acbed411ba)
2026-07-07 05:50:05,310 INFO Found folder 'Kindle Scribe' (ID: 1C38JFsUTRYHHimqlQwpoRka0Zi1QJKq6)
2026-07-07 05:50:06,617 INFO Found 0 w-termine files in folder
2026-07-07 05:50:06,617 INFO No new w-termine files found
2026-07-07 05:50:06,619 INFO === scribe_sync end ===
2026-07-07 06:00:01,787 INFO === scribe_sync start ===
2026-07-07 06:00:04,004 INFO MCP session initialized (id=3fbb8a67-7618-4a9a-899c-c06e2943e9cb)
2026-07-07 06:00:05,550 INFO Found folder 'Kindle Scribe' (ID: 1C38JFsUTRYHHimqlQwpoRka0Zi1QJKq6)
2026-07-07 06:00:06,903 INFO Found 0 w-termine files in folder
2026-07-07 06:00:06,903 INFO No new w-termine files found
2026-07-07 06:00:06,906 INFO === scribe_sync end ===
2026-07-07 06:10:01,407 INFO === scribe_sync start ===
2026-07-07 06:10:02,933 INFO MCP session initialized (id=647961c1-f52a-4640-93ac-03f4421def3a)
2026-07-07 06:10:04,247 INFO Found folder 'Kindle Scribe' (ID: 1C38JFsUTRYHHimqlQwpoRka0Zi1QJKq6)
2026-07-07 06:10:05,528 INFO Found 0 w-termine files in folder
2026-07-07 06:10:05,528 INFO No new w-termine files found
2026-07-07 06:10:05,536 INFO === scribe_sync end ===
2026-07-07 06:20:02,238 INFO === scribe_sync start ===
2026-07-07 06:20:03,908 INFO MCP session initialized (id=998eaee4-c526-4067-8c0e-b2f8a767ba0e)
2026-07-07 06:20:05,236 INFO Found folder 'Kindle Scribe' (ID: 1C38JFsUTRYHHimqlQwpoRka0Zi1QJKq6)
2026-07-07 06:20:06,524 INFO Found 0 w-termine files in folder
2026-07-07 06:20:06,525 INFO No new w-termine files found
2026-07-07 06:20:06,528 INFO === scribe_sync end ===
2026-07-07 06:30:01,427 INFO === scribe_sync start ===
2026-07-07 06:30:02,857 INFO MCP session initialized (id=f5eb4ce8-c952-4905-bb0c-5ca28584e865)
2026-07-07 06:30:04,413 INFO Found folder 'Kindle Scribe' (ID: 1C38JFsUTRYHHimqlQwpoRka0Zi1QJKq6)
2026-07-07 06:30:05,582 INFO Found 0 w-termine files in folder
2026-07-07 06:30:05,582 INFO No new w-termine files found
2026-07-07 06:30:05,593 INFO === scribe_sync end ===
2026-07-07 06:40:02,065 INFO === scribe_sync start ===
2026-07-07 06:40:04,015 INFO MCP session initialized (id=8fb63d0b-abc6-4a6b-9671-62346e45a068)
2026-07-07 06:40:05,331 INFO Found folder 'Kindle Scribe' (ID: 1C38JFsUTRYHHimqlQwpoRka0Zi1QJKq6)
2026-07-07 06:40:06,711 INFO Found 0 w-termine files in folder
2026-07-07 06:40:06,712 INFO No new w-termine files found
2026-07-07 06:40:06,713 INFO === scribe_sync end ===
2026-07-07 06:50:01,764 INFO === scribe_sync start ===
2026-07-07 06:50:03,882 INFO MCP session initialized (id=5bfbff74-8b5c-4614-b7d0-cbf7180af81b)
2026-07-07 06:50:05,694 INFO Found folder 'Kindle Scribe' (ID: 1C38JFsUTRYHHimqlQwpoRka0Zi1QJKq6)
2026-07-07 06:50:06,994 INFO Found 0 w-termine files in folder
2026-07-07 06:50:06,995 INFO No new w-termine files found
2026-07-07 06:50:06,996 INFO === scribe_sync end ===
2026-07-07 07:00:01,212 INFO === scribe_sync start ===
2026-07-07 07:00:02,980 INFO MCP session initialized (id=2f3faf1f-2e8a-4635-b5f1-3457a1fe34c4)
2026-07-07 07:00:05,156 INFO Found folder 'Kindle Scribe' (ID: 1C38JFsUTRYHHimqlQwpoRka0Zi1QJKq6)
2026-07-07 07:00:06,748 INFO Found 0 w-termine files in folder
2026-07-07 07:00:06,748 INFO No new w-termine files found
2026-07-07 07:00:06,750 INFO === scribe_sync end ===
2026-07-07 07:10:01,996 INFO === scribe_sync start ===
2026-07-07 07:10:04,117 INFO MCP session initialized (id=646e3e55-603a-4b90-902a-2ca042d4f5ad)
2026-07-07 07:10:05,570 INFO Found folder 'Kindle Scribe' (ID: 1C38JFsUTRYHHimqlQwpoRka0Zi1QJKq6)
2026-07-07 07:10:07,035 INFO Found 0 w-termine files in folder
2026-07-07 07:10:07,036 INFO No new w-termine files found
2026-07-07 07:10:07,039 INFO === scribe_sync end ===
2026-07-07 07:20:01,607 INFO === scribe_sync start ===
2026-07-07 07:20:03,323 INFO MCP session initialized (id=da1b19eb-af58-4239-a999-b4ff00f07243)
2026-07-07 07:20:05,537 INFO Found folder 'Kindle Scribe' (ID: 1C38JFsUTRYHHimqlQwpoRka0Zi1QJKq6)
2026-07-07 07:20:06,773 INFO Found 0 w-termine files in folder
2026-07-07 07:20:06,775 INFO No new w-termine files found
2026-07-07 07:20:06,778 INFO === scribe_sync end ===
2026-07-07 07:30:02,402 INFO === scribe_sync start ===
2026-07-07 07:30:04,197 INFO MCP session initialized (id=7b6074f7-9f72-4dd8-961e-7f51784d1105)
2026-07-07 07:30:05,572 INFO Found folder 'Kindle Scribe' (ID: 1C38JFsUTRYHHimqlQwpoRka0Zi1QJKq6)
2026-07-07 07:30:06,892 INFO Found 0 w-termine files in folder
2026-07-07 07:30:06,893 INFO No new w-termine files found
2026-07-07 07:30:06,915 INFO === scribe_sync end ===
2026-07-07 07:40:01,509 INFO === scribe_sync start ===
2026-07-07 07:40:03,760 INFO MCP session initialized (id=a8a990fe-1f2e-4d7d-8487-f2fc10a42805)
2026-07-07 07:40:05,142 INFO Found folder 'Kindle Scribe' (ID: 1C38JFsUTRYHHimqlQwpoRka0Zi1QJKq6)
2026-07-07 07:40:06,594 INFO Found 0 w-termine files in folder
2026-07-07 07:40:06,594 INFO No new w-termine files found
2026-07-07 07:40:06,596 INFO === scribe_sync end ===
2026-07-07 07:50:02,262 INFO === scribe_sync start ===
2026-07-07 07:50:03,766 INFO MCP session initialized (id=c18ddc3f-0f15-412d-b955-5aab0e083cbb)
2026-07-07 07:50:05,069 INFO Found folder 'Kindle Scribe' (ID: 1C38JFsUTRYHHimqlQwpoRka0Zi1QJKq6)
2026-07-07 07:50:06,322 INFO Found 0 w-termine files in folder
2026-07-07 07:50:06,322 INFO No new w-termine files found
2026-07-07 07:50:06,329 INFO === scribe_sync end ===
2026-07-07 08:00:01,783 INFO === scribe_sync start ===
2026-07-07 08:00:03,387 INFO MCP session initialized (id=ff230653-8290-4de0-8e05-78a4811d1016)
2026-07-07 08:00:04,930 INFO Found folder 'Kindle Scribe' (ID: 1C38JFsUTRYHHimqlQwpoRka0Zi1QJKq6)
2026-07-07 08:00:06,943 INFO Found 0 w-termine files in folder
2026-07-07 08:00:06,943 INFO No new w-termine files found
2026-07-07 08:00:06,946 INFO === scribe_sync end ===
2026-07-07 08:10:02,114 INFO === scribe_sync start ===
2026-07-07 08:10:03,533 INFO MCP session initialized (id=946efde9-c522-4653-ae15-98dac273704d)
2026-07-07 08:10:05,212 INFO Found folder 'Kindle Scribe' (ID: 1C38JFsUTRYHHimqlQwpoRka0Zi1QJKq6)
2026-07-07 08:10:06,617 INFO Found 0 w-termine files in folder
2026-07-07 08:10:06,651 INFO No new w-termine files found
2026-07-07 08:10:06,655 INFO === scribe_sync end ===
2026-07-07 08:20:01,566 INFO === scribe_sync start ===
2026-07-07 08:20:03,095 INFO MCP session initialized (id=d08a88fc-8754-4b53-b366-468c9c0e5994)
2026-07-07 08:20:04,479 INFO Found folder 'Kindle Scribe' (ID: 1C38JFsUTRYHHimqlQwpoRka0Zi1QJKq6)
2026-07-07 08:20:05,801 INFO Found 0 w-termine files in folder
2026-07-07 08:20:05,802 INFO No new w-termine files found
2026-07-07 08:20:05,804 INFO === scribe_sync end ===
2026-07-07 08:30:02,196 INFO === scribe_sync start ===
2026-07-07 08:30:07,207 INFO MCP session initialized (id=845c77b7-702b-4b3a-a077-e32d37053c69)
2026-07-07 08:30:15,673 INFO Found folder 'Kindle Scribe' (ID: 1C38JFsUTRYHHimqlQwpoRka0Zi1QJKq6)
2026-07-07 08:30:17,028 INFO Found 0 w-termine files in folder
2026-07-07 08:30:17,028 INFO No new w-termine files found
2026-07-07 08:30:17,032 INFO === scribe_sync end ===
2026-07-07 08:40:02,226 INFO === scribe_sync start ===
2026-07-07 08:40:03,503 INFO MCP session initialized (id=7168528e-fb18-4f7c-a37c-d264b08e05ba)
2026-07-07 08:40:05,515 INFO Found folder 'Kindle Scribe' (ID: 1C38JFsUTRYHHimqlQwpoRka0Zi1QJKq6)
2026-07-07 08:40:06,870 INFO Found 0 w-termine files in folder
2026-07-07 08:40:06,870 INFO No new w-termine files found
2026-07-07 08:40:06,872 INFO === scribe_sync end ===
2026-07-07 08:50:02,132 INFO === scribe_sync start ===
2026-07-07 08:50:08,638 INFO MCP session initialized (id=17af7d6a-cddf-440d-b57a-935501f38940)
2026-07-07 08:50:10,076 INFO Found folder 'Kindle Scribe' (ID: 1C38JFsUTRYHHimqlQwpoRka0Zi1QJKq6)
2026-07-07 08:50:11,650 INFO Found 0 w-termine files in folder
2026-07-07 08:50:11,651 INFO No new w-termine files found
2026-07-07 08:50:11,652 INFO === scribe_sync end ===
2026-07-07 09:00:01,159 INFO === scribe_sync start ===
2026-07-07 09:00:02,572 INFO MCP session initialized (id=ad6ff56f-0c60-4b2c-983d-6cf2d26fcd17)
2026-07-07 09:00:04,174 INFO Found folder 'Kindle Scribe' (ID: 1C38JFsUTRYHHimqlQwpoRka0Zi1QJKq6)
2026-07-07 09:00:11,317 INFO Found 0 w-termine files in folder
2026-07-07 09:00:11,318 INFO No new w-termine files found
2026-07-07 09:00:11,322 INFO === scribe_sync end ===
2026-07-07 09:10:01,224 INFO === scribe_sync start ===
2026-07-07 09:10:02,554 INFO MCP session initialized (id=222f01a5-a804-42fa-9144-a38886c9a97f)
2026-07-07 09:10:04,319 INFO Found folder 'Kindle Scribe' (ID: 1C38JFsUTRYHHimqlQwpoRka0Zi1QJKq6)
2026-07-07 09:10:05,646 INFO Found 0 w-termine files in folder
2026-07-07 09:10:05,646 INFO No new w-termine files found
2026-07-07 09:10:05,648 INFO === scribe_sync end ===
2026-07-07 09:20:01,766 INFO === scribe_sync start ===
2026-07-07 09:20:03,630 INFO MCP session initialized (id=b6c13073-2f7c-4bf1-9dc5-36dd330b2a9b)
2026-07-07 09:20:04,943 INFO Found folder 'Kindle Scribe' (ID: 1C38JFsUTRYHHimqlQwpoRka0Zi1QJKq6)
2026-07-07 09:20:06,104 INFO Found 0 w-termine files in folder
2026-07-07 09:20:06,105 INFO No new w-termine files found
2026-07-07 09:20:06,106 INFO === scribe_sync end ===
2026-07-07 09:30:01,534 INFO === scribe_sync start ===
2026-07-07 09:30:03,174 INFO MCP session initialized (id=e88b7a9c-b96b-436b-841b-8e58f9b05161)
2026-07-07 09:30:05,170 INFO Found folder 'Kindle Scribe' (ID: 1C38JFsUTRYHHimqlQwpoRka0Zi1QJKq6)
2026-07-07 09:30:08,754 INFO Found 0 w-termine files in folder
2026-07-07 09:30:08,754 INFO No new w-termine files found
2026-07-07 09:30:08,756 INFO === scribe_sync end ===
2026-07-07 09:40:01,446 INFO === scribe_sync start ===
2026-07-07 09:40:02,983 INFO MCP session initialized (id=ceb92a23-9c71-49e0-a262-9884e606c854)
2026-07-07 09:40:05,716 INFO Found folder 'Kindle Scribe' (ID: 1C38JFsUTRYHHimqlQwpoRka0Zi1QJKq6)
2026-07-07 09:40:06,965 INFO Found 0 w-termine files in folder
2026-07-07 09:40:06,965 INFO No new w-termine files found
2026-07-07 09:40:06,969 INFO === scribe_sync end ===
2026-07-07 09:50:02,217 INFO === scribe_sync start ===
2026-07-07 09:50:03,636 INFO MCP session initialized (id=d27747db-1896-4e55-aff6-a713ad5ae0a0)
2026-07-07 09:50:05,250 INFO Found folder 'Kindle Scribe' (ID: 1C38JFsUTRYHHimqlQwpoRka0Zi1QJKq6)
2026-07-07 09:50:06,436 INFO Found 0 w-termine files in folder
2026-07-07 09:50:06,436 INFO No new w-termine files found
2026-07-07 09:50:06,439 INFO === scribe_sync end ===
2026-07-07 10:00:02,083 INFO === scribe_sync start ===
2026-07-07 10:00:04,139 INFO MCP session initialized (id=7c858957-1b76-46fc-83e3-c5027d9606a6)
2026-07-07 10:00:05,978 INFO Found folder 'Kindle Scribe' (ID: 1C38JFsUTRYHHimqlQwpoRka0Zi1QJKq6)
2026-07-07 10:00:07,487 INFO Found 0 w-termine files in folder
2026-07-07 10:00:07,488 INFO No new w-termine files found
2026-07-07 10:00:07,495 INFO === scribe_sync end ===
2026-07-07 10:10:01,883 INFO === scribe_sync start ===
2026-07-07 10:10:03,462 INFO MCP session initialized (id=0bb3b81d-bb59-4ccd-8b03-378e198338d9)
2026-07-07 10:10:04,828 INFO Found folder 'Kindle Scribe' (ID: 1C38JFsUTRYHHimqlQwpoRka0Zi1QJKq6)
2026-07-07 10:10:06,171 INFO Found 0 w-termine files in folder
2026-07-07 10:10:06,172 INFO No new w-termine files found
2026-07-07 10:10:06,176 INFO === scribe_sync end ===
2026-07-07 10:20:02,243 INFO === scribe_sync start ===
2026-07-07 10:20:04,067 INFO MCP session initialized (id=ee00c0ba-af34-4db8-ba4f-10c392f0d3f1)
2026-07-07 10:20:05,702 INFO Found folder 'Kindle Scribe' (ID: 1C38JFsUTRYHHimqlQwpoRka0Zi1QJKq6)
2026-07-07 10:20:07,135 INFO Found 0 w-termine files in folder
2026-07-07 10:20:07,136 INFO No new w-termine files found
2026-07-07 10:20:07,138 INFO === scribe_sync end ===
2026-07-07 10:30:02,040 INFO === scribe_sync start ===
2026-07-07 10:30:33,411 INFO MCP session initialized (id=c6571d4f-6556-4094-9b95-3141e9d780b1)
2026-07-07 10:30:34,741 INFO Found folder 'Kindle Scribe' (ID: 1C38JFsUTRYHHimqlQwpoRka0Zi1QJKq6)
2026-07-07 10:30:35,934 INFO Found 0 w-termine files in folder
2026-07-07 10:30:35,934 INFO No new w-termine files found
2026-07-07 10:30:35,936 INFO === scribe_sync end ===
2026-07-07 10:40:01,773 INFO === scribe_sync start ===
2026-07-07 10:40:04,612 INFO MCP session initialized (id=2d69789f-1951-4e5a-8d1f-a3ef5ba23042)
2026-07-07 10:40:06,280 INFO Found folder 'Kindle Scribe' (ID: 1C38JFsUTRYHHimqlQwpoRka0Zi1QJKq6)
2026-07-07 10:40:07,650 INFO Found 0 w-termine files in folder
2026-07-07 10:40:07,651 INFO No new w-termine files found
2026-07-07 10:40:07,655 INFO === scribe_sync end ===
2026-07-07 10:50:01,206 INFO === scribe_sync start ===
2026-07-07 10:50:02,650 INFO MCP session initialized (id=e2cbc1de-d511-4d15-9d66-36da57cee2c9)
2026-07-07 10:50:03,938 INFO Found folder 'Kindle Scribe' (ID: 1C38JFsUTRYHHimqlQwpoRka0Zi1QJKq6)
2026-07-07 10:50:05,992 INFO Found 0 w-termine files in folder
2026-07-07 10:50:05,993 INFO No new w-termine files found
2026-07-07 10:50:05,996 INFO === scribe_sync end ===
2026-07-07 11:00:01,241 INFO === scribe_sync start ===
2026-07-07 11:00:02,929 INFO MCP session initialized (id=db29193e-de6d-4538-8463-dbf0097c0103)
2026-07-07 11:00:09,916 INFO Found folder 'Kindle Scribe' (ID: 1C38JFsUTRYHHimqlQwpoRka0Zi1QJKq6)
2026-07-07 11:00:11,576 INFO Found 0 w-termine files in folder
2026-07-07 11:00:11,576 INFO No new w-termine files found
2026-07-07 11:00:11,580 INFO === scribe_sync end ===
2026-07-07 11:10:01,577 INFO === scribe_sync start ===
2026-07-07 11:10:03,012 INFO MCP session initialized (id=0bfafa18-5a58-4803-b4b8-d6abf923b7c5)
2026-07-07 11:10:04,427 INFO Found folder 'Kindle Scribe' (ID: 1C38JFsUTRYHHimqlQwpoRka0Zi1QJKq6)
2026-07-07 11:10:05,785 INFO Found 0 w-termine files in folder
2026-07-07 11:10:05,786 INFO No new w-termine files found
2026-07-07 11:10:05,797 INFO === scribe_sync end ===
2026-07-07 11:20:01,605 INFO === scribe_sync start ===
2026-07-07 11:20:03,098 INFO MCP session initialized (id=9333c310-652a-4d5d-8137-6d0e5e087f23)
2026-07-07 11:20:04,397 INFO Found folder 'Kindle Scribe' (ID: 1C38JFsUTRYHHimqlQwpoRka0Zi1QJKq6)
2026-07-07 11:20:05,564 INFO Found 0 w-termine files in folder
2026-07-07 11:20:05,565 INFO No new w-termine files found
2026-07-07 11:20:05,570 INFO === scribe_sync end ===
2026-07-07 11:30:01,359 INFO === scribe_sync start ===
2026-07-07 11:30:02,928 INFO MCP session initialized (id=1d500a53-04ad-4086-95ab-44c7a7f24ef0)
2026-07-07 11:30:04,652 INFO Found folder 'Kindle Scribe' (ID: 1C38JFsUTRYHHimqlQwpoRka0Zi1QJKq6)
2026-07-07 11:30:06,003 INFO Found 0 w-termine files in folder
2026-07-07 11:30:06,003 INFO No new w-termine files found
2026-07-07 11:30:06,005 INFO === scribe_sync end ===
2026-07-07 11:40:02,166 INFO === scribe_sync start ===
2026-07-07 11:40:04,085 INFO MCP session initialized (id=a5376ccc-e5e3-4c1b-a709-ce4b13e260b9)
2026-07-07 11:40:06,468 INFO Found folder 'Kindle Scribe' (ID: 1C38JFsUTRYHHimqlQwpoRka0Zi1QJKq6)
2026-07-07 11:40:07,904 INFO Found 0 w-termine files in folder
2026-07-07 11:40:07,905 INFO No new w-termine files found
2026-07-07 11:40:07,907 INFO === scribe_sync end ===
2026-07-07 11:50:01,520 INFO === scribe_sync start ===
2026-07-07 11:50:03,109 INFO MCP session initialized (id=44afd198-f77c-4c84-a9b4-536caf3ef0d7)
2026-07-07 11:50:04,456 INFO Found folder 'Kindle Scribe' (ID: 1C38JFsUTRYHHimqlQwpoRka0Zi1QJKq6)
2026-07-07 11:50:05,822 INFO Found 0 w-termine files in folder
2026-07-07 11:50:05,822 INFO No new w-termine files found
2026-07-07 11:50:05,829 INFO === scribe_sync end ===
2026-07-07 12:00:01,334 INFO === scribe_sync start ===
2026-07-07 12:00:02,821 INFO MCP session initialized (id=7459904f-ad1b-44cc-98a6-b11a7e7159d5)
2026-07-07 12:00:09,648 INFO Found folder 'Kindle Scribe' (ID: 1C38JFsUTRYHHimqlQwpoRka0Zi1QJKq6)
2026-07-07 12:00:11,435 INFO Found 0 w-termine files in folder
2026-07-07 12:00:11,435 INFO No new w-termine files found
2026-07-07 12:00:11,439 INFO === scribe_sync end ===
2026-07-07 12:10:01,611 INFO === scribe_sync start ===
2026-07-07 12:10:03,265 INFO MCP session initialized (id=ebf746f9-5414-4c58-9736-393b9b95f134)
2026-07-07 12:10:04,788 INFO Found folder 'Kindle Scribe' (ID: 1C38JFsUTRYHHimqlQwpoRka0Zi1QJKq6)
2026-07-07 12:10:06,595 INFO Found 0 w-termine files in folder
2026-07-07 12:10:06,596 INFO No new w-termine files found
2026-07-07 12:10:06,602 INFO === scribe_sync end ===
2026-07-07 12:20:02,251 INFO === scribe_sync start ===
2026-07-07 12:20:03,821 INFO MCP session initialized (id=2d844004-d213-45ae-b145-90c366366aae)
2026-07-07 12:20:05,433 INFO Found folder 'Kindle Scribe' (ID: 1C38JFsUTRYHHimqlQwpoRka0Zi1QJKq6)
2026-07-07 12:20:06,662 INFO Found 0 w-termine files in folder
2026-07-07 12:20:06,663 INFO No new w-termine files found
2026-07-07 12:20:06,666 INFO === scribe_sync end ===
2026-07-07 12:30:01,601 INFO === scribe_sync start ===
2026-07-07 12:30:03,143 INFO MCP session initialized (id=51bb05fe-4267-4716-8245-de464e1add84)
2026-07-07 12:30:05,017 INFO Found folder 'Kindle Scribe' (ID: 1C38JFsUTRYHHimqlQwpoRka0Zi1QJKq6)
2026-07-07 12:30:06,565 INFO Found 0 w-termine files in folder
2026-07-07 12:30:06,565 INFO No new w-termine files found
2026-07-07 12:30:06,570 INFO === scribe_sync end ===
2026-07-07 12:40:01,264 INFO === scribe_sync start ===
2026-07-07 12:40:02,810 INFO MCP session initialized (id=f82ccca9-e3da-4c94-b04c-23bf43fed600)
2026-07-07 12:40:04,316 INFO Found folder 'Kindle Scribe' (ID: 1C38JFsUTRYHHimqlQwpoRka0Zi1QJKq6)
2026-07-07 12:40:05,558 INFO Found 0 w-termine files in folder
2026-07-07 12:40:05,558 INFO No new w-termine files found
2026-07-07 12:40:05,565 INFO === scribe_sync end ===
2026-07-07 12:50:01,475 INFO === scribe_sync start ===
2026-07-07 12:50:03,022 INFO MCP session initialized (id=34306743-976c-4833-8ab0-116989e0924e)
2026-07-07 12:50:04,712 INFO Found folder 'Kindle Scribe' (ID: 1C38JFsUTRYHHimqlQwpoRka0Zi1QJKq6)
2026-07-07 12:50:06,312 INFO Found 0 w-termine files in folder
2026-07-07 12:50:06,313 INFO No new w-termine files found
2026-07-07 12:50:06,315 INFO === scribe_sync end ===
2026-07-07 13:00:01,997 INFO === scribe_sync start ===
2026-07-07 13:00:09,602 INFO MCP session initialized (id=02b3be97-0d09-43ce-8e92-6a4f20ab27dc)
2026-07-07 13:00:13,226 INFO Found folder 'Kindle Scribe' (ID: 1C38JFsUTRYHHimqlQwpoRka0Zi1QJKq6)
2026-07-07 13:00:14,831 INFO Found 0 w-termine files in folder
2026-07-07 13:00:14,832 INFO No new w-termine files found
2026-07-07 13:00:14,834 INFO === scribe_sync end ===
2026-07-07 13:10:02,401 INFO === scribe_sync start ===
2026-07-07 13:10:04,524 INFO MCP session initialized (id=009647e8-5fb0-4235-a0a1-97ee69a43e79)
2026-07-07 13:10:05,882 INFO Found folder 'Kindle Scribe' (ID: 1C38JFsUTRYHHimqlQwpoRka0Zi1QJKq6)
2026-07-07 13:10:07,812 INFO Found 0 w-termine files in folder
2026-07-07 13:10:07,813 INFO No new w-termine files found
2026-07-07 13:10:07,814 INFO === scribe_sync end ===
2026-07-07 13:20:01,378 INFO === scribe_sync start ===
2026-07-07 13:20:02,816 INFO MCP session initialized (id=5f037703-27ee-4b46-8faf-5c7dcbe0b164)
2026-07-07 13:20:04,203 INFO Found folder 'Kindle Scribe' (ID: 1C38JFsUTRYHHimqlQwpoRka0Zi1QJKq6)
2026-07-07 13:20:05,699 INFO Found 0 w-termine files in folder
2026-07-07 13:20:05,699 INFO No new w-termine files found
2026-07-07 13:20:05,702 INFO === scribe_sync end ===
2026-07-07 13:30:01,907 INFO === scribe_sync start ===
2026-07-07 13:30:03,716 INFO MCP session initialized (id=4a9477a0-e0f5-4cff-8a7a-e71d71883a43)
2026-07-07 13:30:05,186 INFO Found folder 'Kindle Scribe' (ID: 1C38JFsUTRYHHimqlQwpoRka0Zi1QJKq6)
2026-07-07 13:30:06,651 INFO Found 0 w-termine files in folder
2026-07-07 13:30:06,652 INFO No new w-termine files found
2026-07-07 13:30:06,654 INFO === scribe_sync end ===
2026-07-07 13:40:01,511 INFO === scribe_sync start ===
2026-07-07 13:40:02,994 INFO MCP session initialized (id=46b295ef-b160-402e-a3c2-e99f6442ae56)
2026-07-07 13:40:04,469 INFO Found folder 'Kindle Scribe' (ID: 1C38JFsUTRYHHimqlQwpoRka0Zi1QJKq6)
2026-07-07 13:40:06,006 INFO Found 0 w-termine files in folder
2026-07-07 13:40:06,006 INFO No new w-termine files found
2026-07-07 13:40:06,008 INFO === scribe_sync end ===
2026-07-07 13:50:02,075 INFO === scribe_sync start ===
2026-07-07 13:50:03,375 INFO MCP session initialized (id=ac2d4c4a-b2da-4731-a335-30e8029931fc)
2026-07-07 13:50:05,240 INFO Found folder 'Kindle Scribe' (ID: 1C38JFsUTRYHHimqlQwpoRka0Zi1QJKq6)
2026-07-07 13:50:06,349 INFO Found 0 w-termine files in folder
2026-07-07 13:50:06,349 INFO No new w-termine files found
2026-07-07 13:50:06,351 INFO === scribe_sync end ===
2026-07-07 14:00:01,945 INFO === scribe_sync start ===
2026-07-07 14:00:03,718 INFO MCP session initialized (id=685c8c5d-0846-452f-a4a4-5898c2b31eb2)
2026-07-07 14:00:10,853 INFO Found folder 'Kindle Scribe' (ID: 1C38JFsUTRYHHimqlQwpoRka0Zi1QJKq6)
2026-07-07 14:00:12,384 INFO Found 0 w-termine files in folder
2026-07-07 14:00:12,385 INFO No new w-termine files found
2026-07-07 14:00:12,389 INFO === scribe_sync end ===
2026-07-07 14:10:01,438 INFO === scribe_sync start ===
2026-07-07 14:10:02,858 INFO MCP session initialized (id=288b4490-ae64-4b7b-a94d-677dce5a4b83)
2026-07-07 14:10:04,274 INFO Found folder 'Kindle Scribe' (ID: 1C38JFsUTRYHHimqlQwpoRka0Zi1QJKq6)
2026-07-07 14:10:05,809 INFO Found 0 w-termine files in folder
2026-07-07 14:10:05,810 INFO No new w-termine files found
2026-07-07 14:10:05,811 INFO === scribe_sync end ===
2026-07-07 14:20:02,380 INFO === scribe_sync start ===
2026-07-07 14:20:03,932 INFO MCP session initialized (id=63d6b25f-533f-4f6c-902d-868d042dc408)
2026-07-07 14:20:05,554 INFO Found folder 'Kindle Scribe' (ID: 1C38JFsUTRYHHimqlQwpoRka0Zi1QJKq6)
2026-07-07 14:20:07,721 INFO Found 0 w-termine files in folder
2026-07-07 14:20:07,722 INFO No new w-termine files found
2026-07-07 14:20:07,729 INFO === scribe_sync end ===
2026-07-07 14:30:02,478 INFO === scribe_sync start ===
2026-07-07 14:30:04,142 INFO MCP session initialized (id=6345c513-2b67-4005-bcf7-4bf6c8b0e7f9)
2026-07-07 14:30:05,870 INFO Found folder 'Kindle Scribe' (ID: 1C38JFsUTRYHHimqlQwpoRka0Zi1QJKq6)
2026-07-07 14:30:07,327 INFO Found 0 w-termine files in folder
2026-07-07 14:30:07,327 INFO No new w-termine files found
2026-07-07 14:30:07,333 INFO === scribe_sync end ===
2026-07-07 14:40:01,357 INFO === scribe_sync start ===
2026-07-07 14:40:02,829 INFO MCP session initialized (id=423938bf-d5d5-48f4-baa6-4face04177dd)
2026-07-07 14:40:05,618 INFO Found folder 'Kindle Scribe' (ID: 1C38JFsUTRYHHimqlQwpoRka0Zi1QJKq6)
2026-07-07 14:40:07,017 INFO Found 0 w-termine files in folder
2026-07-07 14:40:07,018 INFO No new w-termine files found
2026-07-07 14:40:07,020 INFO === scribe_sync end ===
2026-07-07 14:50:02,132 INFO === scribe_sync start ===
2026-07-07 14:50:03,987 INFO MCP session initialized (id=87b6a65f-0870-43a6-aeee-00d020cf7a06)
2026-07-07 14:50:05,430 INFO Found folder 'Kindle Scribe' (ID: 1C38JFsUTRYHHimqlQwpoRka0Zi1QJKq6)
2026-07-07 14:50:06,794 INFO Found 0 w-termine files in folder
2026-07-07 14:50:06,794 INFO No new w-termine files found
2026-07-07 14:50:06,795 INFO === scribe_sync end ===
2026-07-07 15:00:01,132 INFO === scribe_sync start ===
2026-07-07 15:00:02,868 INFO MCP session initialized (id=9caa33d7-eb15-4bfe-94f6-434c8b9030d9)
2026-07-07 15:00:05,341 INFO Found folder 'Kindle Scribe' (ID: 1C38JFsUTRYHHimqlQwpoRka0Zi1QJKq6)
2026-07-07 15:00:08,627 INFO Found 0 w-termine files in folder
2026-07-07 15:00:08,627 INFO No new w-termine files found
2026-07-07 15:00:08,629 INFO === scribe_sync end ===
2026-07-07 15:10:01,850 INFO === scribe_sync start ===
2026-07-07 15:10:03,403 INFO MCP session initialized (id=146ddfe6-596b-45eb-a0a6-b631cf21c9bf)
2026-07-07 15:10:04,829 INFO Found folder 'Kindle Scribe' (ID: 1C38JFsUTRYHHimqlQwpoRka0Zi1QJKq6)
2026-07-07 15:10:06,211 INFO Found 0 w-termine files in folder
2026-07-07 15:10:06,212 INFO No new w-termine files found
2026-07-07 15:10:06,213 INFO === scribe_sync end ===
2026-07-07 15:20:01,428 INFO === scribe_sync start ===
2026-07-07 15:20:03,017 INFO MCP session initialized (id=4e7b4354-a0f7-42d1-bb52-80f026a1e67b)
2026-07-07 15:20:04,749 INFO Found folder 'Kindle Scribe' (ID: 1C38JFsUTRYHHimqlQwpoRka0Zi1QJKq6)
2026-07-07 15:20:06,124 INFO Found 0 w-termine files in folder
2026-07-07 15:20:06,124 INFO No new w-termine files found
2026-07-07 15:20:06,127 INFO === scribe_sync end ===
2026-07-07 15:30:02,266 INFO === scribe_sync start ===
2026-07-07 15:30:03,808 INFO MCP session initialized (id=fc03809d-f684-4992-a0a9-27bcb22304ef)
2026-07-07 15:30:06,251 INFO Found folder 'Kindle Scribe' (ID: 1C38JFsUTRYHHimqlQwpoRka0Zi1QJKq6)
2026-07-07 15:30:08,105 INFO Found 0 w-termine files in folder
2026-07-07 15:30:08,128 INFO No new w-termine files found
2026-07-07 15:30:08,132 INFO === scribe_sync end ===
2026-07-07 15:40:01,375 INFO === scribe_sync start ===
2026-07-07 15:40:02,947 INFO MCP session initialized (id=84db1357-590b-4994-a47c-ac75ecf3e722)
2026-07-07 15:40:04,297 INFO Found folder 'Kindle Scribe' (ID: 1C38JFsUTRYHHimqlQwpoRka0Zi1QJKq6)
2026-07-07 15:40:05,673 INFO Found 0 w-termine files in folder
2026-07-07 15:40:05,673 INFO No new w-termine files found
2026-07-07 15:40:05,675 INFO === scribe_sync end ===
2026-07-07 15:50:02,034 INFO === scribe_sync start ===
2026-07-07 15:50:03,383 INFO MCP session initialized (id=370d0df2-b1b6-435f-85ec-13ce4e566b46)
2026-07-07 15:50:05,177 INFO Found folder 'Kindle Scribe' (ID: 1C38JFsUTRYHHimqlQwpoRka0Zi1QJKq6)
2026-07-07 15:50:06,588 INFO Found 0 w-termine files in folder
2026-07-07 15:50:06,588 INFO No new w-termine files found
2026-07-07 15:50:06,590 INFO === scribe_sync end ===
2026-07-07 16:00:01,181 INFO === scribe_sync start ===
2026-07-07 16:00:02,893 INFO MCP session initialized (id=f4c0f3cd-14b2-48b1-b748-b18865abcd52)
2026-07-07 16:00:05,209 INFO Found folder 'Kindle Scribe' (ID: 1C38JFsUTRYHHimqlQwpoRka0Zi1QJKq6)
2026-07-07 16:00:12,159 INFO Found 0 w-termine files in folder
2026-07-07 16:00:12,159 INFO No new w-termine files found
2026-07-07 16:00:12,161 INFO === scribe_sync end ===
2026-07-07 16:10:01,613 INFO === scribe_sync start ===
2026-07-07 16:10:02,872 INFO MCP session initialized (id=318bd3ae-b3e5-4d81-b992-4f22ac370125)
2026-07-07 16:10:04,970 INFO Found folder 'Kindle Scribe' (ID: 1C38JFsUTRYHHimqlQwpoRka0Zi1QJKq6)
2026-07-07 16:10:07,135 INFO Found 0 w-termine files in folder
2026-07-07 16:10:07,135 INFO No new w-termine files found
2026-07-07 16:10:07,137 INFO === scribe_sync end ===
2026-07-07 16:20:01,699 INFO === scribe_sync start ===
2026-07-07 16:20:03,360 INFO MCP session initialized (id=591e829c-bfe5-4102-a8ba-0ec7f8e245a3)
2026-07-07 16:20:04,865 INFO Found folder 'Kindle Scribe' (ID: 1C38JFsUTRYHHimqlQwpoRka0Zi1QJKq6)
2026-07-07 16:20:06,295 INFO Found 0 w-termine files in folder
2026-07-07 16:20:06,296 INFO No new w-termine files found
2026-07-07 16:20:06,297 INFO === scribe_sync end ===
2026-07-07 16:30:01,402 INFO === scribe_sync start ===
2026-07-07 16:30:03,498 INFO MCP session initialized (id=6900788b-e8f9-4448-a54d-55581d056793)
2026-07-07 16:30:06,194 INFO Found folder 'Kindle Scribe' (ID: 1C38JFsUTRYHHimqlQwpoRka0Zi1QJKq6)
2026-07-07 16:30:07,841 INFO Found 0 w-termine files in folder
2026-07-07 16:30:07,849 INFO No new w-termine files found
2026-07-07 16:30:07,852 INFO === scribe_sync end ===
2026-07-07 16:40:01,899 INFO === scribe_sync start ===
2026-07-07 16:40:03,637 INFO MCP session initialized (id=177c68c2-31ad-4871-a39c-b9c4941e34a5)
2026-07-07 16:40:09,917 INFO Found folder 'Kindle Scribe' (ID: 1C38JFsUTRYHHimqlQwpoRka0Zi1QJKq6)
2026-07-07 16:40:11,479 INFO Found 0 w-termine files in folder
2026-07-07 16:40:11,479 INFO No new w-termine files found
2026-07-07 16:40:11,482 INFO === scribe_sync end ===
2026-07-07 16:50:01,327 INFO === scribe_sync start ===
2026-07-07 16:50:02,654 INFO MCP session initialized (id=9b994175-c018-4bb6-836f-3b5c99f2758c)
2026-07-07 16:50:04,493 INFO Found folder 'Kindle Scribe' (ID: 1C38JFsUTRYHHimqlQwpoRka0Zi1QJKq6)
2026-07-07 16:50:05,763 INFO Found 0 w-termine files in folder
2026-07-07 16:50:05,763 INFO No new w-termine files found
2026-07-07 16:50:05,766 INFO === scribe_sync end ===
2026-07-07 17:00:01,606 INFO === scribe_sync start ===
2026-07-07 17:00:08,257 INFO MCP session initialized (id=e04f1546-96f9-4f7b-bb00-b702fdac0086)
2026-07-07 17:00:10,070 INFO Found folder 'Kindle Scribe' (ID: 1C38JFsUTRYHHimqlQwpoRka0Zi1QJKq6)
2026-07-07 17:00:11,788 INFO Found 0 w-termine files in folder
2026-07-07 17:00:11,789 INFO No new w-termine files found
2026-07-07 17:00:11,791 INFO === scribe_sync end ===
2026-07-07 17:10:01,541 INFO === scribe_sync start ===
2026-07-07 17:10:02,985 INFO MCP session initialized (id=153255e8-0cea-4c45-ab50-e9b1d245fb7e)
2026-07-07 17:10:04,788 INFO Found folder 'Kindle Scribe' (ID: 1C38JFsUTRYHHimqlQwpoRka0Zi1QJKq6)
2026-07-07 17:10:06,194 INFO Found 0 w-termine files in folder
2026-07-07 17:10:06,194 INFO No new w-termine files found
2026-07-07 17:10:06,195 INFO === scribe_sync end ===
2026-07-07 17:20:01,255 INFO === scribe_sync start ===
2026-07-07 17:20:02,876 INFO MCP session initialized (id=49894f02-49be-4b7b-bce9-853909928b03)
2026-07-07 17:20:04,914 INFO Found folder 'Kindle Scribe' (ID: 1C38JFsUTRYHHimqlQwpoRka0Zi1QJKq6)
2026-07-07 17:20:06,448 INFO Found 0 w-termine files in folder
2026-07-07 17:20:06,448 INFO No new w-termine files found
2026-07-07 17:20:06,450 INFO === scribe_sync end ===
2026-07-07 17:30:02,360 INFO === scribe_sync start ===
2026-07-07 17:30:03,972 INFO MCP session initialized (id=8b82243b-4eec-43dd-98ea-b0e13e63ee66)
2026-07-07 17:30:05,662 INFO Found folder 'Kindle Scribe' (ID: 1C38JFsUTRYHHimqlQwpoRka0Zi1QJKq6)
2026-07-07 17:30:07,113 INFO Found 0 w-termine files in folder
2026-07-07 17:30:07,113 INFO No new w-termine files found
2026-07-07 17:30:07,117 INFO === scribe_sync end ===
2026-07-07 17:40:01,980 INFO === scribe_sync start ===
2026-07-07 17:40:03,346 INFO MCP session initialized (id=43884361-6bef-4e19-a522-866047dda871)
2026-07-07 17:40:04,862 INFO Found folder 'Kindle Scribe' (ID: 1C38JFsUTRYHHimqlQwpoRka0Zi1QJKq6)
2026-07-07 17:40:06,236 INFO Found 0 w-termine files in folder
2026-07-07 17:40:06,236 INFO No new w-termine files found
2026-07-07 17:40:06,238 INFO === scribe_sync end ===
2026-07-07 17:50:01,215 INFO === scribe_sync start ===
2026-07-07 17:50:02,614 INFO MCP session initialized (id=bf1486be-74e6-431a-b3d3-3baa4f245734)
2026-07-07 17:50:04,214 INFO Found folder 'Kindle Scribe' (ID: 1C38JFsUTRYHHimqlQwpoRka0Zi1QJKq6)
2026-07-07 17:50:05,518 INFO Found 0 w-termine files in folder
2026-07-07 17:50:05,519 INFO No new w-termine files found
2026-07-07 17:50:05,522 INFO === scribe_sync end ===
2026-07-07 18:00:01,475 INFO === scribe_sync start ===
2026-07-07 18:00:03,059 INFO MCP session initialized (id=303cb249-586f-4c07-a874-d1675a1a0f18)
2026-07-07 18:00:06,913 INFO Found folder 'Kindle Scribe' (ID: 1C38JFsUTRYHHimqlQwpoRka0Zi1QJKq6)
2026-07-07 18:00:09,616 INFO Found 0 w-termine files in folder
2026-07-07 18:00:09,617 INFO No new w-termine files found
2026-07-07 18:00:09,620 INFO === scribe_sync end ===
2026-07-07 18:10:01,277 INFO === scribe_sync start ===
2026-07-07 18:10:02,749 INFO MCP session initialized (id=237a8867-6d5a-4cb3-ac47-b7855168d032)
2026-07-07 18:10:04,349 INFO Found folder 'Kindle Scribe' (ID: 1C38JFsUTRYHHimqlQwpoRka0Zi1QJKq6)
2026-07-07 18:10:05,860 INFO Found 0 w-termine files in folder
2026-07-07 18:10:05,860 INFO No new w-termine files found
2026-07-07 18:10:05,867 INFO === scribe_sync end ===
2026-07-07 18:20:01,226 INFO === scribe_sync start ===
2026-07-07 18:20:03,039 INFO MCP session initialized (id=9f19b298-bf88-4813-b8de-c13a9dc43d66)
2026-07-07 18:20:04,733 INFO Found folder 'Kindle Scribe' (ID: 1C38JFsUTRYHHimqlQwpoRka0Zi1QJKq6)
2026-07-07 18:20:06,444 INFO Found 0 w-termine files in folder
2026-07-07 18:20:06,445 INFO No new w-termine files found
2026-07-07 18:20:06,447 INFO === scribe_sync end ===
2026-07-07 18:30:01,611 INFO === scribe_sync start ===
2026-07-07 18:30:03,678 INFO MCP session initialized (id=0dbac1c1-a347-469a-a030-2e8141fb60dd)
2026-07-07 18:30:05,781 INFO Found folder 'Kindle Scribe' (ID: 1C38JFsUTRYHHimqlQwpoRka0Zi1QJKq6)
2026-07-07 18:30:07,842 INFO Found 0 w-termine files in folder
2026-07-07 18:30:07,843 INFO No new w-termine files found
2026-07-07 18:30:07,846 INFO === scribe_sync end ===
2026-07-07 18:40:01,716 INFO === scribe_sync start ===
2026-07-07 18:40:03,235 INFO MCP session initialized (id=52b3bbad-f5da-43a7-9076-94eec2389e54)
2026-07-07 18:40:04,649 INFO Found folder 'Kindle Scribe' (ID: 1C38JFsUTRYHHimqlQwpoRka0Zi1QJKq6)
2026-07-07 18:40:06,080 INFO Found 0 w-termine files in folder
2026-07-07 18:40:06,081 INFO No new w-termine files found
2026-07-07 18:40:06,083 INFO === scribe_sync end ===
2026-07-07 18:50:01,761 INFO === scribe_sync start ===
2026-07-07 18:50:03,165 INFO MCP session initialized (id=e58469cb-7b8e-40b0-9073-c2b9ad32b505)
2026-07-07 18:50:04,748 INFO Found folder 'Kindle Scribe' (ID: 1C38JFsUTRYHHimqlQwpoRka0Zi1QJKq6)
2026-07-07 18:50:06,074 INFO Found 0 w-termine files in folder
2026-07-07 18:50:06,075 INFO No new w-termine files found
2026-07-07 18:50:06,079 INFO === scribe_sync end ===
2026-07-07 19:00:01,206 INFO === scribe_sync start ===
2026-07-07 19:00:03,868 INFO MCP session initialized (id=f58edf7a-20d9-4a38-aa64-ee0815c124b1)
2026-07-07 19:00:05,625 INFO Found folder 'Kindle Scribe' (ID: 1C38JFsUTRYHHimqlQwpoRka0Zi1QJKq6)
2026-07-07 19:00:07,576 INFO Found 0 w-termine files in folder
2026-07-07 19:00:07,577 INFO No new w-termine files found
2026-07-07 19:00:07,581 INFO === scribe_sync end ===
2026-07-07 19:10:01,619 INFO === scribe_sync start ===
2026-07-07 19:10:03,532 INFO MCP session initialized (id=a6c8ec46-a6eb-45b1-95f6-1423cd40f109)
2026-07-07 19:10:05,102 INFO Found folder 'Kindle Scribe' (ID: 1C38JFsUTRYHHimqlQwpoRka0Zi1QJKq6)
2026-07-07 19:10:06,318 INFO Found 0 w-termine files in folder
2026-07-07 19:10:06,319 INFO No new w-termine files found
2026-07-07 19:10:06,321 INFO === scribe_sync end ===
2026-07-07 19:20:01,204 INFO === scribe_sync start ===
2026-07-07 19:20:02,783 INFO MCP session initialized (id=4f0beece-ed8d-44e3-bb8d-b681c0b276aa)
2026-07-07 19:20:04,380 INFO Found folder 'Kindle Scribe' (ID: 1C38JFsUTRYHHimqlQwpoRka0Zi1QJKq6)
2026-07-07 19:20:05,941 INFO Found 0 w-termine files in folder
2026-07-07 19:20:05,944 INFO No new w-termine files found
2026-07-07 19:20:05,954 INFO === scribe_sync end ===
2026-07-07 19:30:01,334 INFO === scribe_sync start ===
2026-07-07 19:30:02,723 INFO MCP session initialized (id=66de22ad-adb1-4131-b5f0-27382a33ebb1)
2026-07-07 19:30:04,530 INFO Found folder 'Kindle Scribe' (ID: 1C38JFsUTRYHHimqlQwpoRka0Zi1QJKq6)
2026-07-07 19:30:06,137 INFO Found 0 w-termine files in folder
2026-07-07 19:30:06,137 INFO No new w-termine files found
2026-07-07 19:30:06,139 INFO === scribe_sync end ===
2026-07-07 19:40:01,239 INFO === scribe_sync start ===
2026-07-07 19:40:02,967 INFO MCP session initialized (id=c2d0cab0-ca51-42c5-b886-6fa1dc9e8b1b)
2026-07-07 19:40:04,383 INFO Found folder 'Kindle Scribe' (ID: 1C38JFsUTRYHHimqlQwpoRka0Zi1QJKq6)
2026-07-07 19:40:05,818 INFO Found 0 w-termine files in folder
2026-07-07 19:40:05,819 INFO No new w-termine files found
2026-07-07 19:40:05,821 INFO === scribe_sync end ===
2026-07-07 19:50:01,736 INFO === scribe_sync start ===
2026-07-07 19:50:03,267 INFO MCP session initialized (id=3d5e0282-dd7d-4677-b02f-f567b07cdc58)
2026-07-07 19:50:04,947 INFO Found folder 'Kindle Scribe' (ID: 1C38JFsUTRYHHimqlQwpoRka0Zi1QJKq6)
2026-07-07 19:50:06,223 INFO Found 0 w-termine files in folder
2026-07-07 19:50:06,223 INFO No new w-termine files found
2026-07-07 19:50:06,232 INFO === scribe_sync end ===
2026-07-07 20:00:01,984 INFO === scribe_sync start ===
2026-07-07 20:00:03,847 INFO MCP session initialized (id=00bca21b-8445-4965-b007-615e093d02cd)
2026-07-07 20:00:11,672 INFO Found folder 'Kindle Scribe' (ID: 1C38JFsUTRYHHimqlQwpoRka0Zi1QJKq6)
2026-07-07 20:00:13,469 INFO Found 0 w-termine files in folder
2026-07-07 20:00:13,470 INFO No new w-termine files found
2026-07-07 20:00:13,472 INFO === scribe_sync end ===
2026-07-07 20:10:01,646 INFO === scribe_sync start ===
2026-07-07 20:10:03,400 INFO MCP session initialized (id=0f6dd69f-2b9f-4beb-8057-9ad495f985dc)
2026-07-07 20:10:05,233 INFO Found folder 'Kindle Scribe' (ID: 1C38JFsUTRYHHimqlQwpoRka0Zi1QJKq6)
2026-07-07 20:10:06,487 INFO Found 0 w-termine files in folder
2026-07-07 20:10:06,487 INFO No new w-termine files found
2026-07-07 20:10:06,490 INFO === scribe_sync end ===
2026-07-07 20:20:02,348 INFO === scribe_sync start ===
2026-07-07 20:20:04,407 INFO MCP session initialized (id=8338744d-18d3-4140-b86a-bdf7b9ec027e)
2026-07-07 20:20:05,891 INFO Found folder 'Kindle Scribe' (ID: 1C38JFsUTRYHHimqlQwpoRka0Zi1QJKq6)
2026-07-07 20:20:07,467 INFO Found 0 w-termine files in folder
2026-07-07 20:20:07,468 INFO No new w-termine files found
2026-07-07 20:20:07,480 INFO === scribe_sync end ===
2026-07-07 20:30:01,865 INFO === scribe_sync start ===
2026-07-07 20:30:03,392 INFO MCP session initialized (id=482b7f40-ae7e-4de8-bdb8-713ffbfde405)
2026-07-07 20:30:05,511 INFO Found folder 'Kindle Scribe' (ID: 1C38JFsUTRYHHimqlQwpoRka0Zi1QJKq6)
2026-07-07 20:30:07,482 INFO Found 0 w-termine files in folder
2026-07-07 20:30:07,482 INFO No new w-termine files found
2026-07-07 20:30:07,494 INFO === scribe_sync end ===
2026-07-07 20:40:01,498 INFO === scribe_sync start ===
2026-07-07 20:40:03,326 INFO MCP session initialized (id=f4381215-c21f-4d6f-893c-e3a91051f5c2)
2026-07-07 20:40:05,000 INFO Found folder 'Kindle Scribe' (ID: 1C38JFsUTRYHHimqlQwpoRka0Zi1QJKq6)
2026-07-07 20:40:06,254 INFO Found 0 w-termine files in folder
2026-07-07 20:40:06,255 INFO No new w-termine files found
2026-07-07 20:40:06,258 INFO === scribe_sync end ===
2026-07-07 20:50:01,856 INFO === scribe_sync start ===
2026-07-07 20:50:03,290 INFO MCP session initialized (id=e2111849-5e3e-41a7-a42e-617a1a35e2cb)
2026-07-07 20:50:04,629 INFO Found folder 'Kindle Scribe' (ID: 1C38JFsUTRYHHimqlQwpoRka0Zi1QJKq6)
2026-07-07 20:50:05,905 INFO Found 0 w-termine files in folder
2026-07-07 20:50:05,906 INFO No new w-termine files found
2026-07-07 20:50:05,907 INFO === scribe_sync end ===
2026-07-07 21:00:01,678 INFO === scribe_sync start ===
2026-07-07 21:00:03,475 INFO MCP session initialized (id=e34dd904-65fc-467e-b50a-1b7e6fc7457d)
2026-07-07 21:00:05,986 INFO Found folder 'Kindle Scribe' (ID: 1C38JFsUTRYHHimqlQwpoRka0Zi1QJKq6)
2026-07-07 21:00:08,139 INFO Found 0 w-termine files in folder
2026-07-07 21:00:08,139 INFO No new w-termine files found
2026-07-07 21:00:08,142 INFO === scribe_sync end ===
2026-07-07 21:10:01,700 INFO === scribe_sync start ===
2026-07-07 21:10:03,276 INFO MCP session initialized (id=fb196c73-b1d1-475e-9dbb-4383db7bea2e)
2026-07-07 21:10:04,874 INFO Found folder 'Kindle Scribe' (ID: 1C38JFsUTRYHHimqlQwpoRka0Zi1QJKq6)
2026-07-07 21:10:06,339 INFO Found 0 w-termine files in folder
2026-07-07 21:10:06,340 INFO No new w-termine files found
2026-07-07 21:10:06,342 INFO === scribe_sync end ===
2026-07-07 21:20:02,340 INFO === scribe_sync start ===
2026-07-07 21:20:04,019 INFO MCP session initialized (id=9efd4704-768c-46a1-90b4-b70ddc0bea99)
2026-07-07 21:21:02,220 INFO Found folder 'Kindle Scribe' (ID: 1C38JFsUTRYHHimqlQwpoRka0Zi1QJKq6)
2026-07-07 21:21:03,628 INFO Found 0 w-termine files in folder
2026-07-07 21:21:03,629 INFO No new w-termine files found
2026-07-07 21:21:03,632 INFO === scribe_sync end ===
2026-07-07 21:30:01,536 INFO === scribe_sync start ===
2026-07-07 21:30:03,080 INFO MCP session initialized (id=5d712db3-1fc0-4f89-bf06-9471649b059c)
2026-07-07 21:30:05,966 INFO Found folder 'Kindle Scribe' (ID: 1C38JFsUTRYHHimqlQwpoRka0Zi1QJKq6)
2026-07-07 21:30:07,762 INFO Found 0 w-termine files in folder
2026-07-07 21:30:07,762 INFO No new w-termine files found
2026-07-07 21:30:07,767 INFO === scribe_sync end ===
2026-07-07 21:40:01,331 INFO === scribe_sync start ===
2026-07-07 21:40:03,171 INFO MCP session initialized (id=c4b8db68-5524-4801-bedc-55520f456eb3)
2026-07-07 21:40:04,741 INFO Found folder 'Kindle Scribe' (ID: 1C38JFsUTRYHHimqlQwpoRka0Zi1QJKq6)
2026-07-07 21:40:06,589 INFO Found 0 w-termine files in folder
2026-07-07 21:40:06,589 INFO No new w-termine files found
2026-07-07 21:40:06,593 INFO === scribe_sync end ===
2026-07-07 21:50:01,717 INFO === scribe_sync start ===
2026-07-07 21:50:03,149 INFO MCP session initialized (id=05fd47ed-4608-45ec-a839-760ec4fb3648)
2026-07-07 21:50:04,606 INFO Found folder 'Kindle Scribe' (ID: 1C38JFsUTRYHHimqlQwpoRka0Zi1QJKq6)
2026-07-07 21:50:06,387 INFO Found 0 w-termine files in folder
2026-07-07 21:50:06,388 INFO No new w-termine files found
2026-07-07 21:50:06,389 INFO === scribe_sync end ===
2026-07-07 22:00:01,524 INFO === scribe_sync start ===
2026-07-07 22:00:22,552 INFO MCP session initialized (id=e02a4f75-bad9-4709-87ee-3b53c6898133)
2026-07-07 22:00:24,094 INFO Found folder 'Kindle Scribe' (ID: 1C38JFsUTRYHHimqlQwpoRka0Zi1QJKq6)
2026-07-07 22:00:26,757 INFO Found 0 w-termine files in folder
2026-07-07 22:00:26,757 INFO No new w-termine files found
2026-07-07 22:00:26,760 INFO === scribe_sync end ===
2026-07-07 22:10:01,179 INFO === scribe_sync start ===
2026-07-07 22:10:02,586 INFO MCP session initialized (id=ae84489c-865a-4e19-8484-bfc9167c1a71)
2026-07-07 22:10:05,856 INFO Found folder 'Kindle Scribe' (ID: 1C38JFsUTRYHHimqlQwpoRka0Zi1QJKq6)
2026-07-07 22:10:07,102 INFO Found 0 w-termine files in folder
2026-07-07 22:10:07,103 INFO No new w-termine files found
2026-07-07 22:10:07,105 INFO === scribe_sync end ===
2026-07-07 22:20:02,545 INFO === scribe_sync start ===
2026-07-07 22:20:04,175 INFO MCP session initialized (id=94b3435c-f974-48ce-8650-2d0ff66ed442)
2026-07-07 22:20:05,813 INFO Found folder 'Kindle Scribe' (ID: 1C38JFsUTRYHHimqlQwpoRka0Zi1QJKq6)
2026-07-07 22:20:06,980 INFO Found 0 w-termine files in folder
2026-07-07 22:20:06,980 INFO No new w-termine files found
2026-07-07 22:20:06,982 INFO === scribe_sync end ===
2026-07-07 22:30:01,835 INFO === scribe_sync start ===
2026-07-07 22:30:03,644 INFO MCP session initialized (id=46a1cd00-cdd1-4597-b9e8-dbb2618b1ec3)
2026-07-07 22:30:05,504 INFO Found folder 'Kindle Scribe' (ID: 1C38JFsUTRYHHimqlQwpoRka0Zi1QJKq6)
2026-07-07 22:30:07,102 INFO Found 0 w-termine files in folder
2026-07-07 22:30:07,102 INFO No new w-termine files found
2026-07-07 22:30:07,112 INFO === scribe_sync end ===
2026-07-07 22:40:01,466 INFO === scribe_sync start ===
2026-07-07 22:40:02,759 INFO MCP session initialized (id=42639072-8126-4e51-b254-6810d24e4b2d)
2026-07-07 22:40:04,417 INFO Found folder 'Kindle Scribe' (ID: 1C38JFsUTRYHHimqlQwpoRka0Zi1QJKq6)
2026-07-07 22:40:05,994 INFO Found 0 w-termine files in folder
2026-07-07 22:40:05,994 INFO No new w-termine files found
2026-07-07 22:40:05,997 INFO === scribe_sync end ===
2026-07-07 22:50:01,808 INFO === scribe_sync start ===
2026-07-07 22:50:03,565 INFO MCP session initialized (id=d0ceb729-7e3d-4c6b-8a3d-f1eb68a61639)
2026-07-07 22:50:04,985 INFO Found folder 'Kindle Scribe' (ID: 1C38JFsUTRYHHimqlQwpoRka0Zi1QJKq6)
2026-07-07 22:50:06,421 INFO Found 0 w-termine files in folder
2026-07-07 22:50:06,421 INFO No new w-termine files found
2026-07-07 22:50:06,430 INFO === scribe_sync end ===
2026-07-07 23:00:02,437 INFO === scribe_sync start ===
2026-07-07 23:00:04,779 INFO MCP session initialized (id=efedaa83-a4ec-4350-a0b8-57c1be864fe0)
2026-07-07 23:00:06,655 INFO Found folder 'Kindle Scribe' (ID: 1C38JFsUTRYHHimqlQwpoRka0Zi1QJKq6)
2026-07-07 23:00:08,742 INFO Found 0 w-termine files in folder
2026-07-07 23:00:08,742 INFO No new w-termine files found
2026-07-07 23:00:08,747 INFO === scribe_sync end ===
2026-07-07 23:10:01,934 INFO === scribe_sync start ===
2026-07-07 23:10:03,294 INFO MCP session initialized (id=cca4cb2b-54ae-438b-a550-5777b9cdc2c6)
2026-07-07 23:10:05,188 INFO Found folder 'Kindle Scribe' (ID: 1C38JFsUTRYHHimqlQwpoRka0Zi1QJKq6)
2026-07-07 23:10:06,463 INFO Found 0 w-termine files in folder
2026-07-07 23:10:06,464 INFO No new w-termine files found
2026-07-07 23:10:06,473 INFO === scribe_sync end ===
2026-07-07 23:20:01,642 INFO === scribe_sync start ===
2026-07-07 23:20:03,476 INFO MCP session initialized (id=fa52aa2a-b3f3-4cbf-956c-51ee48485f0e)
2026-07-07 23:20:05,021 INFO Found folder 'Kindle Scribe' (ID: 1C38JFsUTRYHHimqlQwpoRka0Zi1QJKq6)
2026-07-07 23:20:06,694 INFO Found 0 w-termine files in folder
2026-07-07 23:20:06,695 INFO No new w-termine files found
2026-07-07 23:20:06,697 INFO === scribe_sync end ===
2026-07-07 23:30:02,052 INFO === scribe_sync start ===
2026-07-07 23:30:03,877 INFO MCP session initialized (id=ebcd26d7-9f43-4588-a396-d6ad30ca9ce6)
2026-07-07 23:30:05,746 INFO Found folder 'Kindle Scribe' (ID: 1C38JFsUTRYHHimqlQwpoRka0Zi1QJKq6)
2026-07-07 23:30:12,730 INFO Found 0 w-termine files in folder
2026-07-07 23:30:12,730 INFO No new w-termine files found
2026-07-07 23:30:12,738 INFO === scribe_sync end ===
2026-07-07 23:40:01,376 INFO === scribe_sync start ===
2026-07-07 23:40:02,975 INFO MCP session initialized (id=b227fe52-b94d-4567-9775-012f95d0a20b)
2026-07-07 23:40:04,519 INFO Found folder 'Kindle Scribe' (ID: 1C38JFsUTRYHHimqlQwpoRka0Zi1QJKq6)
2026-07-07 23:40:06,205 INFO Found 0 w-termine files in folder
2026-07-07 23:40:06,205 INFO No new w-termine files found
2026-07-07 23:40:06,207 INFO === scribe_sync end ===
2026-07-07 23:50:01,474 INFO === scribe_sync start ===
2026-07-07 23:50:03,404 INFO MCP session initialized (id=e9a2eb00-8502-46ec-b5fb-4d42b7c86b84)
2026-07-07 23:50:04,944 INFO Found folder 'Kindle Scribe' (ID: 1C38JFsUTRYHHimqlQwpoRka0Zi1QJKq6)
2026-07-07 23:50:06,492 INFO Found 0 w-termine files in folder
2026-07-07 23:50:06,492 INFO No new w-termine files found
2026-07-07 23:50:06,494 INFO === scribe_sync end ===
2026-07-08 00:00:01,497 INFO === scribe_sync start ===
2026-07-08 00:00:03,559 INFO MCP session initialized (id=0c5f7016-ad42-46a8-a6a0-c6c588dad904)
2026-07-08 00:01:03,925 ERROR Unexpected error: HTTPSConnectionPool(host='connect.composio.dev', port=443): Read timed out. (read timeout=60)
Traceback (most recent call last):
  File "/usr/local/lib/python3.12/dist-packages/urllib3/connectionpool.py", line 534, in _make_request
    response = conn.getresponse()
               ^^^^^^^^^^^^^^^^^^
  File "/usr/local/lib/python3.12/dist-packages/urllib3/connection.py", line 571, in getresponse
    httplib_response = super().getresponse()
                       ^^^^^^^^^^^^^^^^^^^^^
  File "/usr/lib/python3.12/http/client.py", line 1457, in getresponse
    response.begin()
  File "/usr/lib/python3.12/http/client.py", line 336, in begin
    version, status, reason = self._read_status()
                              ^^^^^^^^^^^^^^^^^^^
  File "/usr/lib/python3.12/http/client.py", line 297, in _read_status
    line = str(self.fp.readline(_MAXLINE + 1), "iso-8859-1")
               ^^^^^^^^^^^^^^^^^^^^^^^^^^^^^^
  File "/usr/lib/python3.12/socket.py", line 707, in readinto
    return self._sock.recv_into(b)
           ^^^^^^^^^^^^^^^^^^^^^^^
  File "/usr/lib/python3.12/ssl.py", line 1252, in recv_into
    return self.read(nbytes, buffer)
           ^^^^^^^^^^^^^^^^^^^^^^^^^
  File "/usr/lib/python3.12/ssl.py", line 1104, in read
    return self._sslobj.read(len, buffer)
           ^^^^^^^^^^^^^^^^^^^^^^^^^^^^^^
TimeoutError: The read operation timed out

The above exception was the direct cause of the following exception:

Traceback (most recent call last):
  File "/usr/local/lib/python3.12/dist-packages/requests/adapters.py", line 696, in send
    resp = conn.urlopen(
           ^^^^^^^^^^^^^
  File "/usr/local/lib/python3.12/dist-packages/urllib3/connectionpool.py", line 841, in urlopen
    retries = retries.increment(
              ^^^^^^^^^^^^^^^^^^
  File "/usr/local/lib/python3.12/dist-packages/urllib3/util/retry.py", line 490, in increment
    raise reraise(type(error), error, _stacktrace)
          ^^^^^^^^^^^^^^^^^^^^^^^^^^^^^^^^^^^^^^^^
  File "/usr/local/lib/python3.12/dist-packages/urllib3/util/util.py", line 39, in reraise
    raise value
  File "/usr/local/lib/python3.12/dist-packages/urllib3/connectionpool.py", line 787, in urlopen
    response = self._make_request(
               ^^^^^^^^^^^^^^^^^^^
  File "/usr/local/lib/python3.12/dist-packages/urllib3/connectionpool.py", line 536, in _make_request
    self._raise_timeout(err=e, url=url, timeout_value=read_timeout)
  File "/usr/local/lib/python3.12/dist-packages/urllib3/connectionpool.py", line 367, in _raise_timeout
    raise ReadTimeoutError(
urllib3.exceptions.ReadTimeoutError: HTTPSConnectionPool(host='connect.composio.dev', port=443): Read timed out. (read timeout=60)

During handling of the above exception, another exception occurred:

Traceback (most recent call last):
  File "/root/.local/.openclaw/workspace/scribe/scribe_sync.py", line 605, in main
    process_files()
  File "/root/.local/.openclaw/workspace/scribe/scribe_sync.py", line 521, in process_files
    folder_id = find_folder(mcp, DRIVE_FOLDER_NAME)
                ^^^^^^^^^^^^^^^^^^^^^^^^^^^^^^^^^^^
  File "/root/.local/.openclaw/workspace/scribe/scribe_sync.py", line 170, in find_folder
    result = mcp.call_tool("COMPOSIO_MULTI_EXECUTE_TOOL", {
             ^^^^^^^^^^^^^^^^^^^^^^^^^^^^^^^^^^^^^^^^^^^^^^
  File "/root/.local/.openclaw/workspace/scribe/scribe_sync.py", line 127, in call_tool
    r = self.session.post(self.url, json=req, timeout=60)
        ^^^^^^^^^^^^^^^^^^^^^^^^^^^^^^^^^^^^^^^^^^^^^^^^^
  File "/usr/local/lib/python3.12/dist-packages/requests/sessions.py", line 712, in post
    return self.request("POST", url, data=data, json=json, **kwargs)
           ^^^^^^^^^^^^^^^^^^^^^^^^^^^^^^^^^^^^^^^^^^^^^^^^^^^^^^^^^
  File "/usr/local/lib/python3.12/dist-packages/requests/sessions.py", line 651, in request
    resp = self.send(prep, **send_kwargs)
           ^^^^^^^^^^^^^^^^^^^^^^^^^^^^^^
  File "/usr/local/lib/python3.12/dist-packages/requests/sessions.py", line 784, in send
    r = adapter.send(request, **kwargs)
        ^^^^^^^^^^^^^^^^^^^^^^^^^^^^^^^
  File "/usr/local/lib/python3.12/dist-packages/requests/adapters.py", line 742, in send
    raise ReadTimeout(e, request=request)
requests.exceptions.ReadTimeout: HTTPSConnectionPool(host='connect.composio.dev', port=443): Read timed out. (read timeout=60)
2026-07-08 00:01:03,951 INFO === scribe_sync end ===
2026-07-08 00:10:01,690 INFO === scribe_sync start ===
2026-07-08 00:10:03,701 INFO MCP session initialized (id=b872d16c-301c-46fa-b0a6-5e1bf7b834ec)
2026-07-08 00:10:05,027 INFO Found folder 'Kindle Scribe' (ID: 1C38JFsUTRYHHimqlQwpoRka0Zi1QJKq6)
2026-07-08 00:10:06,391 INFO Found 0 w-termine files in folder
2026-07-08 00:10:06,402 INFO No new w-termine files found
2026-07-08 00:10:06,420 INFO === scribe_sync end ===
2026-07-08 00:20:01,621 INFO === scribe_sync start ===
2026-07-08 00:20:03,256 INFO MCP session initialized (id=f0d30769-35c3-4500-bbf5-935fd9e61ce3)
2026-07-08 00:20:05,009 INFO Found folder 'Kindle Scribe' (ID: 1C38JFsUTRYHHimqlQwpoRka0Zi1QJKq6)
2026-07-08 00:20:06,198 INFO Found 0 w-termine files in folder
2026-07-08 00:20:06,198 INFO No new w-termine files found
2026-07-08 00:20:06,201 INFO === scribe_sync end ===
2026-07-08 00:30:01,651 INFO === scribe_sync start ===
2026-07-08 00:30:03,309 INFO MCP session initialized (id=4546375f-b8e2-4341-b076-9385858f181a)
2026-07-08 00:30:04,891 INFO Found folder 'Kindle Scribe' (ID: 1C38JFsUTRYHHimqlQwpoRka0Zi1QJKq6)
2026-07-08 00:30:06,387 INFO Found 0 w-termine files in folder
2026-07-08 00:30:06,387 INFO No new w-termine files found
2026-07-08 00:30:06,398 INFO === scribe_sync end ===
2026-07-08 00:40:02,064 INFO === scribe_sync start ===
2026-07-08 00:40:04,189 INFO MCP session initialized (id=e72f74e4-3593-4a0a-8bbe-d17bf3f7063b)
2026-07-08 00:40:05,949 INFO Found folder 'Kindle Scribe' (ID: 1C38JFsUTRYHHimqlQwpoRka0Zi1QJKq6)
2026-07-08 00:40:07,328 INFO Found 0 w-termine files in folder
2026-07-08 00:40:07,329 INFO No new w-termine files found
2026-07-08 00:40:07,331 INFO === scribe_sync end ===
2026-07-08 00:50:01,633 INFO === scribe_sync start ===
2026-07-08 00:50:03,130 INFO MCP session initialized (id=3365c060-b16c-49cf-ab5a-5c3979a079ff)
2026-07-08 00:50:04,754 INFO Found folder 'Kindle Scribe' (ID: 1C38JFsUTRYHHimqlQwpoRka0Zi1QJKq6)
2026-07-08 00:50:06,030 INFO Found 0 w-termine files in folder
2026-07-08 00:50:06,030 INFO No new w-termine files found
2026-07-08 00:50:06,032 INFO === scribe_sync end ===
2026-07-08 01:00:02,080 INFO === scribe_sync start ===
2026-07-08 01:00:15,778 INFO MCP session initialized (id=90a19ce4-76c3-4fee-af92-a5a7893a39d7)
2026-07-08 01:00:17,417 INFO Found folder 'Kindle Scribe' (ID: 1C38JFsUTRYHHimqlQwpoRka0Zi1QJKq6)
2026-07-08 01:00:19,102 INFO Found 0 w-termine files in folder
2026-07-08 01:00:19,102 INFO No new w-termine files found
2026-07-08 01:00:19,104 INFO === scribe_sync end ===
2026-07-08 01:10:01,530 INFO === scribe_sync start ===
2026-07-08 01:10:03,011 INFO MCP session initialized (id=513037ee-d963-406d-9b9b-9bbe97dfb373)
2026-07-08 01:10:04,348 INFO Found folder 'Kindle Scribe' (ID: 1C38JFsUTRYHHimqlQwpoRka0Zi1QJKq6)
2026-07-08 01:10:05,585 INFO Found 0 w-termine files in folder
2026-07-08 01:10:05,586 INFO No new w-termine files found
2026-07-08 01:10:05,588 INFO === scribe_sync end ===
2026-07-08 01:20:01,653 INFO === scribe_sync start ===
2026-07-08 01:20:03,353 INFO MCP session initialized (id=075cd1e7-bfa3-45d7-8faa-659b32b6e1d1)
2026-07-08 01:20:04,753 INFO Found folder 'Kindle Scribe' (ID: 1C38JFsUTRYHHimqlQwpoRka0Zi1QJKq6)
2026-07-08 01:20:06,055 INFO Found 0 w-termine files in folder
2026-07-08 01:20:06,056 INFO No new w-termine files found
2026-07-08 01:20:06,058 INFO === scribe_sync end ===
2026-07-08 01:30:01,586 INFO === scribe_sync start ===
2026-07-08 01:30:03,135 INFO MCP session initialized (id=4a749741-0c96-4935-bebd-7fadaaa5e4f9)
2026-07-08 01:30:04,660 INFO Found folder 'Kindle Scribe' (ID: 1C38JFsUTRYHHimqlQwpoRka0Zi1QJKq6)
2026-07-08 01:30:05,925 INFO Found 0 w-termine files in folder
2026-07-08 01:30:05,926 INFO No new w-termine files found
2026-07-08 01:30:05,928 INFO === scribe_sync end ===
2026-07-08 01:40:01,534 INFO === scribe_sync start ===
2026-07-08 01:40:03,005 INFO MCP session initialized (id=a7442216-37df-489a-8b0e-8a00aeac2663)
2026-07-08 01:40:04,376 INFO Found folder 'Kindle Scribe' (ID: 1C38JFsUTRYHHimqlQwpoRka0Zi1QJKq6)
2026-07-08 01:40:05,696 INFO Found 0 w-termine files in folder
2026-07-08 01:40:05,697 INFO No new w-termine files found
2026-07-08 01:40:05,700 INFO === scribe_sync end ===
2026-07-08 01:50:01,927 INFO === scribe_sync start ===
2026-07-08 01:50:03,590 INFO MCP session initialized (id=cc999c73-144d-45cc-b05b-134745cf951d)
2026-07-08 01:50:05,122 INFO Found folder 'Kindle Scribe' (ID: 1C38JFsUTRYHHimqlQwpoRka0Zi1QJKq6)
2026-07-08 01:50:06,567 INFO Found 0 w-termine files in folder
2026-07-08 01:50:06,573 INFO No new w-termine files found
2026-07-08 01:50:06,576 INFO === scribe_sync end ===
2026-07-08 02:00:02,270 INFO === scribe_sync start ===
2026-07-08 02:00:03,834 INFO MCP session initialized (id=79b2389d-2ce2-48fd-959d-d6b5a17c9f81)
2026-07-08 02:00:05,377 INFO Found folder 'Kindle Scribe' (ID: 1C38JFsUTRYHHimqlQwpoRka0Zi1QJKq6)
2026-07-08 02:00:06,898 INFO Found 0 w-termine files in folder
2026-07-08 02:00:06,898 INFO No new w-termine files found
2026-07-08 02:00:06,901 INFO === scribe_sync end ===
2026-07-08 02:10:01,193 INFO === scribe_sync start ===
2026-07-08 02:10:02,564 INFO MCP session initialized (id=f3df0079-d7a5-4af8-9cfc-ee339f247815)
2026-07-08 02:10:03,969 INFO Found folder 'Kindle Scribe' (ID: 1C38JFsUTRYHHimqlQwpoRka0Zi1QJKq6)
2026-07-08 02:10:06,085 INFO Found 0 w-termine files in folder
2026-07-08 02:10:06,086 INFO No new w-termine files found
2026-07-08 02:10:06,088 INFO === scribe_sync end ===
2026-07-08 02:20:01,498 INFO === scribe_sync start ===
2026-07-08 02:20:02,904 INFO MCP session initialized (id=0b4fec03-487f-404f-8ffb-c2e5c69660a3)
2026-07-08 02:20:04,287 INFO Found folder 'Kindle Scribe' (ID: 1C38JFsUTRYHHimqlQwpoRka0Zi1QJKq6)
2026-07-08 02:20:05,709 INFO Found 0 w-termine files in folder
2026-07-08 02:20:05,710 INFO No new w-termine files found
2026-07-08 02:20:05,728 INFO === scribe_sync end ===
2026-07-08 02:30:01,807 INFO === scribe_sync start ===
2026-07-08 02:30:08,609 INFO MCP session initialized (id=0f4dd7da-1864-481b-b254-db165ab07931)
2026-07-08 02:30:09,860 INFO Found folder 'Kindle Scribe' (ID: 1C38JFsUTRYHHimqlQwpoRka0Zi1QJKq6)
2026-07-08 02:30:11,738 INFO Found 0 w-termine files in folder
2026-07-08 02:30:11,739 INFO No new w-termine files found
2026-07-08 02:30:11,740 INFO === scribe_sync end ===
2026-07-08 02:40:01,785 INFO === scribe_sync start ===
2026-07-08 02:40:03,710 INFO MCP session initialized (id=4ffe9a49-7b36-4e3d-b52a-f0ef15fa380f)
2026-07-08 02:40:05,924 INFO Found folder 'Kindle Scribe' (ID: 1C38JFsUTRYHHimqlQwpoRka0Zi1QJKq6)
2026-07-08 02:40:07,247 INFO Found 0 w-termine files in folder
2026-07-08 02:40:07,247 INFO No new w-termine files found
2026-07-08 02:40:07,252 INFO === scribe_sync end ===
2026-07-08 02:50:02,008 INFO === scribe_sync start ===
2026-07-08 02:50:03,650 INFO MCP session initialized (id=6b34b3db-72ba-41c3-9560-39eae4b526ad)
2026-07-08 02:50:05,097 INFO Found folder 'Kindle Scribe' (ID: 1C38JFsUTRYHHimqlQwpoRka0Zi1QJKq6)
2026-07-08 02:50:06,378 INFO Found 0 w-termine files in folder
2026-07-08 02:50:06,379 INFO No new w-termine files found
2026-07-08 02:50:06,380 INFO === scribe_sync end ===
2026-07-08 03:00:01,824 INFO === scribe_sync start ===
2026-07-08 03:00:03,577 INFO MCP session initialized (id=eeb6124a-285f-4cdb-ba25-36ab64179246)
2026-07-08 03:00:08,171 INFO Found folder 'Kindle Scribe' (ID: 1C38JFsUTRYHHimqlQwpoRka0Zi1QJKq6)
2026-07-08 03:00:09,676 INFO Found 0 w-termine files in folder
2026-07-08 03:00:09,676 INFO No new w-termine files found
2026-07-08 03:00:09,678 INFO === scribe_sync end ===
2026-07-08 03:10:02,131 INFO === scribe_sync start ===
2026-07-08 03:10:04,255 INFO MCP session initialized (id=50256812-2d78-404b-9c21-da86bea2ed70)
2026-07-08 03:10:05,712 INFO Found folder 'Kindle Scribe' (ID: 1C38JFsUTRYHHimqlQwpoRka0Zi1QJKq6)
2026-07-08 03:10:07,301 INFO Found 0 w-termine files in folder
2026-07-08 03:10:07,301 INFO No new w-termine files found
2026-07-08 03:10:07,303 INFO === scribe_sync end ===
2026-07-08 03:20:02,169 INFO === scribe_sync start ===
2026-07-08 03:20:03,793 INFO MCP session initialized (id=4050f24e-b7e1-4aad-9000-c003609574d8)
2026-07-08 03:20:05,275 INFO Found folder 'Kindle Scribe' (ID: 1C38JFsUTRYHHimqlQwpoRka0Zi1QJKq6)
2026-07-08 03:20:06,561 INFO Found 0 w-termine files in folder
2026-07-08 03:20:06,561 INFO No new w-termine files found
2026-07-08 03:20:06,576 INFO === scribe_sync end ===
2026-07-08 03:30:01,273 INFO === scribe_sync start ===
2026-07-08 03:30:02,995 INFO MCP session initialized (id=e2098608-345c-446f-a188-825cb52244c2)
2026-07-08 03:30:04,375 INFO Found folder 'Kindle Scribe' (ID: 1C38JFsUTRYHHimqlQwpoRka0Zi1QJKq6)
2026-07-08 03:30:05,715 INFO Found 0 w-termine files in folder
2026-07-08 03:30:05,715 INFO No new w-termine files found
2026-07-08 03:30:05,731 INFO === scribe_sync end ===
2026-07-08 03:40:01,944 INFO === scribe_sync start ===
2026-07-08 03:40:03,823 INFO MCP session initialized (id=5742e4bb-b7f0-4927-bf3c-d660e8446c7d)
2026-07-08 03:40:05,426 INFO Found folder 'Kindle Scribe' (ID: 1C38JFsUTRYHHimqlQwpoRka0Zi1QJKq6)
2026-07-08 03:40:06,984 INFO Found 0 w-termine files in folder
2026-07-08 03:40:06,984 INFO No new w-termine files found
2026-07-08 03:40:06,987 INFO === scribe_sync end ===
2026-07-08 03:50:01,272 INFO === scribe_sync start ===
2026-07-08 03:50:02,869 INFO MCP session initialized (id=37e7c2aa-3241-4dee-bccf-beba3ec108de)
2026-07-08 03:50:04,586 INFO Found folder 'Kindle Scribe' (ID: 1C38JFsUTRYHHimqlQwpoRka0Zi1QJKq6)
2026-07-08 03:50:05,942 INFO Found 0 w-termine files in folder
2026-07-08 03:50:05,942 INFO No new w-termine files found
2026-07-08 03:50:05,944 INFO === scribe_sync end ===
2026-07-08 04:00:02,030 INFO === scribe_sync start ===
2026-07-08 04:00:03,742 INFO MCP session initialized (id=c4c3a403-fcee-4f5d-a544-450560d24320)
2026-07-08 04:00:05,421 INFO Found folder 'Kindle Scribe' (ID: 1C38JFsUTRYHHimqlQwpoRka0Zi1QJKq6)
2026-07-08 04:00:06,863 INFO Found 0 w-termine files in folder
2026-07-08 04:00:06,866 INFO No new w-termine files found
2026-07-08 04:00:06,875 INFO === scribe_sync end ===
2026-07-08 04:10:01,125 INFO === scribe_sync start ===
2026-07-08 04:10:02,519 INFO MCP session initialized (id=c14d27b5-2fcf-4695-8ee4-fd54be992281)
2026-07-08 04:10:04,899 INFO Found folder 'Kindle Scribe' (ID: 1C38JFsUTRYHHimqlQwpoRka0Zi1QJKq6)
2026-07-08 04:10:06,103 INFO Found 0 w-termine files in folder
2026-07-08 04:10:06,103 INFO No new w-termine files found
2026-07-08 04:10:06,113 INFO === scribe_sync end ===
2026-07-08 04:20:02,183 INFO === scribe_sync start ===
2026-07-08 04:20:03,853 INFO MCP session initialized (id=48770c32-78a6-41cf-90e1-773b7c43e4b2)
2026-07-08 04:20:05,187 INFO Found folder 'Kindle Scribe' (ID: 1C38JFsUTRYHHimqlQwpoRka0Zi1QJKq6)
2026-07-08 04:20:06,485 INFO Found 0 w-termine files in folder
2026-07-08 04:20:06,488 INFO No new w-termine files found
2026-07-08 04:20:06,507 INFO === scribe_sync end ===
2026-07-08 04:30:01,783 INFO === scribe_sync start ===
2026-07-08 04:30:03,570 INFO MCP session initialized (id=45164adb-6832-4e4c-9276-7ffd0ed2622a)
2026-07-08 04:30:04,912 INFO Found folder 'Kindle Scribe' (ID: 1C38JFsUTRYHHimqlQwpoRka0Zi1QJKq6)
2026-07-08 04:30:06,294 INFO Found 0 w-termine files in folder
2026-07-08 04:30:06,295 INFO No new w-termine files found
2026-07-08 04:30:06,297 INFO === scribe_sync end ===
2026-07-08 04:40:01,151 INFO === scribe_sync start ===
2026-07-08 04:40:02,685 INFO MCP session initialized (id=a30a6245-67fa-4b52-ba40-c20540d54de2)
2026-07-08 04:40:04,105 INFO Found folder 'Kindle Scribe' (ID: 1C38JFsUTRYHHimqlQwpoRka0Zi1QJKq6)
2026-07-08 04:40:05,663 INFO Found 0 w-termine files in folder
2026-07-08 04:40:05,664 INFO No new w-termine files found
2026-07-08 04:40:05,670 INFO === scribe_sync end ===
2026-07-08 04:50:01,481 INFO === scribe_sync start ===
2026-07-08 04:50:02,950 INFO MCP session initialized (id=d5000b1b-a523-4974-bdad-3718278813ee)
2026-07-08 04:50:04,604 INFO Found folder 'Kindle Scribe' (ID: 1C38JFsUTRYHHimqlQwpoRka0Zi1QJKq6)
2026-07-08 04:50:05,968 INFO Found 0 w-termine files in folder
2026-07-08 04:50:05,968 INFO No new w-termine files found
2026-07-08 04:50:05,969 INFO === scribe_sync end ===
2026-07-08 05:00:01,941 INFO === scribe_sync start ===
2026-07-08 05:00:03,811 INFO MCP session initialized (id=5f533dd9-440b-43b9-a7bc-a94d2acaad1f)
2026-07-08 05:00:05,525 INFO Found folder 'Kindle Scribe' (ID: 1C38JFsUTRYHHimqlQwpoRka0Zi1QJKq6)
2026-07-08 05:00:07,191 INFO Found 0 w-termine files in folder
2026-07-08 05:00:07,191 INFO No new w-termine files found
2026-07-08 05:00:07,195 INFO === scribe_sync end ===
2026-07-08 05:10:02,002 INFO === scribe_sync start ===
2026-07-08 05:10:03,798 INFO MCP session initialized (id=9d7a4763-6324-4632-807e-0d9adf0b4198)
2026-07-08 05:10:05,660 INFO Found folder 'Kindle Scribe' (ID: 1C38JFsUTRYHHimqlQwpoRka0Zi1QJKq6)
2026-07-08 05:10:06,935 INFO Found 0 w-termine files in folder
2026-07-08 05:10:06,936 INFO No new w-termine files found
2026-07-08 05:10:06,938 INFO === scribe_sync end ===
2026-07-08 05:20:01,937 INFO === scribe_sync start ===
2026-07-08 05:20:04,513 INFO MCP session initialized (id=a0825008-f86c-432f-a3ba-c609a921dede)
2026-07-08 05:20:06,131 INFO Found folder 'Kindle Scribe' (ID: 1C38JFsUTRYHHimqlQwpoRka0Zi1QJKq6)
2026-07-08 05:20:07,389 INFO Found 0 w-termine files in folder
2026-07-08 05:20:07,389 INFO No new w-termine files found
2026-07-08 05:20:07,391 INFO === scribe_sync end ===
2026-07-08 05:30:01,527 INFO === scribe_sync start ===
2026-07-08 05:30:02,998 INFO MCP session initialized (id=5d154528-d9fc-4e97-adbb-afb1c91858fa)
2026-07-08 05:30:04,805 INFO Found folder 'Kindle Scribe' (ID: 1C38JFsUTRYHHimqlQwpoRka0Zi1QJKq6)
2026-07-08 05:30:06,539 INFO Found 0 w-termine files in folder
2026-07-08 05:30:06,539 INFO No new w-termine files found
2026-07-08 05:30:06,542 INFO === scribe_sync end ===
2026-07-08 05:40:01,761 INFO === scribe_sync start ===
2026-07-08 05:40:03,159 INFO MCP session initialized (id=e764c6d0-da8a-4ec5-83e1-ec240fb1becf)
2026-07-08 05:40:04,906 INFO Found folder 'Kindle Scribe' (ID: 1C38JFsUTRYHHimqlQwpoRka0Zi1QJKq6)
2026-07-08 05:40:06,134 INFO Found 0 w-termine files in folder
2026-07-08 05:40:06,134 INFO No new w-termine files found
2026-07-08 05:40:06,138 INFO === scribe_sync end ===
2026-07-08 05:50:01,371 INFO === scribe_sync start ===
2026-07-08 05:50:03,067 INFO MCP session initialized (id=ef5bf05b-862f-4e81-a1bb-97c277cc552a)
2026-07-08 05:50:04,349 INFO Found folder 'Kindle Scribe' (ID: 1C38JFsUTRYHHimqlQwpoRka0Zi1QJKq6)
2026-07-08 05:50:05,559 INFO Found 0 w-termine files in folder
2026-07-08 05:50:05,559 INFO No new w-termine files found
2026-07-08 05:50:05,564 INFO === scribe_sync end ===
2026-07-08 06:00:01,495 INFO === scribe_sync start ===
2026-07-08 06:00:03,156 INFO MCP session initialized (id=8f92c9be-5bc9-4ae5-a0e8-be324b73c262)
2026-07-08 06:00:04,729 INFO Found folder 'Kindle Scribe' (ID: 1C38JFsUTRYHHimqlQwpoRka0Zi1QJKq6)
2026-07-08 06:00:11,021 INFO Found 0 w-termine files in folder
2026-07-08 06:00:11,021 INFO No new w-termine files found
2026-07-08 06:00:11,024 INFO === scribe_sync end ===
2026-07-08 06:10:02,122 INFO === scribe_sync start ===
2026-07-08 06:10:03,475 INFO MCP session initialized (id=cc401918-40ba-4110-b4d9-aa0c0ee1f748)
2026-07-08 06:10:04,930 INFO Found folder 'Kindle Scribe' (ID: 1C38JFsUTRYHHimqlQwpoRka0Zi1QJKq6)
2026-07-08 06:10:06,177 INFO Found 0 w-termine files in folder
2026-07-08 06:10:06,178 INFO No new w-termine files found
2026-07-08 06:10:06,182 INFO === scribe_sync end ===
2026-07-08 06:20:01,651 INFO === scribe_sync start ===
2026-07-08 06:20:03,107 INFO MCP session initialized (id=d3d38f87-ed82-436a-b195-22b9c80ec124)
2026-07-08 06:20:04,644 INFO Found folder 'Kindle Scribe' (ID: 1C38JFsUTRYHHimqlQwpoRka0Zi1QJKq6)
2026-07-08 06:20:07,179 INFO Found 0 w-termine files in folder
2026-07-08 06:20:07,180 INFO No new w-termine files found
2026-07-08 06:20:07,183 INFO === scribe_sync end ===
2026-07-08 06:30:02,239 INFO === scribe_sync start ===
2026-07-08 06:30:03,883 INFO MCP session initialized (id=33cc07d2-8f63-40d8-9fde-1fc9f19a1986)
2026-07-08 06:30:05,693 INFO Found folder 'Kindle Scribe' (ID: 1C38JFsUTRYHHimqlQwpoRka0Zi1QJKq6)
2026-07-08 06:30:06,991 INFO Found 0 w-termine files in folder
2026-07-08 06:30:06,992 INFO No new w-termine files found
2026-07-08 06:30:06,998 INFO === scribe_sync end ===
2026-07-08 06:40:01,670 INFO === scribe_sync start ===
2026-07-08 06:40:03,170 INFO MCP session initialized (id=5e551510-51bf-43bc-986b-075dfdca0a17)
2026-07-08 06:40:04,650 INFO Found folder 'Kindle Scribe' (ID: 1C38JFsUTRYHHimqlQwpoRka0Zi1QJKq6)
2026-07-08 06:40:05,931 INFO Found 0 w-termine files in folder
2026-07-08 06:40:05,932 INFO No new w-termine files found
2026-07-08 06:40:05,935 INFO === scribe_sync end ===
2026-07-08 06:50:01,709 INFO === scribe_sync start ===
2026-07-08 06:50:03,646 INFO MCP session initialized (id=71d37b4d-9676-48c2-b500-3f8e639ae14d)
2026-07-08 06:50:05,379 INFO Found folder 'Kindle Scribe' (ID: 1C38JFsUTRYHHimqlQwpoRka0Zi1QJKq6)
2026-07-08 06:50:06,703 INFO Found 0 w-termine files in folder
2026-07-08 06:50:06,704 INFO No new w-termine files found
2026-07-08 06:50:06,706 INFO === scribe_sync end ===
2026-07-08 07:00:02,032 INFO === scribe_sync start ===
2026-07-08 07:00:03,734 INFO MCP session initialized (id=adfe69e8-0963-4a10-a7ba-d4c45bb3c293)
2026-07-08 07:00:05,877 INFO Found folder 'Kindle Scribe' (ID: 1C38JFsUTRYHHimqlQwpoRka0Zi1QJKq6)
2026-07-08 07:00:07,747 INFO Found 0 w-termine files in folder
2026-07-08 07:00:07,747 INFO No new w-termine files found
2026-07-08 07:00:07,749 INFO === scribe_sync end ===
2026-07-08 07:10:02,131 INFO === scribe_sync start ===
2026-07-08 07:10:03,864 INFO MCP session initialized (id=e668d466-1fb3-4c6c-9e19-7fc4bf5f0409)
2026-07-08 07:10:05,205 INFO Found folder 'Kindle Scribe' (ID: 1C38JFsUTRYHHimqlQwpoRka0Zi1QJKq6)
2026-07-08 07:10:06,415 INFO Found 0 w-termine files in folder
2026-07-08 07:10:06,415 INFO No new w-termine files found
2026-07-08 07:10:06,417 INFO === scribe_sync end ===
2026-07-08 07:20:01,649 INFO === scribe_sync start ===
2026-07-08 07:20:03,396 INFO MCP session initialized (id=9513b30b-fe2d-423e-960b-1559a8f5416a)
2026-07-08 07:20:04,765 INFO Found folder 'Kindle Scribe' (ID: 1C38JFsUTRYHHimqlQwpoRka0Zi1QJKq6)
2026-07-08 07:20:06,062 INFO Found 0 w-termine files in folder
2026-07-08 07:20:06,063 INFO No new w-termine files found
2026-07-08 07:20:06,068 INFO === scribe_sync end ===
2026-07-08 07:30:01,829 INFO === scribe_sync start ===
2026-07-08 07:30:09,783 INFO MCP session initialized (id=65df51e4-3f19-43ec-ae9a-af74977115f5)
2026-07-08 07:30:11,239 INFO Found folder 'Kindle Scribe' (ID: 1C38JFsUTRYHHimqlQwpoRka0Zi1QJKq6)
2026-07-08 07:30:12,639 INFO Found 0 w-termine files in folder
2026-07-08 07:30:12,640 INFO No new w-termine files found
2026-07-08 07:30:12,648 INFO === scribe_sync end ===
2026-07-08 07:40:01,098 INFO === scribe_sync start ===
2026-07-08 07:40:02,915 INFO MCP session initialized (id=8bc00a36-27f7-4e1b-9425-83c02dabed19)
2026-07-08 07:40:04,328 INFO Found folder 'Kindle Scribe' (ID: 1C38JFsUTRYHHimqlQwpoRka0Zi1QJKq6)
2026-07-08 07:40:05,722 INFO Found 0 w-termine files in folder
2026-07-08 07:40:05,723 INFO No new w-termine files found
2026-07-08 07:40:05,740 INFO === scribe_sync end ===
2026-07-08 07:50:01,606 INFO === scribe_sync start ===
2026-07-08 07:50:04,081 INFO MCP session initialized (id=44369961-da11-42e7-a757-8d4053b06567)
2026-07-08 07:50:05,480 INFO Found folder 'Kindle Scribe' (ID: 1C38JFsUTRYHHimqlQwpoRka0Zi1QJKq6)
2026-07-08 07:50:06,664 INFO Found 0 w-termine files in folder
2026-07-08 07:50:06,665 INFO No new w-termine files found
2026-07-08 07:50:06,669 INFO === scribe_sync end ===
2026-07-08 08:00:02,062 INFO === scribe_sync start ===
2026-07-08 08:00:04,118 INFO MCP session initialized (id=25229a18-2290-4809-8ad1-183c536d7ea4)
2026-07-08 08:00:11,503 INFO Found folder 'Kindle Scribe' (ID: 1C38JFsUTRYHHimqlQwpoRka0Zi1QJKq6)
2026-07-08 08:00:13,317 INFO Found 0 w-termine files in folder
2026-07-08 08:00:13,317 INFO No new w-termine files found
2026-07-08 08:00:13,319 INFO === scribe_sync end ===
2026-07-08 08:10:01,560 INFO === scribe_sync start ===
2026-07-08 08:10:02,963 INFO MCP session initialized (id=1b4684ce-a2ee-4855-a3a4-902d268df37e)
2026-07-08 08:10:04,284 INFO Found folder 'Kindle Scribe' (ID: 1C38JFsUTRYHHimqlQwpoRka0Zi1QJKq6)
2026-07-08 08:10:05,584 INFO Found 0 w-termine files in folder
2026-07-08 08:10:05,585 INFO No new w-termine files found
2026-07-08 08:10:05,587 INFO === scribe_sync end ===
2026-07-08 08:20:02,131 INFO === scribe_sync start ===
2026-07-08 08:20:03,920 INFO MCP session initialized (id=a4ba5d43-d310-4c19-8bd1-d599d243bb86)
2026-07-08 08:20:05,296 INFO Found folder 'Kindle Scribe' (ID: 1C38JFsUTRYHHimqlQwpoRka0Zi1QJKq6)
2026-07-08 08:20:06,502 INFO Found 0 w-termine files in folder
2026-07-08 08:20:06,503 INFO No new w-termine files found
2026-07-08 08:20:06,505 INFO === scribe_sync end ===
2026-07-08 08:30:01,297 INFO === scribe_sync start ===
2026-07-08 08:30:02,664 INFO MCP session initialized (id=1538f60c-cb0e-40ed-b963-d3c258da5749)
2026-07-08 08:30:04,983 INFO Found folder 'Kindle Scribe' (ID: 1C38JFsUTRYHHimqlQwpoRka0Zi1QJKq6)
2026-07-08 08:30:06,190 INFO Found 0 w-termine files in folder
2026-07-08 08:30:06,190 INFO No new w-termine files found
2026-07-08 08:30:06,195 INFO === scribe_sync end ===
2026-07-08 08:40:02,284 INFO === scribe_sync start ===
2026-07-08 08:40:04,168 INFO MCP session initialized (id=2e7efc40-5341-4075-a2d2-cd47fda6fb72)
2026-07-08 08:40:05,871 INFO Found folder 'Kindle Scribe' (ID: 1C38JFsUTRYHHimqlQwpoRka0Zi1QJKq6)
2026-07-08 08:40:07,084 INFO Found 0 w-termine files in folder
2026-07-08 08:40:07,084 INFO No new w-termine files found
2026-07-08 08:40:07,088 INFO === scribe_sync end ===
2026-07-08 08:50:01,598 INFO === scribe_sync start ===
2026-07-08 08:50:03,529 INFO MCP session initialized (id=f87ca9a8-a033-4f49-861c-d61c708ddc45)
2026-07-08 08:50:04,979 INFO Found folder 'Kindle Scribe' (ID: 1C38JFsUTRYHHimqlQwpoRka0Zi1QJKq6)
2026-07-08 08:50:06,181 INFO Found 0 w-termine files in folder
2026-07-08 08:50:06,181 INFO No new w-termine files found
2026-07-08 08:50:06,188 INFO === scribe_sync end ===
2026-07-08 09:00:02,109 INFO === scribe_sync start ===
2026-07-08 09:00:04,275 INFO MCP session initialized (id=bae6822d-bb74-4c1b-a07f-cdbfbda289a9)
2026-07-08 09:00:06,106 INFO Found folder 'Kindle Scribe' (ID: 1C38JFsUTRYHHimqlQwpoRka0Zi1QJKq6)
2026-07-08 09:00:07,950 INFO Found 0 w-termine files in folder
2026-07-08 09:00:07,950 INFO No new w-termine files found
2026-07-08 09:00:07,951 INFO === scribe_sync end ===
2026-07-08 09:10:01,861 INFO === scribe_sync start ===
2026-07-08 09:10:32,464 ERROR Unexpected error: HTTPSConnectionPool(host='connect.composio.dev', port=443): Read timed out. (read timeout=30)
Traceback (most recent call last):
  File "/usr/local/lib/python3.12/dist-packages/urllib3/connectionpool.py", line 534, in _make_request
    response = conn.getresponse()
               ^^^^^^^^^^^^^^^^^^
  File "/usr/local/lib/python3.12/dist-packages/urllib3/connection.py", line 571, in getresponse
    httplib_response = super().getresponse()
                       ^^^^^^^^^^^^^^^^^^^^^
  File "/usr/lib/python3.12/http/client.py", line 1457, in getresponse
    response.begin()
  File "/usr/lib/python3.12/http/client.py", line 336, in begin
    version, status, reason = self._read_status()
                              ^^^^^^^^^^^^^^^^^^^
  File "/usr/lib/python3.12/http/client.py", line 297, in _read_status
    line = str(self.fp.readline(_MAXLINE + 1), "iso-8859-1")
               ^^^^^^^^^^^^^^^^^^^^^^^^^^^^^^
  File "/usr/lib/python3.12/socket.py", line 707, in readinto
    return self._sock.recv_into(b)
           ^^^^^^^^^^^^^^^^^^^^^^^
  File "/usr/lib/python3.12/ssl.py", line 1252, in recv_into
    return self.read(nbytes, buffer)
           ^^^^^^^^^^^^^^^^^^^^^^^^^
  File "/usr/lib/python3.12/ssl.py", line 1104, in read
    return self._sslobj.read(len, buffer)
           ^^^^^^^^^^^^^^^^^^^^^^^^^^^^^^
TimeoutError: The read operation timed out

The above exception was the direct cause of the following exception:

Traceback (most recent call last):
  File "/usr/local/lib/python3.12/dist-packages/requests/adapters.py", line 696, in send
    resp = conn.urlopen(
           ^^^^^^^^^^^^^
  File "/usr/local/lib/python3.12/dist-packages/urllib3/connectionpool.py", line 841, in urlopen
    retries = retries.increment(
              ^^^^^^^^^^^^^^^^^^
  File "/usr/local/lib/python3.12/dist-packages/urllib3/util/retry.py", line 490, in increment
    raise reraise(type(error), error, _stacktrace)
          ^^^^^^^^^^^^^^^^^^^^^^^^^^^^^^^^^^^^^^^^
  File "/usr/local/lib/python3.12/dist-packages/urllib3/util/util.py", line 39, in reraise
    raise value
  File "/usr/local/lib/python3.12/dist-packages/urllib3/connectionpool.py", line 787, in urlopen
    response = self._make_request(
               ^^^^^^^^^^^^^^^^^^^
  File "/usr/local/lib/python3.12/dist-packages/urllib3/connectionpool.py", line 536, in _make_request
    self._raise_timeout(err=e, url=url, timeout_value=read_timeout)
  File "/usr/local/lib/python3.12/dist-packages/urllib3/connectionpool.py", line 367, in _raise_timeout
    raise ReadTimeoutError(
urllib3.exceptions.ReadTimeoutError: HTTPSConnectionPool(host='connect.composio.dev', port=443): Read timed out. (read timeout=30)

During handling of the above exception, another exception occurred:

Traceback (most recent call last):
  File "/root/.local/.openclaw/workspace/scribe/scribe_sync.py", line 605, in main
    process_files()
  File "/root/.local/.openclaw/workspace/scribe/scribe_sync.py", line 518, in process_files
    mcp = MCPClient(MCP_URL, str(OAUTH_FILE))
          ^^^^^^^^^^^^^^^^^^^^^^^^^^^^^^^^^^^
  File "/root/.local/.openclaw/workspace/scribe/scribe_sync.py", line 75, in __init__
    self._initialize()
  File "/root/.local/.openclaw/workspace/scribe/scribe_sync.py", line 108, in _initialize
    r = self.session.post(self.url, json=req, timeout=30)
        ^^^^^^^^^^^^^^^^^^^^^^^^^^^^^^^^^^^^^^^^^^^^^^^^^
  File "/usr/local/lib/python3.12/dist-packages/requests/sessions.py", line 712, in post
    return self.request("POST", url, data=data, json=json, **kwargs)
           ^^^^^^^^^^^^^^^^^^^^^^^^^^^^^^^^^^^^^^^^^^^^^^^^^^^^^^^^^
  File "/usr/local/lib/python3.12/dist-packages/requests/sessions.py", line 651, in request
    resp = self.send(prep, **send_kwargs)
           ^^^^^^^^^^^^^^^^^^^^^^^^^^^^^^
  File "/usr/local/lib/python3.12/dist-packages/requests/sessions.py", line 784, in send
    r = adapter.send(request, **kwargs)
        ^^^^^^^^^^^^^^^^^^^^^^^^^^^^^^^
  File "/usr/local/lib/python3.12/dist-packages/requests/adapters.py", line 742, in send
    raise ReadTimeout(e, request=request)
requests.exceptions.ReadTimeout: HTTPSConnectionPool(host='connect.composio.dev', port=443): Read timed out. (read timeout=30)
2026-07-08 09:10:32,470 INFO === scribe_sync end ===
2026-07-08 09:20:01,641 INFO === scribe_sync start ===
2026-07-08 09:20:03,540 INFO MCP session initialized (id=401417ee-f5a5-43cb-97f2-5dd5692cf547)
2026-07-08 09:20:04,869 INFO Found folder 'Kindle Scribe' (ID: 1C38JFsUTRYHHimqlQwpoRka0Zi1QJKq6)
2026-07-08 09:20:06,125 INFO Found 0 w-termine files in folder
2026-07-08 09:20:06,125 INFO No new w-termine files found
2026-07-08 09:20:06,127 INFO === scribe_sync end ===
2026-07-08 09:30:02,149 INFO === scribe_sync start ===
2026-07-08 09:30:04,434 INFO MCP session initialized (id=f0e41696-2ecd-4d5d-854e-1404eb0decf7)
2026-07-08 09:30:06,177 INFO Found folder 'Kindle Scribe' (ID: 1C38JFsUTRYHHimqlQwpoRka0Zi1QJKq6)
2026-07-08 09:30:07,797 INFO Found 0 w-termine files in folder
2026-07-08 09:30:07,797 INFO No new w-termine files found
2026-07-08 09:30:07,800 INFO === scribe_sync end ===
2026-07-08 09:40:02,042 INFO === scribe_sync start ===
2026-07-08 09:40:03,400 INFO MCP session initialized (id=db17c413-eccf-4c07-9499-90d8cf37ac88)
2026-07-08 09:40:04,818 INFO Found folder 'Kindle Scribe' (ID: 1C38JFsUTRYHHimqlQwpoRka0Zi1QJKq6)
2026-07-08 09:40:06,427 INFO Found 0 w-termine files in folder
2026-07-08 09:40:06,427 INFO No new w-termine files found
2026-07-08 09:40:06,429 INFO === scribe_sync end ===
2026-07-08 09:50:02,082 INFO === scribe_sync start ===
2026-07-08 09:50:03,557 INFO MCP session initialized (id=68aa0020-1e00-4e5a-8782-09a941c2c4ea)
2026-07-08 09:50:04,801 INFO Found folder 'Kindle Scribe' (ID: 1C38JFsUTRYHHimqlQwpoRka0Zi1QJKq6)
2026-07-08 09:50:06,093 INFO Found 0 w-termine files in folder
2026-07-08 09:50:06,093 INFO No new w-termine files found
2026-07-08 09:50:06,096 INFO === scribe_sync end ===
2026-07-08 10:00:01,438 INFO === scribe_sync start ===
2026-07-08 10:00:03,081 INFO MCP session initialized (id=862545f7-7294-4d0c-8e28-417f2d37ae91)
2026-07-08 10:00:05,575 INFO Found folder 'Kindle Scribe' (ID: 1C38JFsUTRYHHimqlQwpoRka0Zi1QJKq6)
2026-07-08 10:00:07,837 INFO Found 0 w-termine files in folder
2026-07-08 10:00:07,838 INFO No new w-termine files found
2026-07-08 10:00:07,840 INFO === scribe_sync end ===
2026-07-08 10:10:01,296 INFO === scribe_sync start ===
2026-07-08 10:10:02,816 INFO MCP session initialized (id=fda985bf-7e9f-42a8-b35f-38d715e869ac)
2026-07-08 10:10:04,449 INFO Found folder 'Kindle Scribe' (ID: 1C38JFsUTRYHHimqlQwpoRka0Zi1QJKq6)
2026-07-08 10:10:05,801 INFO Found 0 w-termine files in folder
2026-07-08 10:10:05,801 INFO No new w-termine files found
2026-07-08 10:10:05,808 INFO === scribe_sync end ===
2026-07-08 10:20:01,444 INFO === scribe_sync start ===
2026-07-08 10:20:03,121 INFO MCP session initialized (id=e6643e2b-eb3f-4dbb-be88-332ea07c8034)
2026-07-08 10:20:04,821 INFO Found folder 'Kindle Scribe' (ID: 1C38JFsUTRYHHimqlQwpoRka0Zi1QJKq6)
2026-07-08 10:20:06,395 INFO Found 0 w-termine files in folder
2026-07-08 10:20:06,395 INFO No new w-termine files found
2026-07-08 10:20:06,400 INFO === scribe_sync end ===
2026-07-08 10:30:01,599 INFO === scribe_sync start ===
2026-07-08 10:30:03,105 INFO MCP session initialized (id=dcf44cc5-2ead-4c5c-b280-8a37c2848863)
2026-07-08 10:30:04,606 INFO Found folder 'Kindle Scribe' (ID: 1C38JFsUTRYHHimqlQwpoRka0Zi1QJKq6)
2026-07-08 10:30:06,018 INFO Found 0 w-termine files in folder
2026-07-08 10:30:06,018 INFO No new w-termine files found
2026-07-08 10:30:06,021 INFO === scribe_sync end ===
2026-07-08 10:40:01,769 INFO === scribe_sync start ===
2026-07-08 10:40:03,308 INFO MCP session initialized (id=71657c50-7153-489b-a275-c9c5876995ef)
2026-07-08 10:40:04,638 INFO Found folder 'Kindle Scribe' (ID: 1C38JFsUTRYHHimqlQwpoRka0Zi1QJKq6)
2026-07-08 10:40:05,950 INFO Found 0 w-termine files in folder
2026-07-08 10:40:05,951 INFO No new w-termine files found
2026-07-08 10:40:05,953 INFO === scribe_sync end ===
2026-07-08 10:50:01,368 INFO === scribe_sync start ===
2026-07-08 10:50:02,765 INFO MCP session initialized (id=99a2ffcc-61f2-4c34-924d-abf737547cf2)
2026-07-08 10:50:04,207 INFO Found folder 'Kindle Scribe' (ID: 1C38JFsUTRYHHimqlQwpoRka0Zi1QJKq6)
2026-07-08 10:50:05,636 INFO Found 0 w-termine files in folder
2026-07-08 10:50:05,637 INFO No new w-termine files found
2026-07-08 10:50:05,639 INFO === scribe_sync end ===
2026-07-08 11:00:01,330 INFO === scribe_sync start ===
2026-07-08 11:00:02,975 INFO MCP session initialized (id=8e484e73-77cd-4bcc-a3a2-ca7886a363f0)
2026-07-08 11:00:05,388 INFO Found folder 'Kindle Scribe' (ID: 1C38JFsUTRYHHimqlQwpoRka0Zi1QJKq6)
2026-07-08 11:00:12,696 INFO Found 0 w-termine files in folder
2026-07-08 11:00:12,697 INFO No new w-termine files found
2026-07-08 11:00:12,701 INFO === scribe_sync end ===
2026-07-08 11:10:01,373 INFO === scribe_sync start ===
2026-07-08 11:10:02,710 INFO MCP session initialized (id=3d072758-0d15-4f1b-a31f-dc055896a2ac)
2026-07-08 11:10:04,515 INFO Found folder 'Kindle Scribe' (ID: 1C38JFsUTRYHHimqlQwpoRka0Zi1QJKq6)
2026-07-08 11:10:06,045 INFO Found 0 w-termine files in folder
2026-07-08 11:10:06,045 INFO No new w-termine files found
2026-07-08 11:10:06,054 INFO === scribe_sync end ===
2026-07-08 11:20:02,794 INFO === scribe_sync start ===
2026-07-08 11:20:04,345 INFO MCP session initialized (id=44ad8470-8ddc-4c93-af0c-24840d163cab)
2026-07-08 11:20:05,721 INFO Found folder 'Kindle Scribe' (ID: 1C38JFsUTRYHHimqlQwpoRka0Zi1QJKq6)
2026-07-08 11:20:07,005 INFO Found 0 w-termine files in folder
2026-07-08 11:20:07,005 INFO No new w-termine files found
2026-07-08 11:20:07,016 INFO === scribe_sync end ===
2026-07-08 11:30:02,529 INFO === scribe_sync start ===
2026-07-08 11:30:09,234 INFO MCP session initialized (id=d764afe7-5d66-4f32-b87a-2c2d145e4161)
2026-07-08 11:30:11,592 INFO Found folder 'Kindle Scribe' (ID: 1C38JFsUTRYHHimqlQwpoRka0Zi1QJKq6)
2026-07-08 11:30:12,951 INFO Found 0 w-termine files in folder
2026-07-08 11:30:12,952 INFO No new w-termine files found
2026-07-08 11:30:12,956 INFO === scribe_sync end ===
2026-07-08 11:40:01,405 INFO === scribe_sync start ===
2026-07-08 11:40:02,961 INFO MCP session initialized (id=2d0d4c75-c8f3-4bd1-b46e-be58397375ec)
2026-07-08 11:40:04,614 INFO Found folder 'Kindle Scribe' (ID: 1C38JFsUTRYHHimqlQwpoRka0Zi1QJKq6)
2026-07-08 11:40:06,111 INFO Found 0 w-termine files in folder
2026-07-08 11:40:06,111 INFO No new w-termine files found
2026-07-08 11:40:06,113 INFO === scribe_sync end ===
2026-07-08 11:50:01,315 INFO === scribe_sync start ===
2026-07-08 11:50:03,013 INFO MCP session initialized (id=1de8a957-5dc0-4142-91bf-9232a9860c8c)
2026-07-08 11:50:04,800 INFO Found folder 'Kindle Scribe' (ID: 1C38JFsUTRYHHimqlQwpoRka0Zi1QJKq6)
2026-07-08 11:50:07,479 INFO Found 0 w-termine files in folder
2026-07-08 11:50:07,479 INFO No new w-termine files found
2026-07-08 11:50:07,482 INFO === scribe_sync end ===
2026-07-08 12:00:01,491 INFO === scribe_sync start ===
2026-07-08 12:00:03,198 INFO MCP session initialized (id=66326a23-dff5-4a3c-9432-6f093d426ff5)
2026-07-08 12:00:05,510 INFO Found folder 'Kindle Scribe' (ID: 1C38JFsUTRYHHimqlQwpoRka0Zi1QJKq6)
2026-07-08 12:00:07,168 INFO Found 0 w-termine files in folder
2026-07-08 12:00:07,168 INFO No new w-termine files found
2026-07-08 12:00:07,179 INFO === scribe_sync end ===
2026-07-08 12:10:02,025 INFO === scribe_sync start ===
2026-07-08 12:10:03,446 ERROR Unexpected error: ('Connection aborted.', RemoteDisconnected('Remote end closed connection without response'))
Traceback (most recent call last):
  File "/usr/local/lib/python3.12/dist-packages/urllib3/connectionpool.py", line 787, in urlopen
    response = self._make_request(
               ^^^^^^^^^^^^^^^^^^^
  File "/usr/local/lib/python3.12/dist-packages/urllib3/connectionpool.py", line 534, in _make_request
    response = conn.getresponse()
               ^^^^^^^^^^^^^^^^^^
  File "/usr/local/lib/python3.12/dist-packages/urllib3/connection.py", line 571, in getresponse
    httplib_response = super().getresponse()
                       ^^^^^^^^^^^^^^^^^^^^^
  File "/usr/lib/python3.12/http/client.py", line 1457, in getresponse
    response.begin()
  File "/usr/lib/python3.12/http/client.py", line 336, in begin
    version, status, reason = self._read_status()
                              ^^^^^^^^^^^^^^^^^^^
  File "/usr/lib/python3.12/http/client.py", line 305, in _read_status
    raise RemoteDisconnected("Remote end closed connection without"
http.client.RemoteDisconnected: Remote end closed connection without response

During handling of the above exception, another exception occurred:

Traceback (most recent call last):
  File "/usr/local/lib/python3.12/dist-packages/requests/adapters.py", line 696, in send
    resp = conn.urlopen(
           ^^^^^^^^^^^^^
  File "/usr/local/lib/python3.12/dist-packages/urllib3/connectionpool.py", line 841, in urlopen
    retries = retries.increment(
              ^^^^^^^^^^^^^^^^^^
  File "/usr/local/lib/python3.12/dist-packages/urllib3/util/retry.py", line 490, in increment
    raise reraise(type(error), error, _stacktrace)
          ^^^^^^^^^^^^^^^^^^^^^^^^^^^^^^^^^^^^^^^^
  File "/usr/local/lib/python3.12/dist-packages/urllib3/util/util.py", line 38, in reraise
    raise value.with_traceback(tb)
  File "/usr/local/lib/python3.12/dist-packages/urllib3/connectionpool.py", line 787, in urlopen
    response = self._make_request(
               ^^^^^^^^^^^^^^^^^^^
  File "/usr/local/lib/python3.12/dist-packages/urllib3/connectionpool.py", line 534, in _make_request
    response = conn.getresponse()
               ^^^^^^^^^^^^^^^^^^
  File "/usr/local/lib/python3.12/dist-packages/urllib3/connection.py", line 571, in getresponse
    httplib_response = super().getresponse()
                       ^^^^^^^^^^^^^^^^^^^^^
  File "/usr/lib/python3.12/http/client.py", line 1457, in getresponse
    response.begin()
  File "/usr/lib/python3.12/http/client.py", line 336, in begin
    version, status, reason = self._read_status()
                              ^^^^^^^^^^^^^^^^^^^
  File "/usr/lib/python3.12/http/client.py", line 305, in _read_status
    raise RemoteDisconnected("Remote end closed connection without"
urllib3.exceptions.ProtocolError: ('Connection aborted.', RemoteDisconnected('Remote end closed connection without response'))

During handling of the above exception, another exception occurred:

Traceback (most recent call last):
  File "/root/.local/.openclaw/workspace/scribe/scribe_sync.py", line 605, in main
    process_files()
  File "/root/.local/.openclaw/workspace/scribe/scribe_sync.py", line 518, in process_files
    mcp = MCPClient(MCP_URL, str(OAUTH_FILE))
          ^^^^^^^^^^^^^^^^^^^^^^^^^^^^^^^^^^^
  File "/root/.local/.openclaw/workspace/scribe/scribe_sync.py", line 75, in __init__
    self._initialize()
  File "/root/.local/.openclaw/workspace/scribe/scribe_sync.py", line 116, in _initialize
    self.session.post(self.url, json=notif, timeout=10)
  File "/usr/local/lib/python3.12/dist-packages/requests/sessions.py", line 712, in post
    return self.request("POST", url, data=data, json=json, **kwargs)
           ^^^^^^^^^^^^^^^^^^^^^^^^^^^^^^^^^^^^^^^^^^^^^^^^^^^^^^^^^
  File "/usr/local/lib/python3.12/dist-packages/requests/sessions.py", line 651, in request
    resp = self.send(prep, **send_kwargs)
           ^^^^^^^^^^^^^^^^^^^^^^^^^^^^^^
  File "/usr/local/lib/python3.12/dist-packages/requests/sessions.py", line 784, in send
    r = adapter.send(request, **kwargs)
        ^^^^^^^^^^^^^^^^^^^^^^^^^^^^^^^
  File "/usr/local/lib/python3.12/dist-packages/requests/adapters.py", line 711, in send
    raise ConnectionError(err, request=request)
requests.exceptions.ConnectionError: ('Connection aborted.', RemoteDisconnected('Remote end closed connection without response'))
2026-07-08 12:10:03,549 INFO === scribe_sync end ===
2026-07-08 12:20:01,667 INFO === scribe_sync start ===
2026-07-08 12:20:03,115 INFO MCP session initialized (id=f2296163-5a10-4910-96d2-683a27f6d674)
2026-07-08 12:20:04,426 INFO Found folder 'Kindle Scribe' (ID: 1C38JFsUTRYHHimqlQwpoRka0Zi1QJKq6)
2026-07-08 12:20:05,800 INFO Found 0 w-termine files in folder
2026-07-08 12:20:05,800 INFO No new w-termine files found
2026-07-08 12:20:05,804 INFO === scribe_sync end ===
2026-07-08 12:30:02,096 INFO === scribe_sync start ===
2026-07-08 12:30:04,085 INFO MCP session initialized (id=a2d26cc1-ddd3-422b-8cb9-cb2beb7e03b0)
2026-07-08 12:30:05,445 INFO Found folder 'Kindle Scribe' (ID: 1C38JFsUTRYHHimqlQwpoRka0Zi1QJKq6)
2026-07-08 12:30:07,725 INFO Found 0 w-termine files in folder
2026-07-08 12:30:07,725 INFO No new w-termine files found
2026-07-08 12:30:07,733 INFO === scribe_sync end ===
2026-07-08 12:40:01,423 INFO === scribe_sync start ===
2026-07-08 12:40:03,148 INFO MCP session initialized (id=d327ad89-c2ec-4389-a100-b1156eeef29e)
2026-07-08 12:40:05,163 INFO Found folder 'Kindle Scribe' (ID: 1C38JFsUTRYHHimqlQwpoRka0Zi1QJKq6)
2026-07-08 12:40:06,623 INFO Found 0 w-termine files in folder
2026-07-08 12:40:06,624 INFO No new w-termine files found
2026-07-08 12:40:06,625 INFO === scribe_sync end ===
2026-07-08 12:50:01,395 INFO === scribe_sync start ===
2026-07-08 12:50:03,184 INFO MCP session initialized (id=5f2bf7de-f549-49c2-b96c-efac9fa99980)
2026-07-08 12:50:04,525 INFO Found folder 'Kindle Scribe' (ID: 1C38JFsUTRYHHimqlQwpoRka0Zi1QJKq6)
2026-07-08 12:50:05,781 INFO Found 0 w-termine files in folder
2026-07-08 12:50:05,782 INFO No new w-termine files found
2026-07-08 12:50:05,783 INFO === scribe_sync end ===
2026-07-08 13:00:01,508 INFO === scribe_sync start ===
2026-07-08 13:00:03,782 INFO MCP session initialized (id=9d3ee016-f4ea-46fa-a287-7906e755d9b4)
2026-07-08 13:00:05,600 INFO Found folder 'Kindle Scribe' (ID: 1C38JFsUTRYHHimqlQwpoRka0Zi1QJKq6)
2026-07-08 13:00:07,195 INFO Found 0 w-termine files in folder
2026-07-08 13:00:07,198 INFO No new w-termine files found
2026-07-08 13:00:07,207 INFO === scribe_sync end ===
2026-07-08 13:10:01,490 INFO === scribe_sync start ===
2026-07-08 13:10:02,985 INFO MCP session initialized (id=70d7f977-ed5d-42bc-bacb-62a6cc177584)
2026-07-08 13:10:04,577 INFO Found folder 'Kindle Scribe' (ID: 1C38JFsUTRYHHimqlQwpoRka0Zi1QJKq6)
2026-07-08 13:10:06,238 INFO Found 0 w-termine files in folder
2026-07-08 13:10:06,238 INFO No new w-termine files found
2026-07-08 13:10:06,241 INFO === scribe_sync end ===
2026-07-08 13:20:01,315 INFO === scribe_sync start ===
2026-07-08 13:20:02,853 INFO MCP session initialized (id=f0947cf4-c685-42fd-a143-47e5d6e88873)
2026-07-08 13:20:04,437 INFO Found folder 'Kindle Scribe' (ID: 1C38JFsUTRYHHimqlQwpoRka0Zi1QJKq6)
2026-07-08 13:20:05,930 INFO Found 0 w-termine files in folder
2026-07-08 13:20:05,930 INFO No new w-termine files found
2026-07-08 13:20:05,931 INFO === scribe_sync end ===
2026-07-08 13:30:01,917 INFO === scribe_sync start ===
2026-07-08 13:30:03,555 INFO MCP session initialized (id=1cc2d5bb-2a5a-4083-bba7-d3c8c281f8bc)
2026-07-08 13:30:05,843 INFO Found folder 'Kindle Scribe' (ID: 1C38JFsUTRYHHimqlQwpoRka0Zi1QJKq6)
2026-07-08 13:30:11,654 INFO Found 0 w-termine files in folder
2026-07-08 13:30:11,655 INFO No new w-termine files found
2026-07-08 13:30:11,656 INFO === scribe_sync end ===
2026-07-08 13:40:01,983 INFO === scribe_sync start ===
2026-07-08 13:40:03,483 INFO MCP session initialized (id=8e6cc6ae-3471-4b87-9012-c32262d32432)
2026-07-08 13:40:05,171 INFO Found folder 'Kindle Scribe' (ID: 1C38JFsUTRYHHimqlQwpoRka0Zi1QJKq6)
2026-07-08 13:40:06,584 INFO Found 0 w-termine files in folder
2026-07-08 13:40:06,585 INFO No new w-termine files found
2026-07-08 13:40:06,587 INFO === scribe_sync end ===
2026-07-08 13:50:02,048 INFO === scribe_sync start ===
2026-07-08 13:50:03,934 INFO MCP session initialized (id=4df7cc2c-76ca-4315-a107-982ca54bb48f)
2026-07-08 13:50:05,963 INFO Found folder 'Kindle Scribe' (ID: 1C38JFsUTRYHHimqlQwpoRka0Zi1QJKq6)
2026-07-08 13:50:07,318 INFO Found 0 w-termine files in folder
2026-07-08 13:50:07,318 INFO No new w-termine files found
2026-07-08 13:50:07,320 INFO === scribe_sync end ===
2026-07-08 14:00:01,174 INFO === scribe_sync start ===
2026-07-08 14:00:03,086 INFO MCP session initialized (id=8698cb2b-100b-4c9a-ac94-77762eb2f2da)
2026-07-08 14:00:09,986 INFO Found folder 'Kindle Scribe' (ID: 1C38JFsUTRYHHimqlQwpoRka0Zi1QJKq6)
2026-07-08 14:00:16,093 INFO Found 0 w-termine files in folder
2026-07-08 14:00:16,093 INFO No new w-termine files found
2026-07-08 14:00:16,095 INFO === scribe_sync end ===
2026-07-08 14:10:02,182 INFO === scribe_sync start ===
2026-07-08 14:10:03,799 INFO MCP session initialized (id=bb6df133-589f-444a-b2bb-5256e40a526d)
2026-07-08 14:10:05,333 INFO Found folder 'Kindle Scribe' (ID: 1C38JFsUTRYHHimqlQwpoRka0Zi1QJKq6)
2026-07-08 14:10:06,934 INFO Found 0 w-termine files in folder
2026-07-08 14:10:06,934 INFO No new w-termine files found
2026-07-08 14:10:06,945 INFO === scribe_sync end ===
2026-07-08 14:20:02,249 INFO === scribe_sync start ===
2026-07-08 14:20:04,097 INFO MCP session initialized (id=f893582a-e6c1-44d3-bba0-f3cbef8001ac)
2026-07-08 14:20:05,796 INFO Found folder 'Kindle Scribe' (ID: 1C38JFsUTRYHHimqlQwpoRka0Zi1QJKq6)
2026-07-08 14:20:07,060 INFO Found 0 w-termine files in folder
2026-07-08 14:20:07,061 INFO No new w-termine files found
2026-07-08 14:20:07,088 INFO === scribe_sync end ===
2026-07-08 14:30:01,987 INFO === scribe_sync start ===
2026-07-08 14:30:04,715 INFO MCP session initialized (id=b4575955-283c-40a5-8df0-76f76246558a)
2026-07-08 14:30:11,627 INFO Found folder 'Kindle Scribe' (ID: 1C38JFsUTRYHHimqlQwpoRka0Zi1QJKq6)
2026-07-08 14:30:14,316 INFO Found 0 w-termine files in folder
2026-07-08 14:30:14,316 INFO No new w-termine files found
2026-07-08 14:30:14,318 INFO === scribe_sync end ===
2026-07-08 14:40:02,188 INFO === scribe_sync start ===
2026-07-08 14:40:03,633 INFO MCP session initialized (id=ee3d0f99-b41a-4a5d-ada2-f93524469008)
2026-07-08 14:40:05,019 INFO Found folder 'Kindle Scribe' (ID: 1C38JFsUTRYHHimqlQwpoRka0Zi1QJKq6)
2026-07-08 14:40:06,912 INFO Found 0 w-termine files in folder
2026-07-08 14:40:06,912 INFO No new w-termine files found
2026-07-08 14:40:06,915 INFO === scribe_sync end ===
2026-07-08 14:50:01,342 INFO === scribe_sync start ===
2026-07-08 14:50:03,316 INFO MCP session initialized (id=86e94180-94f3-4822-adbb-98f2841f4bf8)
2026-07-08 14:50:04,742 INFO Found folder 'Kindle Scribe' (ID: 1C38JFsUTRYHHimqlQwpoRka0Zi1QJKq6)
2026-07-08 14:50:05,997 INFO Found 0 w-termine files in folder
2026-07-08 14:50:05,998 INFO No new w-termine files found
2026-07-08 14:50:06,002 INFO === scribe_sync end ===
2026-07-08 15:00:01,733 INFO === scribe_sync start ===
2026-07-08 15:00:09,036 INFO MCP session initialized (id=64c3349d-26e7-49ac-a1c7-fa0b9ab24639)
2026-07-08 15:00:10,635 INFO Found folder 'Kindle Scribe' (ID: 1C38JFsUTRYHHimqlQwpoRka0Zi1QJKq6)
2026-07-08 15:00:17,016 INFO Found 0 w-termine files in folder
2026-07-08 15:00:17,017 INFO No new w-termine files found
2026-07-08 15:00:17,019 INFO === scribe_sync end ===
2026-07-08 15:10:02,024 INFO === scribe_sync start ===
2026-07-08 15:10:03,584 INFO MCP session initialized (id=856dfe40-e1df-43e4-9832-4648e49aeffa)
2026-07-08 15:10:05,083 INFO Found folder 'Kindle Scribe' (ID: 1C38JFsUTRYHHimqlQwpoRka0Zi1QJKq6)
2026-07-08 15:10:06,874 INFO Found 0 w-termine files in folder
2026-07-08 15:10:06,874 INFO No new w-termine files found
2026-07-08 15:10:06,879 INFO === scribe_sync end ===
2026-07-08 15:20:01,559 INFO === scribe_sync start ===
2026-07-08 15:20:03,365 INFO MCP session initialized (id=26df1d44-1d11-44a0-a27c-4cf3f6536a46)
2026-07-08 15:20:05,260 INFO Found folder 'Kindle Scribe' (ID: 1C38JFsUTRYHHimqlQwpoRka0Zi1QJKq6)
2026-07-08 15:20:06,646 INFO Found 0 w-termine files in folder
2026-07-08 15:20:06,646 INFO No new w-termine files found
2026-07-08 15:20:06,648 INFO === scribe_sync end ===
2026-07-08 15:30:01,374 INFO === scribe_sync start ===
2026-07-08 15:30:03,505 INFO MCP session initialized (id=77235762-422a-40e6-acbd-00d1b3c6aa49)
2026-07-08 15:30:05,208 INFO Found folder 'Kindle Scribe' (ID: 1C38JFsUTRYHHimqlQwpoRka0Zi1QJKq6)
2026-07-08 15:30:06,865 INFO Found 0 w-termine files in folder
2026-07-08 15:30:06,865 INFO No new w-termine files found
2026-07-08 15:30:06,868 INFO === scribe_sync end ===
2026-07-08 15:40:01,822 INFO === scribe_sync start ===
2026-07-08 15:40:03,856 INFO MCP session initialized (id=97b34fc5-3572-4acb-8e48-40b423ee19e5)
2026-07-08 15:40:06,942 INFO Found folder 'Kindle Scribe' (ID: 1C38JFsUTRYHHimqlQwpoRka0Zi1QJKq6)
2026-07-08 15:40:08,620 INFO Found 0 w-termine files in folder
2026-07-08 15:40:08,620 INFO No new w-termine files found
2026-07-08 15:40:08,621 INFO === scribe_sync end ===
2026-07-08 15:50:01,690 INFO === scribe_sync start ===
2026-07-08 15:50:03,672 INFO MCP session initialized (id=dd1531f9-bac2-4a2a-8cb8-42752692d791)
2026-07-08 15:50:06,057 INFO Found folder 'Kindle Scribe' (ID: 1C38JFsUTRYHHimqlQwpoRka0Zi1QJKq6)
2026-07-08 15:50:07,572 INFO Found 0 w-termine files in folder
2026-07-08 15:50:07,572 INFO No new w-termine files found
2026-07-08 15:50:07,573 INFO === scribe_sync end ===
2026-07-08 16:00:01,360 INFO === scribe_sync start ===
2026-07-08 16:00:03,358 INFO MCP session initialized (id=08bc2597-c7be-4106-85e8-d0ffba304954)
2026-07-08 16:00:06,629 INFO Found folder 'Kindle Scribe' (ID: 1C38JFsUTRYHHimqlQwpoRka0Zi1QJKq6)
2026-07-08 16:00:08,726 INFO Found 0 w-termine files in folder
2026-07-08 16:00:08,727 INFO No new w-termine files found
2026-07-08 16:00:08,730 INFO === scribe_sync end ===
2026-07-08 16:10:01,927 INFO === scribe_sync start ===
2026-07-08 16:10:03,419 INFO MCP session initialized (id=19f4791d-ae7d-4f5f-acfa-08597483c66e)
2026-07-08 16:10:04,945 INFO Found folder 'Kindle Scribe' (ID: 1C38JFsUTRYHHimqlQwpoRka0Zi1QJKq6)
2026-07-08 16:10:06,389 INFO Found 0 w-termine files in folder
2026-07-08 16:10:06,389 INFO No new w-termine files found
2026-07-08 16:10:06,396 INFO === scribe_sync end ===
2026-07-08 16:20:01,940 INFO === scribe_sync start ===
2026-07-08 16:20:03,923 INFO MCP session initialized (id=06f7bcbc-68ce-4b41-acc1-71a1779dae8c)
2026-07-08 16:20:05,707 INFO Found folder 'Kindle Scribe' (ID: 1C38JFsUTRYHHimqlQwpoRka0Zi1QJKq6)
2026-07-08 16:20:07,141 INFO Found 0 w-termine files in folder
2026-07-08 16:20:07,142 INFO No new w-termine files found
2026-07-08 16:20:07,144 INFO === scribe_sync end ===
2026-07-08 16:30:01,724 INFO === scribe_sync start ===
2026-07-08 16:30:08,878 INFO MCP session initialized (id=2362b5a7-ddda-40cd-80b8-5e24259bb002)
2026-07-08 16:30:10,281 INFO Found folder 'Kindle Scribe' (ID: 1C38JFsUTRYHHimqlQwpoRka0Zi1QJKq6)
2026-07-08 16:30:13,845 INFO Found 0 w-termine files in folder
2026-07-08 16:30:13,851 INFO No new w-termine files found
2026-07-08 16:30:13,859 INFO === scribe_sync end ===
2026-07-08 16:40:01,202 INFO === scribe_sync start ===
2026-07-08 16:40:02,558 INFO MCP session initialized (id=7df038ae-297a-496c-aa33-21f19c7aebb6)
2026-07-08 16:40:04,184 INFO Found folder 'Kindle Scribe' (ID: 1C38JFsUTRYHHimqlQwpoRka0Zi1QJKq6)
2026-07-08 16:40:05,571 INFO Found 0 w-termine files in folder
2026-07-08 16:40:05,585 INFO No new w-termine files found
2026-07-08 16:40:05,595 INFO === scribe_sync end ===
2026-07-08 16:50:02,197 INFO === scribe_sync start ===
2026-07-08 16:50:03,468 INFO MCP session initialized (id=29a09620-bee3-4dcb-b15c-242b23083447)
2026-07-08 16:50:05,297 INFO Found folder 'Kindle Scribe' (ID: 1C38JFsUTRYHHimqlQwpoRka0Zi1QJKq6)
2026-07-08 16:50:06,714 INFO Found 0 w-termine files in folder
2026-07-08 16:50:06,715 INFO No new w-termine files found
2026-07-08 16:50:06,716 INFO === scribe_sync end ===
2026-07-08 17:00:02,062 INFO === scribe_sync start ===
2026-07-08 17:00:03,941 INFO MCP session initialized (id=92b41b6c-6eb8-4476-a8e0-8ca4dcde9d8f)
2026-07-08 17:00:06,787 INFO Found folder 'Kindle Scribe' (ID: 1C38JFsUTRYHHimqlQwpoRka0Zi1QJKq6)
2026-07-08 17:00:14,472 INFO Found 0 w-termine files in folder
2026-07-08 17:00:14,476 INFO No new w-termine files found
2026-07-08 17:00:14,487 INFO === scribe_sync end ===
2026-07-08 17:10:01,157 INFO === scribe_sync start ===
2026-07-08 17:10:03,013 INFO MCP session initialized (id=526f4160-57bc-4a73-973e-7c0803b84494)
2026-07-08 17:10:04,860 INFO Found folder 'Kindle Scribe' (ID: 1C38JFsUTRYHHimqlQwpoRka0Zi1QJKq6)
2026-07-08 17:10:06,271 INFO Found 0 w-termine files in folder
2026-07-08 17:10:06,272 INFO No new w-termine files found
2026-07-08 17:10:06,285 INFO === scribe_sync end ===
2026-07-08 17:20:01,453 INFO === scribe_sync start ===
2026-07-08 17:20:02,922 INFO MCP session initialized (id=ffa67751-662b-4aa8-b0d9-fb6aff2a83fc)
2026-07-08 17:20:04,902 INFO Found folder 'Kindle Scribe' (ID: 1C38JFsUTRYHHimqlQwpoRka0Zi1QJKq6)
2026-07-08 17:20:06,367 INFO Found 0 w-termine files in folder
2026-07-08 17:20:06,368 INFO No new w-termine files found
2026-07-08 17:20:06,369 INFO === scribe_sync end ===
2026-07-08 17:30:01,593 INFO === scribe_sync start ===
2026-07-08 17:30:03,804 INFO MCP session initialized (id=c6858cbc-49b5-45b6-8565-d9926aea7519)
2026-07-08 17:30:05,182 INFO Found folder 'Kindle Scribe' (ID: 1C38JFsUTRYHHimqlQwpoRka0Zi1QJKq6)
2026-07-08 17:30:06,470 INFO Found 0 w-termine files in folder
2026-07-08 17:30:06,470 INFO No new w-termine files found
2026-07-08 17:30:06,505 INFO === scribe_sync end ===
2026-07-08 17:40:01,864 INFO === scribe_sync start ===
2026-07-08 17:40:03,560 INFO MCP session initialized (id=6f1f3791-62c6-4a20-bf47-b629742b7df5)
2026-07-08 17:40:05,703 INFO Found folder 'Kindle Scribe' (ID: 1C38JFsUTRYHHimqlQwpoRka0Zi1QJKq6)
2026-07-08 17:40:07,033 INFO Found 0 w-termine files in folder
2026-07-08 17:40:07,034 INFO No new w-termine files found
2026-07-08 17:40:07,039 INFO === scribe_sync end ===
2026-07-08 17:50:01,938 INFO === scribe_sync start ===
2026-07-08 17:50:03,669 INFO MCP session initialized (id=46ffecfc-5801-4910-b442-1448d2ed4889)
2026-07-08 17:50:05,081 INFO Found folder 'Kindle Scribe' (ID: 1C38JFsUTRYHHimqlQwpoRka0Zi1QJKq6)
2026-07-08 17:50:06,506 INFO Found 0 w-termine files in folder
2026-07-08 17:50:06,506 INFO No new w-termine files found
2026-07-08 17:50:06,508 INFO === scribe_sync end ===
2026-07-08 18:00:02,566 INFO === scribe_sync start ===
2026-07-08 18:00:04,902 INFO MCP session initialized (id=e608f809-6eee-465d-8408-7eb708d8ece3)
2026-07-08 18:00:06,483 INFO Found folder 'Kindle Scribe' (ID: 1C38JFsUTRYHHimqlQwpoRka0Zi1QJKq6)
2026-07-08 18:00:08,130 INFO Found 0 w-termine files in folder
2026-07-08 18:00:08,131 INFO No new w-termine files found
2026-07-08 18:00:08,132 INFO === scribe_sync end ===
2026-07-08 18:10:02,255 INFO === scribe_sync start ===
2026-07-08 18:10:03,781 INFO MCP session initialized (id=72d42d7b-b353-48b4-a07a-2fd24c714df2)
2026-07-08 18:10:05,433 INFO Found folder 'Kindle Scribe' (ID: 1C38JFsUTRYHHimqlQwpoRka0Zi1QJKq6)
2026-07-08 18:10:06,753 INFO Found 0 w-termine files in folder
2026-07-08 18:10:06,753 INFO No new w-termine files found
2026-07-08 18:10:06,756 INFO === scribe_sync end ===
2026-07-08 18:20:01,770 INFO === scribe_sync start ===
2026-07-08 18:20:03,377 INFO MCP session initialized (id=cf1f4c70-56de-4e0a-9ae7-503339933172)
2026-07-08 18:20:04,934 INFO Found folder 'Kindle Scribe' (ID: 1C38JFsUTRYHHimqlQwpoRka0Zi1QJKq6)
2026-07-08 18:20:06,231 INFO Found 0 w-termine files in folder
2026-07-08 18:20:06,232 INFO No new w-termine files found
2026-07-08 18:20:06,236 INFO === scribe_sync end ===
2026-07-08 18:30:01,144 INFO === scribe_sync start ===
2026-07-08 18:30:02,611 INFO MCP session initialized (id=9612fea8-6fb2-4cf4-b349-871b38013367)
2026-07-08 18:30:05,267 INFO Found folder 'Kindle Scribe' (ID: 1C38JFsUTRYHHimqlQwpoRka0Zi1QJKq6)
2026-07-08 18:30:06,644 INFO Found 0 w-termine files in folder
2026-07-08 18:30:06,644 INFO No new w-termine files found
2026-07-08 18:30:06,646 INFO === scribe_sync end ===
2026-07-08 18:40:02,280 INFO === scribe_sync start ===
2026-07-08 18:40:04,103 INFO MCP session initialized (id=d88cf475-341f-4dd2-875b-158bf7eed4d7)
2026-07-08 18:40:05,730 INFO Found folder 'Kindle Scribe' (ID: 1C38JFsUTRYHHimqlQwpoRka0Zi1QJKq6)
2026-07-08 18:40:07,035 INFO Found 0 w-termine files in folder
2026-07-08 18:40:07,035 INFO No new w-termine files found
2026-07-08 18:40:07,041 INFO === scribe_sync end ===
2026-07-08 18:50:01,873 INFO === scribe_sync start ===
2026-07-08 18:50:03,536 INFO MCP session initialized (id=ab94dbc5-e210-4f8a-9fb6-a05054e059b4)
2026-07-08 18:50:05,247 INFO Found folder 'Kindle Scribe' (ID: 1C38JFsUTRYHHimqlQwpoRka0Zi1QJKq6)
2026-07-08 18:50:06,516 INFO Found 0 w-termine files in folder
2026-07-08 18:50:06,516 INFO No new w-termine files found
2026-07-08 18:50:06,520 INFO === scribe_sync end ===
2026-07-08 19:00:01,985 INFO === scribe_sync start ===
2026-07-08 19:00:03,694 INFO MCP session initialized (id=76e1f4c8-3a7d-4029-b740-827c9708a1a2)
2026-07-08 19:00:05,408 INFO Found folder 'Kindle Scribe' (ID: 1C38JFsUTRYHHimqlQwpoRka0Zi1QJKq6)
2026-07-08 19:00:08,126 INFO Found 0 w-termine files in folder
2026-07-08 19:00:08,127 INFO No new w-termine files found
2026-07-08 19:00:08,140 INFO === scribe_sync end ===
2026-07-08 19:10:01,145 INFO === scribe_sync start ===
2026-07-08 19:10:02,858 INFO MCP session initialized (id=bfce0f3f-672a-4c48-b0fd-8d974c5a1dc6)
2026-07-08 19:10:04,294 INFO Found folder 'Kindle Scribe' (ID: 1C38JFsUTRYHHimqlQwpoRka0Zi1QJKq6)
2026-07-08 19:10:05,679 INFO Found 0 w-termine files in folder
2026-07-08 19:10:05,680 INFO No new w-termine files found
2026-07-08 19:10:05,687 INFO === scribe_sync end ===
2026-07-08 19:20:03,547 INFO === scribe_sync start ===
2026-07-08 19:20:05,790 INFO MCP session initialized (id=c706c2c4-47b4-4f0b-a692-ec9a90922e8f)
2026-07-08 19:20:07,338 INFO Found folder 'Kindle Scribe' (ID: 1C38JFsUTRYHHimqlQwpoRka0Zi1QJKq6)
2026-07-08 19:20:08,639 INFO Found 0 w-termine files in folder
2026-07-08 19:20:08,654 INFO No new w-termine files found
2026-07-08 19:20:08,662 INFO === scribe_sync end ===
2026-07-08 19:30:02,114 INFO === scribe_sync start ===
2026-07-08 19:30:04,074 INFO MCP session initialized (id=c6a16b02-ceab-4bb2-8289-2a202f5fab7d)
2026-07-08 19:30:05,672 INFO Found folder 'Kindle Scribe' (ID: 1C38JFsUTRYHHimqlQwpoRka0Zi1QJKq6)
2026-07-08 19:30:07,343 INFO Found 0 w-termine files in folder
2026-07-08 19:30:07,343 INFO No new w-termine files found
2026-07-08 19:30:07,345 INFO === scribe_sync end ===
2026-07-08 19:40:02,744 INFO === scribe_sync start ===
2026-07-08 19:40:04,251 INFO MCP session initialized (id=69dcf1f7-69fc-4bec-9c25-01beaba2c0ed)
2026-07-08 19:40:05,999 INFO Found folder 'Kindle Scribe' (ID: 1C38JFsUTRYHHimqlQwpoRka0Zi1QJKq6)
2026-07-08 19:40:07,941 INFO Found 0 w-termine files in folder
2026-07-08 19:40:07,948 INFO No new w-termine files found
2026-07-08 19:40:07,951 INFO === scribe_sync end ===
2026-07-08 19:50:02,178 INFO === scribe_sync start ===
2026-07-08 19:50:03,926 INFO MCP session initialized (id=6cfde98b-0691-4db3-b36d-b028cd479dd8)
2026-07-08 19:50:05,274 INFO Found folder 'Kindle Scribe' (ID: 1C38JFsUTRYHHimqlQwpoRka0Zi1QJKq6)
2026-07-08 19:50:06,692 INFO Found 0 w-termine files in folder
2026-07-08 19:50:06,693 INFO No new w-termine files found
2026-07-08 19:50:06,695 INFO === scribe_sync end ===
2026-07-08 20:00:01,455 INFO === scribe_sync start ===
2026-07-08 20:00:03,365 INFO MCP session initialized (id=1669e101-c0eb-4036-b6cf-563ede8c0f3b)
2026-07-08 20:00:05,442 INFO Found folder 'Kindle Scribe' (ID: 1C38JFsUTRYHHimqlQwpoRka0Zi1QJKq6)
2026-07-08 20:00:06,906 INFO Found 0 w-termine files in folder
2026-07-08 20:00:06,906 INFO No new w-termine files found
2026-07-08 20:00:06,908 INFO === scribe_sync end ===
2026-07-08 20:10:02,074 INFO === scribe_sync start ===
2026-07-08 20:10:03,740 INFO MCP session initialized (id=f9514e91-a3df-49ab-9b8a-b0bbc03ad4dc)
2026-07-08 20:10:05,518 INFO Found folder 'Kindle Scribe' (ID: 1C38JFsUTRYHHimqlQwpoRka0Zi1QJKq6)
2026-07-08 20:10:07,501 INFO Found 0 w-termine files in folder
2026-07-08 20:10:07,501 INFO No new w-termine files found
2026-07-08 20:10:07,503 INFO === scribe_sync end ===
2026-07-08 20:20:02,168 INFO === scribe_sync start ===
2026-07-08 20:20:04,437 INFO MCP session initialized (id=c8f603cf-067c-4992-a6f2-9c8ade26ce77)
2026-07-08 20:20:06,045 INFO Found folder 'Kindle Scribe' (ID: 1C38JFsUTRYHHimqlQwpoRka0Zi1QJKq6)
2026-07-08 20:20:09,873 INFO Found 0 w-termine files in folder
2026-07-08 20:20:09,874 INFO No new w-termine files found
2026-07-08 20:20:09,877 INFO === scribe_sync end ===
2026-07-08 20:30:01,682 INFO === scribe_sync start ===
2026-07-08 20:30:03,428 INFO MCP session initialized (id=c21c14cc-90d7-48a7-ae60-22fb86e90c3b)
2026-07-08 20:30:05,577 INFO Found folder 'Kindle Scribe' (ID: 1C38JFsUTRYHHimqlQwpoRka0Zi1QJKq6)
2026-07-08 20:30:08,145 INFO Found 0 w-termine files in folder
2026-07-08 20:30:08,146 INFO No new w-termine files found
2026-07-08 20:30:08,159 INFO === scribe_sync end ===
2026-07-08 20:40:01,627 INFO === scribe_sync start ===
2026-07-08 20:40:03,079 INFO MCP session initialized (id=63f86fd7-6699-49d0-89a9-53db636c325e)
2026-07-08 20:40:04,572 INFO Found folder 'Kindle Scribe' (ID: 1C38JFsUTRYHHimqlQwpoRka0Zi1QJKq6)
2026-07-08 20:40:06,869 INFO Found 0 w-termine files in folder
2026-07-08 20:40:06,869 INFO No new w-termine files found
2026-07-08 20:40:06,878 INFO === scribe_sync end ===
2026-07-08 20:50:02,006 INFO === scribe_sync start ===
2026-07-08 20:50:03,334 INFO MCP session initialized (id=5a5088f6-0d33-4e39-8adb-d5d33cff5757)
2026-07-08 20:50:04,673 INFO Found folder 'Kindle Scribe' (ID: 1C38JFsUTRYHHimqlQwpoRka0Zi1QJKq6)
2026-07-08 20:50:05,913 INFO Found 0 w-termine files in folder
2026-07-08 20:50:05,913 INFO No new w-termine files found
2026-07-08 20:50:05,915 INFO === scribe_sync end ===
2026-07-08 21:00:01,209 INFO === scribe_sync start ===
2026-07-08 21:00:02,747 INFO MCP session initialized (id=9c5c28e7-4ca0-44eb-b68c-dd4a270e1c76)
2026-07-08 21:00:05,329 INFO Found folder 'Kindle Scribe' (ID: 1C38JFsUTRYHHimqlQwpoRka0Zi1QJKq6)
2026-07-08 21:00:07,208 INFO Found 0 w-termine files in folder
2026-07-08 21:00:07,218 INFO No new w-termine files found
2026-07-08 21:00:07,228 INFO === scribe_sync end ===
2026-07-08 21:10:02,161 INFO === scribe_sync start ===
2026-07-08 21:10:04,126 INFO MCP session initialized (id=70a5dd4e-57c7-41c9-b139-55d79ae60ae7)
2026-07-08 21:10:05,601 INFO Found folder 'Kindle Scribe' (ID: 1C38JFsUTRYHHimqlQwpoRka0Zi1QJKq6)
2026-07-08 21:10:07,143 INFO Found 0 w-termine files in folder
2026-07-08 21:10:07,144 INFO No new w-termine files found
2026-07-08 21:10:07,146 INFO === scribe_sync end ===
2026-07-08 21:20:01,248 INFO === scribe_sync start ===
2026-07-08 21:20:02,928 INFO MCP session initialized (id=4da971c5-b6d6-44e3-9d63-88c01ad16ad2)
2026-07-08 21:20:04,787 INFO Found folder 'Kindle Scribe' (ID: 1C38JFsUTRYHHimqlQwpoRka0Zi1QJKq6)
2026-07-08 21:20:06,127 INFO Found 0 w-termine files in folder
2026-07-08 21:20:06,127 INFO No new w-termine files found
2026-07-08 21:20:06,134 INFO === scribe_sync end ===
2026-07-08 21:30:02,162 INFO === scribe_sync start ===
2026-07-08 21:30:04,090 INFO MCP session initialized (id=04ea2d62-e45f-472e-9c92-fd11a59c6f5b)
2026-07-08 21:30:06,474 INFO Found folder 'Kindle Scribe' (ID: 1C38JFsUTRYHHimqlQwpoRka0Zi1QJKq6)
2026-07-08 21:30:08,670 INFO Found 0 w-termine files in folder
2026-07-08 21:30:08,672 INFO No new w-termine files found
2026-07-08 21:30:08,673 INFO === scribe_sync end ===
2026-07-08 21:40:02,802 INFO === scribe_sync start ===
2026-07-08 21:40:04,654 INFO MCP session initialized (id=fc5d66c7-caa0-4455-9c8c-c65fa2c95d95)
2026-07-08 21:40:06,141 INFO Found folder 'Kindle Scribe' (ID: 1C38JFsUTRYHHimqlQwpoRka0Zi1QJKq6)
2026-07-08 21:40:07,536 INFO Found 0 w-termine files in folder
2026-07-08 21:40:07,536 INFO No new w-termine files found
2026-07-08 21:40:07,538 INFO === scribe_sync end ===
2026-07-08 21:50:01,925 INFO === scribe_sync start ===
2026-07-08 21:50:04,040 INFO MCP session initialized (id=b92758ca-d0bc-4326-8a96-bb26c729e2b4)
2026-07-08 21:50:05,634 INFO Found folder 'Kindle Scribe' (ID: 1C38JFsUTRYHHimqlQwpoRka0Zi1QJKq6)
2026-07-08 21:50:07,056 INFO Found 0 w-termine files in folder
2026-07-08 21:50:07,057 INFO No new w-termine files found
2026-07-08 21:50:07,067 INFO === scribe_sync end ===
2026-07-08 22:00:01,659 INFO === scribe_sync start ===
2026-07-08 22:00:08,381 INFO MCP session initialized (id=e125bdfd-aef6-42d7-8c1d-8c4de90deab3)
2026-07-08 22:00:13,142 INFO Found folder 'Kindle Scribe' (ID: 1C38JFsUTRYHHimqlQwpoRka0Zi1QJKq6)
2026-07-08 22:00:14,506 INFO Found 0 w-termine files in folder
2026-07-08 22:00:14,507 INFO No new w-termine files found
2026-07-08 22:00:14,509 INFO === scribe_sync end ===
2026-07-08 22:10:02,138 INFO === scribe_sync start ===
2026-07-08 22:10:03,684 INFO MCP session initialized (id=42bb452c-f545-4605-b09d-a3aa33cc2100)
2026-07-08 22:10:05,221 INFO Found folder 'Kindle Scribe' (ID: 1C38JFsUTRYHHimqlQwpoRka0Zi1QJKq6)
2026-07-08 22:10:07,729 INFO Found 0 w-termine files in folder
2026-07-08 22:10:07,729 INFO No new w-termine files found
2026-07-08 22:10:07,744 INFO === scribe_sync end ===
2026-07-08 22:20:01,319 INFO === scribe_sync start ===
2026-07-08 22:20:03,205 INFO MCP session initialized (id=dbd231d3-14b5-41d3-bcaf-6ece6ac447fe)
2026-07-08 22:20:04,720 INFO Found folder 'Kindle Scribe' (ID: 1C38JFsUTRYHHimqlQwpoRka0Zi1QJKq6)
2026-07-08 22:20:06,104 INFO Found 0 w-termine files in folder
2026-07-08 22:20:06,104 INFO No new w-termine files found
2026-07-08 22:20:06,112 INFO === scribe_sync end ===
2026-07-08 22:30:01,130 INFO === scribe_sync start ===
2026-07-08 22:30:03,234 INFO MCP session initialized (id=41ee738d-69aa-410a-84eb-de6dba8a8391)
2026-07-08 22:30:05,214 INFO Found folder 'Kindle Scribe' (ID: 1C38JFsUTRYHHimqlQwpoRka0Zi1QJKq6)
2026-07-08 22:30:08,444 INFO Found 0 w-termine files in folder
2026-07-08 22:30:08,444 INFO No new w-termine files found
2026-07-08 22:30:08,446 INFO === scribe_sync end ===
2026-07-08 22:40:01,240 INFO === scribe_sync start ===
2026-07-08 22:40:02,853 INFO MCP session initialized (id=708d0746-e7e3-458b-a958-76567488b3d8)
2026-07-08 22:40:04,921 INFO Found folder 'Kindle Scribe' (ID: 1C38JFsUTRYHHimqlQwpoRka0Zi1QJKq6)
2026-07-08 22:40:06,416 INFO Found 0 w-termine files in folder
2026-07-08 22:40:06,417 INFO No new w-termine files found
2026-07-08 22:40:06,419 INFO === scribe_sync end ===
2026-07-08 22:50:01,703 INFO === scribe_sync start ===
2026-07-08 22:50:03,599 INFO MCP session initialized (id=17d670f7-543e-4a68-8eac-c89c3236fb91)
2026-07-08 22:50:05,095 INFO Found folder 'Kindle Scribe' (ID: 1C38JFsUTRYHHimqlQwpoRka0Zi1QJKq6)
2026-07-08 22:50:06,717 INFO Found 0 w-termine files in folder
2026-07-08 22:50:06,718 INFO No new w-termine files found
2026-07-08 22:50:06,720 INFO === scribe_sync end ===
2026-07-08 23:00:01,643 INFO === scribe_sync start ===
2026-07-08 23:00:03,495 INFO MCP session initialized (id=fac747a6-1590-4fc0-beb3-0b320ab50c65)
2026-07-08 23:00:05,949 INFO Found folder 'Kindle Scribe' (ID: 1C38JFsUTRYHHimqlQwpoRka0Zi1QJKq6)
2026-07-08 23:00:07,645 INFO Found 0 w-termine files in folder
2026-07-08 23:00:07,646 INFO No new w-termine files found
2026-07-08 23:00:07,650 INFO === scribe_sync end ===
2026-07-08 23:10:01,177 INFO === scribe_sync start ===
2026-07-08 23:10:03,005 INFO MCP session initialized (id=64f5b128-896b-4eee-8c8f-e867652d21af)
2026-07-08 23:10:04,457 INFO Found folder 'Kindle Scribe' (ID: 1C38JFsUTRYHHimqlQwpoRka0Zi1QJKq6)
2026-07-08 23:10:05,761 INFO Found 0 w-termine files in folder
2026-07-08 23:10:05,761 INFO No new w-termine files found
2026-07-08 23:10:05,763 INFO === scribe_sync end ===
2026-07-08 23:20:01,686 INFO === scribe_sync start ===
2026-07-08 23:20:03,378 INFO MCP session initialized (id=4173bee7-de74-4449-84da-ca89d0b171dc)
2026-07-08 23:20:04,940 INFO Found folder 'Kindle Scribe' (ID: 1C38JFsUTRYHHimqlQwpoRka0Zi1QJKq6)
2026-07-08 23:20:06,233 INFO Found 0 w-termine files in folder
2026-07-08 23:20:06,234 INFO No new w-termine files found
2026-07-08 23:20:06,252 INFO === scribe_sync end ===
2026-07-08 23:30:01,808 INFO === scribe_sync start ===
2026-07-08 23:30:03,823 INFO MCP session initialized (id=c21b9042-870c-4f9f-8cfb-9d7f738ff7d2)
2026-07-08 23:30:05,591 INFO Found folder 'Kindle Scribe' (ID: 1C38JFsUTRYHHimqlQwpoRka0Zi1QJKq6)
2026-07-08 23:30:07,041 INFO Found 0 w-termine files in folder
2026-07-08 23:30:07,049 INFO No new w-termine files found
2026-07-08 23:30:07,057 INFO === scribe_sync end ===
2026-07-08 23:40:01,277 INFO === scribe_sync start ===
2026-07-08 23:40:03,322 INFO MCP session initialized (id=117fa988-2756-412d-914f-d82de2cdab2b)
2026-07-08 23:40:04,721 INFO Found folder 'Kindle Scribe' (ID: 1C38JFsUTRYHHimqlQwpoRka0Zi1QJKq6)
2026-07-08 23:40:06,221 INFO Found 0 w-termine files in folder
2026-07-08 23:40:06,222 INFO No new w-termine files found
2026-07-08 23:40:06,225 INFO === scribe_sync end ===
2026-07-08 23:50:01,267 INFO === scribe_sync start ===
2026-07-08 23:50:02,870 INFO MCP session initialized (id=0b845945-5523-431c-b641-a038cdca5e5a)
2026-07-08 23:50:04,257 INFO Found folder 'Kindle Scribe' (ID: 1C38JFsUTRYHHimqlQwpoRka0Zi1QJKq6)
2026-07-08 23:50:06,078 INFO Found 0 w-termine files in folder
2026-07-08 23:50:06,078 INFO No new w-termine files found
2026-07-08 23:50:06,094 INFO === scribe_sync end ===
2026-07-09 00:00:02,012 INFO === scribe_sync start ===
2026-07-09 00:00:03,857 INFO MCP session initialized (id=d69e5aa8-866a-40be-93a4-9e37bf9de6c0)
2026-07-09 00:00:05,562 INFO Found folder 'Kindle Scribe' (ID: 1C38JFsUTRYHHimqlQwpoRka0Zi1QJKq6)
2026-07-09 00:00:07,000 INFO Found 0 w-termine files in folder
2026-07-09 00:00:07,001 INFO No new w-termine files found
2026-07-09 00:00:07,009 INFO === scribe_sync end ===
2026-07-09 00:10:02,293 INFO === scribe_sync start ===
2026-07-09 00:10:03,803 INFO MCP session initialized (id=32210c86-a04f-4c43-bb4d-ab03d5fa9963)
2026-07-09 00:10:05,482 INFO Found folder 'Kindle Scribe' (ID: 1C38JFsUTRYHHimqlQwpoRka0Zi1QJKq6)
2026-07-09 00:10:06,836 INFO Found 0 w-termine files in folder
2026-07-09 00:10:06,838 INFO No new w-termine files found
2026-07-09 00:10:06,842 INFO === scribe_sync end ===
2026-07-09 00:20:01,780 INFO === scribe_sync start ===
2026-07-09 00:20:03,692 INFO MCP session initialized (id=390694dd-2258-44d4-ac3d-8118d9147037)
2026-07-09 00:20:05,250 INFO Found folder 'Kindle Scribe' (ID: 1C38JFsUTRYHHimqlQwpoRka0Zi1QJKq6)
2026-07-09 00:20:06,478 INFO Found 0 w-termine files in folder
2026-07-09 00:20:06,479 INFO No new w-termine files found
2026-07-09 00:20:06,482 INFO === scribe_sync end ===
2026-07-09 00:30:01,922 INFO === scribe_sync start ===
2026-07-09 00:30:03,498 INFO MCP session initialized (id=8f5abba8-4596-4978-9c91-591359013eeb)
2026-07-09 00:30:05,207 INFO Found folder 'Kindle Scribe' (ID: 1C38JFsUTRYHHimqlQwpoRka0Zi1QJKq6)
2026-07-09 00:30:06,829 INFO Found 0 w-termine files in folder
2026-07-09 00:30:06,829 INFO No new w-termine files found
2026-07-09 00:30:06,831 INFO === scribe_sync end ===
2026-07-09 00:40:02,146 INFO === scribe_sync start ===
2026-07-09 00:40:04,217 INFO MCP session initialized (id=b7bbba5f-a069-40a1-bd6b-4c522a6f769a)
2026-07-09 00:40:05,625 INFO Found folder 'Kindle Scribe' (ID: 1C38JFsUTRYHHimqlQwpoRka0Zi1QJKq6)
2026-07-09 00:40:08,112 INFO Found 0 w-termine files in folder
2026-07-09 00:40:08,112 INFO No new w-termine files found
2026-07-09 00:40:08,114 INFO === scribe_sync end ===
2026-07-09 00:50:01,115 INFO === scribe_sync start ===
2026-07-09 00:50:02,433 INFO MCP session initialized (id=59869a86-34ec-4d28-b0b7-b71fb9c02f92)
2026-07-09 00:50:03,810 INFO Found folder 'Kindle Scribe' (ID: 1C38JFsUTRYHHimqlQwpoRka0Zi1QJKq6)
2026-07-09 00:50:05,164 INFO Found 0 w-termine files in folder
2026-07-09 00:50:05,168 INFO No new w-termine files found
2026-07-09 00:50:05,176 INFO === scribe_sync end ===
2026-07-09 01:00:01,183 INFO === scribe_sync start ===
2026-07-09 01:00:02,886 INFO MCP session initialized (id=2ca0c9af-17c0-4d07-911e-448605f05fca)
2026-07-09 01:00:04,644 INFO Found folder 'Kindle Scribe' (ID: 1C38JFsUTRYHHimqlQwpoRka0Zi1QJKq6)
2026-07-09 01:00:06,633 INFO Found 0 w-termine files in folder
2026-07-09 01:00:06,634 INFO No new w-termine files found
2026-07-09 01:00:06,641 INFO === scribe_sync end ===
2026-07-09 01:10:01,783 INFO === scribe_sync start ===
2026-07-09 01:10:04,043 INFO MCP session initialized (id=fad930fe-e4e6-468a-9dff-10ee87d9ba92)
2026-07-09 01:10:06,438 INFO Found folder 'Kindle Scribe' (ID: 1C38JFsUTRYHHimqlQwpoRka0Zi1QJKq6)
2026-07-09 01:10:08,328 INFO Found 0 w-termine files in folder
2026-07-09 01:10:08,328 INFO No new w-termine files found
2026-07-09 01:10:08,330 INFO === scribe_sync end ===
2026-07-09 01:20:01,300 INFO === scribe_sync start ===
2026-07-09 01:20:02,682 INFO MCP session initialized (id=7194e629-4b61-4298-b9f8-45b5d2709f4c)
2026-07-09 01:20:04,282 INFO Found folder 'Kindle Scribe' (ID: 1C38JFsUTRYHHimqlQwpoRka0Zi1QJKq6)
2026-07-09 01:20:05,639 INFO Found 0 w-termine files in folder
2026-07-09 01:20:05,639 INFO No new w-termine files found
2026-07-09 01:20:05,642 INFO === scribe_sync end ===
2026-07-09 01:30:02,117 INFO === scribe_sync start ===
2026-07-09 01:30:04,541 INFO MCP session initialized (id=3aa6c41f-9401-4ae0-8e84-30b1e1bc5298)
2026-07-09 01:30:05,993 INFO Found folder 'Kindle Scribe' (ID: 1C38JFsUTRYHHimqlQwpoRka0Zi1QJKq6)
2026-07-09 01:30:08,841 INFO Found 0 w-termine files in folder
2026-07-09 01:30:08,842 INFO No new w-termine files found
2026-07-09 01:30:08,852 INFO === scribe_sync end ===
2026-07-09 01:40:02,129 INFO === scribe_sync start ===
2026-07-09 01:40:03,713 INFO MCP session initialized (id=cc08a574-b8b4-42e5-b803-3f84910d7408)
2026-07-09 01:40:05,020 INFO Found folder 'Kindle Scribe' (ID: 1C38JFsUTRYHHimqlQwpoRka0Zi1QJKq6)
2026-07-09 01:40:06,292 INFO Found 0 w-termine files in folder
2026-07-09 01:40:06,292 INFO No new w-termine files found
2026-07-09 01:40:06,294 INFO === scribe_sync end ===
2026-07-09 01:50:01,943 INFO === scribe_sync start ===
2026-07-09 01:50:03,453 INFO MCP session initialized (id=8f5a8cc6-7cbb-442f-8090-b4b077f77fbd)
2026-07-09 01:50:04,923 INFO Found folder 'Kindle Scribe' (ID: 1C38JFsUTRYHHimqlQwpoRka0Zi1QJKq6)
2026-07-09 01:50:06,349 INFO Found 0 w-termine files in folder
2026-07-09 01:50:06,349 INFO No new w-termine files found
2026-07-09 01:50:06,352 INFO === scribe_sync end ===
2026-07-09 02:00:02,230 INFO === scribe_sync start ===
2026-07-09 02:00:04,064 INFO MCP session initialized (id=6586a186-52d8-490c-843c-7123f809d3f2)
2026-07-09 02:00:05,474 INFO Found folder 'Kindle Scribe' (ID: 1C38JFsUTRYHHimqlQwpoRka0Zi1QJKq6)
2026-07-09 02:00:06,827 INFO Found 0 w-termine files in folder
2026-07-09 02:00:06,831 INFO No new w-termine files found
2026-07-09 02:00:06,838 INFO === scribe_sync end ===
2026-07-09 02:10:02,391 INFO === scribe_sync start ===
2026-07-09 02:10:04,276 INFO MCP session initialized (id=abe99674-37c0-4b3d-afc2-06eae150539b)
2026-07-09 02:10:05,503 INFO Found folder 'Kindle Scribe' (ID: 1C38JFsUTRYHHimqlQwpoRka0Zi1QJKq6)
2026-07-09 02:10:06,927 INFO Found 0 w-termine files in folder
2026-07-09 02:10:06,928 INFO No new w-termine files found
2026-07-09 02:10:06,943 INFO === scribe_sync end ===
2026-07-09 02:20:02,321 INFO === scribe_sync start ===
2026-07-09 02:20:04,280 INFO MCP session initialized (id=3229b8fd-a6e3-4802-adb4-63cd34c51308)
2026-07-09 02:20:05,883 INFO Found folder 'Kindle Scribe' (ID: 1C38JFsUTRYHHimqlQwpoRka0Zi1QJKq6)
2026-07-09 02:20:07,210 INFO Found 0 w-termine files in folder
2026-07-09 02:20:07,210 INFO No new w-termine files found
2026-07-09 02:20:07,212 INFO === scribe_sync end ===
2026-07-09 02:30:02,114 INFO === scribe_sync start ===
2026-07-09 02:30:04,128 INFO MCP session initialized (id=90971183-6c03-4028-bfab-aeb43a7139c2)
2026-07-09 02:30:05,903 INFO Found folder 'Kindle Scribe' (ID: 1C38JFsUTRYHHimqlQwpoRka0Zi1QJKq6)
2026-07-09 02:30:07,350 INFO Found 0 w-termine files in folder
2026-07-09 02:30:07,350 INFO No new w-termine files found
2026-07-09 02:30:07,376 INFO === scribe_sync end ===
2026-07-09 02:40:01,164 INFO === scribe_sync start ===
2026-07-09 02:40:02,543 INFO MCP session initialized (id=236abb4a-d245-4e34-8865-1bcf1e4272c9)
2026-07-09 02:40:04,120 INFO Found folder 'Kindle Scribe' (ID: 1C38JFsUTRYHHimqlQwpoRka0Zi1QJKq6)
2026-07-09 02:40:05,527 INFO Found 0 w-termine files in folder
2026-07-09 02:40:05,528 INFO No new w-termine files found
2026-07-09 02:40:05,531 INFO === scribe_sync end ===
2026-07-09 02:50:01,220 INFO === scribe_sync start ===
2026-07-09 02:50:02,538 INFO MCP session initialized (id=53ffcdf0-1db2-47d0-973c-5dcd32f2445a)
2026-07-09 02:50:03,897 INFO Found folder 'Kindle Scribe' (ID: 1C38JFsUTRYHHimqlQwpoRka0Zi1QJKq6)
2026-07-09 02:50:05,387 INFO Found 0 w-termine files in folder
2026-07-09 02:50:05,387 INFO No new w-termine files found
2026-07-09 02:50:05,391 INFO === scribe_sync end ===
2026-07-09 03:00:01,582 INFO === scribe_sync start ===
2026-07-09 03:00:10,074 INFO MCP session initialized (id=09403ea5-9d83-4965-966e-9846c60720fe)
2026-07-09 03:00:11,706 INFO Found folder 'Kindle Scribe' (ID: 1C38JFsUTRYHHimqlQwpoRka0Zi1QJKq6)
2026-07-09 03:00:13,615 INFO Found 0 w-termine files in folder
2026-07-09 03:00:13,616 INFO No new w-termine files found
2026-07-09 03:00:13,618 INFO === scribe_sync end ===
2026-07-09 03:10:01,915 INFO === scribe_sync start ===
2026-07-09 03:10:03,537 INFO MCP session initialized (id=a987f5af-d65a-4cd6-a46a-33de8d3105a3)
2026-07-09 03:10:05,036 INFO Found folder 'Kindle Scribe' (ID: 1C38JFsUTRYHHimqlQwpoRka0Zi1QJKq6)
2026-07-09 03:10:06,165 INFO Found 0 w-termine files in folder
2026-07-09 03:10:06,168 INFO No new w-termine files found
2026-07-09 03:10:06,186 INFO === scribe_sync end ===
2026-07-09 03:20:02,373 INFO === scribe_sync start ===
2026-07-09 03:20:04,050 INFO MCP session initialized (id=f892ffe6-e51e-4045-a98c-e5175908a2e1)
2026-07-09 03:20:05,448 INFO Found folder 'Kindle Scribe' (ID: 1C38JFsUTRYHHimqlQwpoRka0Zi1QJKq6)
2026-07-09 03:20:06,759 INFO Found 0 w-termine files in folder
2026-07-09 03:20:06,760 INFO No new w-termine files found
2026-07-09 03:20:06,769 INFO === scribe_sync end ===
2026-07-09 03:30:01,480 INFO === scribe_sync start ===
2026-07-09 03:30:03,527 INFO MCP session initialized (id=76769603-a5bd-4714-a9ba-76dd0c8534ba)
2026-07-09 03:30:04,844 INFO Found folder 'Kindle Scribe' (ID: 1C38JFsUTRYHHimqlQwpoRka0Zi1QJKq6)
2026-07-09 03:30:06,402 INFO Found 0 w-termine files in folder
2026-07-09 03:30:06,403 INFO No new w-termine files found
2026-07-09 03:30:06,405 INFO === scribe_sync end ===
2026-07-09 03:40:01,252 INFO === scribe_sync start ===
2026-07-09 03:40:02,530 INFO MCP session initialized (id=b08df97d-5d79-41ba-8c49-13a700585c38)
2026-07-09 03:40:04,052 INFO Found folder 'Kindle Scribe' (ID: 1C38JFsUTRYHHimqlQwpoRka0Zi1QJKq6)
2026-07-09 03:40:05,238 INFO Found 0 w-termine files in folder
2026-07-09 03:40:05,238 INFO No new w-termine files found
2026-07-09 03:40:05,257 INFO === scribe_sync end ===
2026-07-09 03:50:01,463 INFO === scribe_sync start ===
2026-07-09 03:50:02,746 INFO MCP session initialized (id=da87f0e4-d0fc-436d-9a63-30b34dee4d27)
2026-07-09 03:50:04,355 INFO Found folder 'Kindle Scribe' (ID: 1C38JFsUTRYHHimqlQwpoRka0Zi1QJKq6)
2026-07-09 03:50:05,642 INFO Found 0 w-termine files in folder
2026-07-09 03:50:05,642 INFO No new w-termine files found
2026-07-09 03:50:05,648 INFO === scribe_sync end ===
2026-07-09 04:00:01,214 INFO === scribe_sync start ===
2026-07-09 04:00:02,945 INFO MCP session initialized (id=e05a2961-2f0c-41ce-9522-0c06b5ab5acd)
2026-07-09 04:00:04,917 INFO Found folder 'Kindle Scribe' (ID: 1C38JFsUTRYHHimqlQwpoRka0Zi1QJKq6)
2026-07-09 04:00:08,074 INFO Found 0 w-termine files in folder
2026-07-09 04:00:08,074 INFO No new w-termine files found
2026-07-09 04:00:08,077 INFO === scribe_sync end ===
2026-07-09 04:10:01,627 INFO === scribe_sync start ===
2026-07-09 04:10:03,061 INFO MCP session initialized (id=3530c426-660c-40cd-9899-9710c66055fc)
2026-07-09 04:10:04,552 INFO Found folder 'Kindle Scribe' (ID: 1C38JFsUTRYHHimqlQwpoRka0Zi1QJKq6)
2026-07-09 04:10:05,930 INFO Found 0 w-termine files in folder
2026-07-09 04:10:05,930 INFO No new w-termine files found
2026-07-09 04:10:05,933 INFO === scribe_sync end ===
2026-07-09 04:20:01,138 INFO === scribe_sync start ===
2026-07-09 04:20:02,732 INFO MCP session initialized (id=853afeeb-7aad-4512-9de9-0a8becb40f25)
2026-07-09 04:20:04,208 INFO Found folder 'Kindle Scribe' (ID: 1C38JFsUTRYHHimqlQwpoRka0Zi1QJKq6)
2026-07-09 04:20:06,807 INFO Found 0 w-termine files in folder
2026-07-09 04:20:06,808 INFO No new w-termine files found
2026-07-09 04:20:06,810 INFO === scribe_sync end ===
2026-07-09 04:30:01,204 INFO === scribe_sync start ===
2026-07-09 04:30:02,737 INFO MCP session initialized (id=adcb66f8-1af9-470e-b596-f4adc9efa0bd)
2026-07-09 04:30:04,549 INFO Found folder 'Kindle Scribe' (ID: 1C38JFsUTRYHHimqlQwpoRka0Zi1QJKq6)
2026-07-09 04:30:06,023 INFO Found 0 w-termine files in folder
2026-07-09 04:30:06,023 INFO No new w-termine files found
2026-07-09 04:30:06,026 INFO === scribe_sync end ===
2026-07-09 04:40:02,150 INFO === scribe_sync start ===
2026-07-09 04:40:03,731 INFO MCP session initialized (id=414cfd01-82c8-4d3c-b33a-00a0608f1ea4)
2026-07-09 04:40:05,150 INFO Found folder 'Kindle Scribe' (ID: 1C38JFsUTRYHHimqlQwpoRka0Zi1QJKq6)
2026-07-09 04:40:06,545 INFO Found 0 w-termine files in folder
2026-07-09 04:40:06,546 INFO No new w-termine files found
2026-07-09 04:40:06,548 INFO === scribe_sync end ===
2026-07-09 04:50:02,855 INFO === scribe_sync start ===
2026-07-09 04:50:04,256 INFO MCP session initialized (id=e7ec0f03-cb24-489e-93ac-777cabe33143)
2026-07-09 04:50:05,444 INFO Found folder 'Kindle Scribe' (ID: 1C38JFsUTRYHHimqlQwpoRka0Zi1QJKq6)
2026-07-09 04:50:06,775 INFO Found 0 w-termine files in folder
2026-07-09 04:50:06,776 INFO No new w-termine files found
2026-07-09 04:50:06,778 INFO === scribe_sync end ===
2026-07-09 05:00:01,370 INFO === scribe_sync start ===
2026-07-09 05:00:02,855 INFO MCP session initialized (id=f4d66198-e66a-4829-84de-6b1523a1d064)
2026-07-09 05:00:10,563 INFO Found folder 'Kindle Scribe' (ID: 1C38JFsUTRYHHimqlQwpoRka0Zi1QJKq6)
2026-07-09 05:00:13,656 INFO Found 0 w-termine files in folder
2026-07-09 05:00:13,670 INFO No new w-termine files found
2026-07-09 05:00:13,672 INFO === scribe_sync end ===
2026-07-09 05:10:01,371 INFO === scribe_sync start ===
2026-07-09 05:10:02,830 INFO MCP session initialized (id=a532f75e-6123-4ef1-9cd1-19e395d1a3a9)
2026-07-09 05:10:04,198 INFO Found folder 'Kindle Scribe' (ID: 1C38JFsUTRYHHimqlQwpoRka0Zi1QJKq6)
2026-07-09 05:10:05,570 INFO Found 0 w-termine files in folder
2026-07-09 05:10:05,570 INFO No new w-termine files found
2026-07-09 05:10:05,572 INFO === scribe_sync end ===
2026-07-09 05:20:02,237 INFO === scribe_sync start ===
2026-07-09 05:20:03,986 INFO MCP session initialized (id=1eee8621-b1fa-4aaf-bfd1-f16209ef4073)
2026-07-09 05:20:05,334 INFO Found folder 'Kindle Scribe' (ID: 1C38JFsUTRYHHimqlQwpoRka0Zi1QJKq6)
2026-07-09 05:20:06,602 INFO Found 0 w-termine files in folder
2026-07-09 05:20:06,602 INFO No new w-termine files found
2026-07-09 05:20:06,604 INFO === scribe_sync end ===
2026-07-09 05:30:01,732 INFO === scribe_sync start ===
2026-07-09 05:30:03,456 INFO MCP session initialized (id=e9e5c6e6-8c40-4699-bd61-e29e573f85ef)
2026-07-09 05:30:11,879 INFO Found folder 'Kindle Scribe' (ID: 1C38JFsUTRYHHimqlQwpoRka0Zi1QJKq6)
2026-07-09 05:30:13,169 INFO Found 0 w-termine files in folder
2026-07-09 05:30:13,169 INFO No new w-termine files found
2026-07-09 05:30:13,171 INFO === scribe_sync end ===
2026-07-09 05:40:01,347 INFO === scribe_sync start ===
2026-07-09 05:40:03,267 INFO MCP session initialized (id=e9cdb28c-1a14-416f-bfd4-1b34e6e20711)
2026-07-09 05:40:04,556 INFO Found folder 'Kindle Scribe' (ID: 1C38JFsUTRYHHimqlQwpoRka0Zi1QJKq6)
2026-07-09 05:40:05,811 INFO Found 0 w-termine files in folder
2026-07-09 05:40:05,811 INFO No new w-termine files found
2026-07-09 05:40:05,813 INFO === scribe_sync end ===
2026-07-09 05:50:01,376 INFO === scribe_sync start ===
2026-07-09 05:50:13,938 INFO MCP session initialized (id=aa3b0e0c-2038-4858-9cf5-6887e14e1575)
2026-07-09 05:50:15,463 INFO Found folder 'Kindle Scribe' (ID: 1C38JFsUTRYHHimqlQwpoRka0Zi1QJKq6)
2026-07-09 05:50:16,980 INFO Found 0 w-termine files in folder
2026-07-09 05:50:16,980 INFO No new w-termine files found
2026-07-09 05:50:16,982 INFO === scribe_sync end ===
2026-07-09 06:00:01,735 INFO === scribe_sync start ===
2026-07-09 06:00:03,467 INFO MCP session initialized (id=f06f9849-acda-416c-b0cd-c80e39a2d0e5)
2026-07-09 06:00:10,437 INFO Found folder 'Kindle Scribe' (ID: 1C38JFsUTRYHHimqlQwpoRka0Zi1QJKq6)
2026-07-09 06:00:12,750 INFO Found 0 w-termine files in folder
2026-07-09 06:00:12,751 INFO No new w-termine files found
2026-07-09 06:00:12,753 INFO === scribe_sync end ===
2026-07-09 06:10:01,679 INFO === scribe_sync start ===
2026-07-09 06:10:03,245 INFO MCP session initialized (id=b0fe8700-1c96-4613-be29-7b9dcf7b84e9)
2026-07-09 06:10:04,810 INFO Found folder 'Kindle Scribe' (ID: 1C38JFsUTRYHHimqlQwpoRka0Zi1QJKq6)
2026-07-09 06:10:07,093 INFO Found 0 w-termine files in folder
2026-07-09 06:10:07,093 INFO No new w-termine files found
2026-07-09 06:10:07,098 INFO === scribe_sync end ===
2026-07-09 06:20:01,244 INFO === scribe_sync start ===
2026-07-09 06:20:02,785 INFO MCP session initialized (id=028bb716-114b-43b4-91cc-185ea382053b)
2026-07-09 06:20:04,173 INFO Found folder 'Kindle Scribe' (ID: 1C38JFsUTRYHHimqlQwpoRka0Zi1QJKq6)
2026-07-09 06:20:05,487 INFO Found 0 w-termine files in folder
2026-07-09 06:20:05,487 INFO No new w-termine files found
2026-07-09 06:20:05,491 INFO === scribe_sync end ===
2026-07-09 06:30:02,241 INFO === scribe_sync start ===
2026-07-09 06:30:04,121 INFO MCP session initialized (id=986974fa-f89f-409b-8014-ddbe0a1e6245)
2026-07-09 06:30:05,551 INFO Found folder 'Kindle Scribe' (ID: 1C38JFsUTRYHHimqlQwpoRka0Zi1QJKq6)
2026-07-09 06:30:06,889 INFO Found 0 w-termine files in folder
2026-07-09 06:30:06,889 INFO No new w-termine files found
2026-07-09 06:30:06,984 INFO === scribe_sync end ===
2026-07-09 06:40:01,572 INFO === scribe_sync start ===
2026-07-09 06:40:02,969 INFO MCP session initialized (id=4da6e599-a93b-4a6d-86e9-9c6f56816385)
2026-07-09 06:40:04,536 INFO Found folder 'Kindle Scribe' (ID: 1C38JFsUTRYHHimqlQwpoRka0Zi1QJKq6)
2026-07-09 06:40:05,992 INFO Found 0 w-termine files in folder
2026-07-09 06:40:05,993 INFO No new w-termine files found
2026-07-09 06:40:06,005 INFO === scribe_sync end ===
2026-07-09 06:50:02,176 INFO === scribe_sync start ===
2026-07-09 06:50:03,878 INFO MCP session initialized (id=006cc62e-1ae0-4b50-b4e7-0953b82ee7c5)
2026-07-09 06:50:05,271 INFO Found folder 'Kindle Scribe' (ID: 1C38JFsUTRYHHimqlQwpoRka0Zi1QJKq6)
2026-07-09 06:50:06,384 INFO Found 0 w-termine files in folder
2026-07-09 06:50:06,387 INFO No new w-termine files found
2026-07-09 06:50:06,389 INFO === scribe_sync end ===
2026-07-09 07:00:01,254 INFO === scribe_sync start ===
2026-07-09 07:00:02,868 INFO MCP session initialized (id=8245efe8-81f4-4dd1-87c8-ea9a10890d64)
2026-07-09 07:00:05,206 INFO Found folder 'Kindle Scribe' (ID: 1C38JFsUTRYHHimqlQwpoRka0Zi1QJKq6)
2026-07-09 07:00:06,769 INFO Found 0 w-termine files in folder
2026-07-09 07:00:06,770 INFO No new w-termine files found
2026-07-09 07:00:06,773 INFO === scribe_sync end ===
2026-07-09 07:10:01,523 INFO === scribe_sync start ===
2026-07-09 07:10:03,254 INFO MCP session initialized (id=4c60877f-a17a-47cd-8460-139db4a8cad6)
2026-07-09 07:10:04,790 INFO Found folder 'Kindle Scribe' (ID: 1C38JFsUTRYHHimqlQwpoRka0Zi1QJKq6)
2026-07-09 07:10:06,011 INFO Found 0 w-termine files in folder
2026-07-09 07:10:06,012 INFO No new w-termine files found
2026-07-09 07:10:06,017 INFO === scribe_sync end ===
2026-07-09 07:20:01,309 INFO === scribe_sync start ===
2026-07-09 07:20:02,767 INFO MCP session initialized (id=9ccfb496-c3e6-496c-902c-b2ce58219613)
2026-07-09 07:20:04,247 INFO Found folder 'Kindle Scribe' (ID: 1C38JFsUTRYHHimqlQwpoRka0Zi1QJKq6)
2026-07-09 07:20:05,404 INFO Found 0 w-termine files in folder
2026-07-09 07:20:05,404 INFO No new w-termine files found
2026-07-09 07:20:05,407 INFO === scribe_sync end ===
2026-07-09 07:30:01,338 INFO === scribe_sync start ===
2026-07-09 07:30:02,830 INFO MCP session initialized (id=4a471268-3c48-4b91-853a-ecac946862cc)
2026-07-09 07:30:04,571 INFO Found folder 'Kindle Scribe' (ID: 1C38JFsUTRYHHimqlQwpoRka0Zi1QJKq6)
2026-07-09 07:30:05,865 INFO Found 0 w-termine files in folder
2026-07-09 07:30:05,871 INFO No new w-termine files found
2026-07-09 07:30:05,890 INFO === scribe_sync end ===
2026-07-09 07:40:01,394 INFO === scribe_sync start ===
2026-07-09 07:40:02,786 INFO MCP session initialized (id=4e419aa5-91d7-4e5a-9f0c-39d8f0dfe987)
2026-07-09 07:40:04,481 INFO Found folder 'Kindle Scribe' (ID: 1C38JFsUTRYHHimqlQwpoRka0Zi1QJKq6)
2026-07-09 07:40:05,931 INFO Found 0 w-termine files in folder
2026-07-09 07:40:05,931 INFO No new w-termine files found
2026-07-09 07:40:05,933 INFO === scribe_sync end ===
2026-07-09 07:50:01,142 INFO === scribe_sync start ===
2026-07-09 07:50:02,415 INFO MCP session initialized (id=904ef3f6-b12e-4a10-ace0-8a5ded31eeee)
2026-07-09 07:50:04,345 INFO Found folder 'Kindle Scribe' (ID: 1C38JFsUTRYHHimqlQwpoRka0Zi1QJKq6)
2026-07-09 07:50:05,733 INFO Found 0 w-termine files in folder
2026-07-09 07:50:05,734 INFO No new w-termine files found
2026-07-09 07:50:05,736 INFO === scribe_sync end ===
2026-07-09 08:00:01,737 INFO === scribe_sync start ===
2026-07-09 08:00:03,656 INFO MCP session initialized (id=1264476c-e654-41e7-bd1f-9d174500c51c)
2026-07-09 08:00:06,721 INFO Found folder 'Kindle Scribe' (ID: 1C38JFsUTRYHHimqlQwpoRka0Zi1QJKq6)
2026-07-09 08:00:08,504 INFO Found 0 w-termine files in folder
2026-07-09 08:00:08,504 INFO No new w-termine files found
2026-07-09 08:00:08,507 INFO === scribe_sync end ===
2026-07-09 08:10:02,159 INFO === scribe_sync start ===
2026-07-09 08:10:03,683 INFO MCP session initialized (id=490d616d-f0f6-416d-a066-76bf5ecbbf06)
2026-07-09 08:10:05,316 INFO Found folder 'Kindle Scribe' (ID: 1C38JFsUTRYHHimqlQwpoRka0Zi1QJKq6)
2026-07-09 08:10:06,827 INFO Found 0 w-termine files in folder
2026-07-09 08:10:06,827 INFO No new w-termine files found
2026-07-09 08:10:06,829 INFO === scribe_sync end ===
2026-07-09 08:20:01,819 INFO === scribe_sync start ===
2026-07-09 08:20:04,254 INFO MCP session initialized (id=5bce3afb-7891-4f25-87b8-89850d11c775)
2026-07-09 08:20:05,517 INFO Found folder 'Kindle Scribe' (ID: 1C38JFsUTRYHHimqlQwpoRka0Zi1QJKq6)
2026-07-09 08:20:06,896 INFO Found 0 w-termine files in folder
2026-07-09 08:20:06,898 INFO No new w-termine files found
2026-07-09 08:20:06,902 INFO === scribe_sync end ===
2026-07-09 08:30:02,348 INFO === scribe_sync start ===
2026-07-09 08:30:04,639 INFO MCP session initialized (id=c7b5974e-5214-4df4-9c4c-ea1ef559c378)
2026-07-09 08:30:06,223 INFO Found folder 'Kindle Scribe' (ID: 1C38JFsUTRYHHimqlQwpoRka0Zi1QJKq6)
2026-07-09 08:30:07,732 INFO Found 0 w-termine files in folder
2026-07-09 08:30:07,733 INFO No new w-termine files found
2026-07-09 08:30:07,737 INFO === scribe_sync end ===
2026-07-09 08:40:01,334 INFO === scribe_sync start ===
2026-07-09 08:40:02,784 INFO MCP session initialized (id=581318fc-5a21-47eb-ae44-e8843e6eb72b)
2026-07-09 08:40:03,995 INFO Found folder 'Kindle Scribe' (ID: 1C38JFsUTRYHHimqlQwpoRka0Zi1QJKq6)
2026-07-09 08:40:05,303 INFO Found 0 w-termine files in folder
2026-07-09 08:40:05,303 INFO No new w-termine files found
2026-07-09 08:40:05,305 INFO === scribe_sync end ===
2026-07-09 08:50:01,410 INFO === scribe_sync start ===
2026-07-09 08:50:03,116 INFO MCP session initialized (id=c28e0cc3-1eb1-4f13-9af4-0e9e8c362992)
2026-07-09 08:50:04,483 INFO Found folder 'Kindle Scribe' (ID: 1C38JFsUTRYHHimqlQwpoRka0Zi1QJKq6)
2026-07-09 08:50:05,949 INFO Found 0 w-termine files in folder
2026-07-09 08:50:05,951 INFO No new w-termine files found
2026-07-09 08:50:05,957 INFO === scribe_sync end ===
2026-07-09 09:00:01,151 INFO === scribe_sync start ===
2026-07-09 09:00:02,624 INFO MCP session initialized (id=827c6c41-d8d0-4904-8f16-bac0bb45d0de)
2026-07-09 09:00:04,174 INFO Found folder 'Kindle Scribe' (ID: 1C38JFsUTRYHHimqlQwpoRka0Zi1QJKq6)
2026-07-09 09:00:05,788 INFO Found 0 w-termine files in folder
2026-07-09 09:00:05,789 INFO No new w-termine files found
2026-07-09 09:00:05,791 INFO === scribe_sync end ===
2026-07-09 09:10:01,748 INFO === scribe_sync start ===
2026-07-09 09:10:03,430 INFO MCP session initialized (id=3c5064f2-bba3-4a59-bf7b-a7bc25902db2)
2026-07-09 09:10:04,948 INFO Found folder 'Kindle Scribe' (ID: 1C38JFsUTRYHHimqlQwpoRka0Zi1QJKq6)
2026-07-09 09:10:06,377 INFO Found 0 w-termine files in folder
2026-07-09 09:10:06,377 INFO No new w-termine files found
2026-07-09 09:10:06,379 INFO === scribe_sync end ===
2026-07-09 09:20:01,929 INFO === scribe_sync start ===
2026-07-09 09:20:04,422 INFO MCP session initialized (id=e0ba34b8-ec4c-4ed2-bbef-836a1a567304)
2026-07-09 09:20:06,196 INFO Found folder 'Kindle Scribe' (ID: 1C38JFsUTRYHHimqlQwpoRka0Zi1QJKq6)
2026-07-09 09:20:07,517 INFO Found 0 w-termine files in folder
2026-07-09 09:20:07,518 INFO No new w-termine files found
2026-07-09 09:20:07,520 INFO === scribe_sync end ===
2026-07-09 09:30:01,569 INFO === scribe_sync start ===
2026-07-09 09:30:03,221 INFO MCP session initialized (id=33a44e5a-ef90-4379-b9f0-1b644baeb584)
2026-07-09 09:30:10,401 INFO Found folder 'Kindle Scribe' (ID: 1C38JFsUTRYHHimqlQwpoRka0Zi1QJKq6)
2026-07-09 09:30:11,644 INFO Found 0 w-termine files in folder
2026-07-09 09:30:11,644 INFO No new w-termine files found
2026-07-09 09:30:11,652 INFO === scribe_sync end ===
2026-07-09 09:40:01,480 INFO === scribe_sync start ===
2026-07-09 09:40:03,204 INFO MCP session initialized (id=6687d4bd-0d1f-4411-8736-95cc99d1f9e0)
2026-07-09 09:40:04,784 INFO Found folder 'Kindle Scribe' (ID: 1C38JFsUTRYHHimqlQwpoRka0Zi1QJKq6)
2026-07-09 09:40:06,846 INFO Found 0 w-termine files in folder
2026-07-09 09:40:06,846 INFO No new w-termine files found
2026-07-09 09:40:06,865 INFO === scribe_sync end ===
2026-07-09 09:50:02,021 INFO === scribe_sync start ===
2026-07-09 09:50:37,983 INFO MCP session initialized (id=e17f5f66-5aa1-4d10-85f9-12571b2b5d9d)
2026-07-09 09:50:39,889 INFO Found folder 'Kindle Scribe' (ID: 1C38JFsUTRYHHimqlQwpoRka0Zi1QJKq6)
2026-07-09 09:50:41,169 INFO Found 0 w-termine files in folder
2026-07-09 09:50:41,169 INFO No new w-termine files found
2026-07-09 09:50:41,172 INFO === scribe_sync end ===
2026-07-09 10:00:01,772 INFO === scribe_sync start ===
2026-07-09 10:00:04,213 INFO MCP session initialized (id=41e45c75-e07f-47f1-8d7c-283968efafe5)
2026-07-09 10:00:05,612 INFO Found folder 'Kindle Scribe' (ID: 1C38JFsUTRYHHimqlQwpoRka0Zi1QJKq6)
2026-07-09 10:00:07,356 INFO Found 0 w-termine files in folder
2026-07-09 10:00:07,356 INFO No new w-termine files found
2026-07-09 10:00:07,357 INFO === scribe_sync end ===
2026-07-09 10:10:02,119 INFO === scribe_sync start ===
2026-07-09 10:10:03,727 INFO MCP session initialized (id=5727fc15-031f-4625-a3ae-087262eb7113)
2026-07-09 10:10:05,185 INFO Found folder 'Kindle Scribe' (ID: 1C38JFsUTRYHHimqlQwpoRka0Zi1QJKq6)
2026-07-09 10:10:06,597 INFO Found 0 w-termine files in folder
2026-07-09 10:10:06,598 INFO No new w-termine files found
2026-07-09 10:10:06,600 INFO === scribe_sync end ===
2026-07-09 10:20:01,718 INFO === scribe_sync start ===
2026-07-09 10:20:03,358 INFO MCP session initialized (id=83d68afb-be17-470d-bc79-83b2407c28e2)
2026-07-09 10:20:04,900 INFO Found folder 'Kindle Scribe' (ID: 1C38JFsUTRYHHimqlQwpoRka0Zi1QJKq6)
2026-07-09 10:20:06,189 INFO Found 0 w-termine files in folder
2026-07-09 10:20:06,190 INFO No new w-termine files found
2026-07-09 10:20:06,193 INFO === scribe_sync end ===
2026-07-09 10:30:02,188 INFO === scribe_sync start ===
2026-07-09 10:30:03,853 INFO MCP session initialized (id=afefc289-faa6-49c7-ac61-8f3fb26057ab)
2026-07-09 10:30:05,602 INFO Found folder 'Kindle Scribe' (ID: 1C38JFsUTRYHHimqlQwpoRka0Zi1QJKq6)
2026-07-09 10:30:07,509 INFO Found 0 w-termine files in folder
2026-07-09 10:30:07,509 INFO No new w-termine files found
2026-07-09 10:30:07,511 INFO === scribe_sync end ===
2026-07-09 10:40:01,417 INFO === scribe_sync start ===
2026-07-09 10:40:03,901 INFO MCP session initialized (id=56a5e17d-d78e-4fd1-a637-a465030ddf00)
2026-07-09 10:40:05,204 INFO Found folder 'Kindle Scribe' (ID: 1C38JFsUTRYHHimqlQwpoRka0Zi1QJKq6)
2026-07-09 10:40:06,717 INFO Found 0 w-termine files in folder
2026-07-09 10:40:06,717 INFO No new w-termine files found
2026-07-09 10:40:06,719 INFO === scribe_sync end ===
2026-07-09 10:50:01,701 INFO === scribe_sync start ===
2026-07-09 10:50:03,306 INFO MCP session initialized (id=8f8942aa-afad-443b-b76f-0e1da192b68a)
2026-07-09 10:50:04,885 INFO Found folder 'Kindle Scribe' (ID: 1C38JFsUTRYHHimqlQwpoRka0Zi1QJKq6)
2026-07-09 10:50:06,875 INFO Found 0 w-termine files in folder
2026-07-09 10:50:06,875 INFO No new w-termine files found
2026-07-09 10:50:06,877 INFO === scribe_sync end ===
2026-07-09 11:00:01,511 INFO === scribe_sync start ===
2026-07-09 11:00:31,914 ERROR Unexpected error: HTTPSConnectionPool(host='connect.composio.dev', port=443): Read timed out. (read timeout=30)
Traceback (most recent call last):
  File "/usr/local/lib/python3.12/dist-packages/urllib3/connectionpool.py", line 534, in _make_request
    response = conn.getresponse()
               ^^^^^^^^^^^^^^^^^^
  File "/usr/local/lib/python3.12/dist-packages/urllib3/connection.py", line 571, in getresponse
    httplib_response = super().getresponse()
                       ^^^^^^^^^^^^^^^^^^^^^
  File "/usr/lib/python3.12/http/client.py", line 1457, in getresponse
    response.begin()
  File "/usr/lib/python3.12/http/client.py", line 336, in begin
    version, status, reason = self._read_status()
                              ^^^^^^^^^^^^^^^^^^^
  File "/usr/lib/python3.12/http/client.py", line 297, in _read_status
    line = str(self.fp.readline(_MAXLINE + 1), "iso-8859-1")
               ^^^^^^^^^^^^^^^^^^^^^^^^^^^^^^
  File "/usr/lib/python3.12/socket.py", line 707, in readinto
    return self._sock.recv_into(b)
           ^^^^^^^^^^^^^^^^^^^^^^^
  File "/usr/lib/python3.12/ssl.py", line 1252, in recv_into
    return self.read(nbytes, buffer)
           ^^^^^^^^^^^^^^^^^^^^^^^^^
  File "/usr/lib/python3.12/ssl.py", line 1104, in read
    return self._sslobj.read(len, buffer)
           ^^^^^^^^^^^^^^^^^^^^^^^^^^^^^^
TimeoutError: The read operation timed out

The above exception was the direct cause of the following exception:

Traceback (most recent call last):
  File "/usr/local/lib/python3.12/dist-packages/requests/adapters.py", line 696, in send
    resp = conn.urlopen(
           ^^^^^^^^^^^^^
  File "/usr/local/lib/python3.12/dist-packages/urllib3/connectionpool.py", line 841, in urlopen
    retries = retries.increment(
              ^^^^^^^^^^^^^^^^^^
  File "/usr/local/lib/python3.12/dist-packages/urllib3/util/retry.py", line 490, in increment
    raise reraise(type(error), error, _stacktrace)
          ^^^^^^^^^^^^^^^^^^^^^^^^^^^^^^^^^^^^^^^^
  File "/usr/local/lib/python3.12/dist-packages/urllib3/util/util.py", line 39, in reraise
    raise value
  File "/usr/local/lib/python3.12/dist-packages/urllib3/connectionpool.py", line 787, in urlopen
    response = self._make_request(
               ^^^^^^^^^^^^^^^^^^^
  File "/usr/local/lib/python3.12/dist-packages/urllib3/connectionpool.py", line 536, in _make_request
    self._raise_timeout(err=e, url=url, timeout_value=read_timeout)
  File "/usr/local/lib/python3.12/dist-packages/urllib3/connectionpool.py", line 367, in _raise_timeout
    raise ReadTimeoutError(
urllib3.exceptions.ReadTimeoutError: HTTPSConnectionPool(host='connect.composio.dev', port=443): Read timed out. (read timeout=30)

During handling of the above exception, another exception occurred:

Traceback (most recent call last):
  File "/root/.local/.openclaw/workspace/scribe/scribe_sync.py", line 605, in main
    process_files()
  File "/root/.local/.openclaw/workspace/scribe/scribe_sync.py", line 518, in process_files
    mcp = MCPClient(MCP_URL, str(OAUTH_FILE))
          ^^^^^^^^^^^^^^^^^^^^^^^^^^^^^^^^^^^
  File "/root/.local/.openclaw/workspace/scribe/scribe_sync.py", line 75, in __init__
    self._initialize()
  File "/root/.local/.openclaw/workspace/scribe/scribe_sync.py", line 108, in _initialize
    r = self.session.post(self.url, json=req, timeout=30)
        ^^^^^^^^^^^^^^^^^^^^^^^^^^^^^^^^^^^^^^^^^^^^^^^^^
  File "/usr/local/lib/python3.12/dist-packages/requests/sessions.py", line 712, in post
    return self.request("POST", url, data=data, json=json, **kwargs)
           ^^^^^^^^^^^^^^^^^^^^^^^^^^^^^^^^^^^^^^^^^^^^^^^^^^^^^^^^^
  File "/usr/local/lib/python3.12/dist-packages/requests/sessions.py", line 651, in request
    resp = self.send(prep, **send_kwargs)
           ^^^^^^^^^^^^^^^^^^^^^^^^^^^^^^
  File "/usr/local/lib/python3.12/dist-packages/requests/sessions.py", line 784, in send
    r = adapter.send(request, **kwargs)
        ^^^^^^^^^^^^^^^^^^^^^^^^^^^^^^^
  File "/usr/local/lib/python3.12/dist-packages/requests/adapters.py", line 742, in send
    raise ReadTimeout(e, request=request)
requests.exceptions.ReadTimeout: HTTPSConnectionPool(host='connect.composio.dev', port=443): Read timed out. (read timeout=30)
2026-07-09 11:00:31,925 INFO === scribe_sync end ===
2026-07-09 11:10:01,285 INFO === scribe_sync start ===
2026-07-09 11:10:02,777 INFO MCP session initialized (id=f0aed64c-6f9e-47c4-83f5-c4385eb3f88e)
2026-07-09 11:10:04,310 INFO Found folder 'Kindle Scribe' (ID: 1C38JFsUTRYHHimqlQwpoRka0Zi1QJKq6)
2026-07-09 11:10:05,646 INFO Found 0 w-termine files in folder
2026-07-09 11:10:05,646 INFO No new w-termine files found
2026-07-09 11:10:05,648 INFO === scribe_sync end ===
2026-07-09 11:20:01,661 INFO === scribe_sync start ===
2026-07-09 11:20:03,453 INFO MCP session initialized (id=7a03102b-2438-4bad-a68f-5ee5a5abe2e9)
2026-07-09 11:20:04,971 INFO Found folder 'Kindle Scribe' (ID: 1C38JFsUTRYHHimqlQwpoRka0Zi1QJKq6)
2026-07-09 11:20:06,435 INFO Found 0 w-termine files in folder
2026-07-09 11:20:06,435 INFO No new w-termine files found
2026-07-09 11:20:06,445 INFO === scribe_sync end ===
2026-07-09 11:30:02,133 INFO === scribe_sync start ===
2026-07-09 11:30:04,420 INFO MCP session initialized (id=939f218f-9a29-4089-8b36-f4587f1b6294)
2026-07-09 11:30:06,446 INFO Found folder 'Kindle Scribe' (ID: 1C38JFsUTRYHHimqlQwpoRka0Zi1QJKq6)
2026-07-09 11:30:07,854 INFO Found 0 w-termine files in folder
2026-07-09 11:30:07,855 INFO No new w-termine files found
2026-07-09 11:30:07,857 INFO === scribe_sync end ===
2026-07-09 11:40:03,011 INFO === scribe_sync start ===
2026-07-09 11:40:04,679 INFO MCP session initialized (id=c406f149-30b2-41b8-bf9e-59d62fc8a4b2)
2026-07-09 11:40:06,743 INFO Found folder 'Kindle Scribe' (ID: 1C38JFsUTRYHHimqlQwpoRka0Zi1QJKq6)
2026-07-09 11:40:08,141 INFO Found 0 w-termine files in folder
2026-07-09 11:40:08,143 INFO No new w-termine files found
2026-07-09 11:40:08,153 INFO === scribe_sync end ===
2026-07-09 11:50:01,445 INFO === scribe_sync start ===
2026-07-09 11:50:03,577 INFO MCP session initialized (id=878ea51f-d764-4c7f-a152-23aa8b5439a0)
2026-07-09 11:50:04,912 INFO Found folder 'Kindle Scribe' (ID: 1C38JFsUTRYHHimqlQwpoRka0Zi1QJKq6)
2026-07-09 11:50:06,357 INFO Found 0 w-termine files in folder
2026-07-09 11:50:06,358 INFO No new w-termine files found
2026-07-09 11:50:06,384 INFO === scribe_sync end ===
2026-07-09 12:00:01,226 INFO === scribe_sync start ===
2026-07-09 12:00:03,099 INFO MCP session initialized (id=617c297f-939b-43bd-a06e-81b7ddbe06b1)
2026-07-09 12:00:05,386 INFO Found folder 'Kindle Scribe' (ID: 1C38JFsUTRYHHimqlQwpoRka0Zi1QJKq6)
2026-07-09 12:00:07,993 INFO Found 0 w-termine files in folder
2026-07-09 12:00:07,993 INFO No new w-termine files found
2026-07-09 12:00:08,008 INFO === scribe_sync end ===
2026-07-09 12:10:01,458 INFO === scribe_sync start ===
2026-07-09 12:10:02,876 INFO MCP session initialized (id=ed89cb2d-cffd-49cd-a7e2-fda7747cc14e)
2026-07-09 12:10:04,370 INFO Found folder 'Kindle Scribe' (ID: 1C38JFsUTRYHHimqlQwpoRka0Zi1QJKq6)
2026-07-09 12:10:07,356 INFO Found 0 w-termine files in folder
2026-07-09 12:10:07,356 INFO No new w-termine files found
2026-07-09 12:10:07,358 INFO === scribe_sync end ===
2026-07-09 12:20:01,689 INFO === scribe_sync start ===
2026-07-09 12:20:03,301 INFO MCP session initialized (id=701db89c-7939-40cf-b588-26c98bce217b)
2026-07-09 12:20:04,687 INFO Found folder 'Kindle Scribe' (ID: 1C38JFsUTRYHHimqlQwpoRka0Zi1QJKq6)
2026-07-09 12:20:05,948 INFO Found 0 w-termine files in folder
2026-07-09 12:20:05,949 INFO No new w-termine files found
2026-07-09 12:20:05,971 INFO === scribe_sync end ===
2026-07-09 12:30:01,554 INFO === scribe_sync start ===
2026-07-09 12:30:03,066 INFO MCP session initialized (id=519ac1dc-c5d0-4bd0-a60c-f6e61f15a761)
2026-07-09 12:30:05,394 INFO Found folder 'Kindle Scribe' (ID: 1C38JFsUTRYHHimqlQwpoRka0Zi1QJKq6)
2026-07-09 12:30:07,019 INFO Found 0 w-termine files in folder
2026-07-09 12:30:07,019 INFO No new w-termine files found
2026-07-09 12:30:07,022 INFO === scribe_sync end ===
2026-07-09 12:40:01,355 INFO === scribe_sync start ===
2026-07-09 12:40:03,122 INFO MCP session initialized (id=43f67d64-739d-459f-bde2-668faa050839)
2026-07-09 12:41:03,181 ERROR Unexpected error: HTTPSConnectionPool(host='connect.composio.dev', port=443): Read timed out. (read timeout=60)
Traceback (most recent call last):
  File "/usr/local/lib/python3.12/dist-packages/urllib3/connectionpool.py", line 534, in _make_request
    response = conn.getresponse()
               ^^^^^^^^^^^^^^^^^^
  File "/usr/local/lib/python3.12/dist-packages/urllib3/connection.py", line 571, in getresponse
    httplib_response = super().getresponse()
                       ^^^^^^^^^^^^^^^^^^^^^
  File "/usr/lib/python3.12/http/client.py", line 1457, in getresponse
    response.begin()
  File "/usr/lib/python3.12/http/client.py", line 336, in begin
    version, status, reason = self._read_status()
                              ^^^^^^^^^^^^^^^^^^^
  File "/usr/lib/python3.12/http/client.py", line 297, in _read_status
    line = str(self.fp.readline(_MAXLINE + 1), "iso-8859-1")
               ^^^^^^^^^^^^^^^^^^^^^^^^^^^^^^
  File "/usr/lib/python3.12/socket.py", line 707, in readinto
    return self._sock.recv_into(b)
           ^^^^^^^^^^^^^^^^^^^^^^^
  File "/usr/lib/python3.12/ssl.py", line 1252, in recv_into
    return self.read(nbytes, buffer)
           ^^^^^^^^^^^^^^^^^^^^^^^^^
  File "/usr/lib/python3.12/ssl.py", line 1104, in read
    return self._sslobj.read(len, buffer)
           ^^^^^^^^^^^^^^^^^^^^^^^^^^^^^^
TimeoutError: The read operation timed out

The above exception was the direct cause of the following exception:

Traceback (most recent call last):
  File "/usr/local/lib/python3.12/dist-packages/requests/adapters.py", line 696, in send
    resp = conn.urlopen(
           ^^^^^^^^^^^^^
  File "/usr/local/lib/python3.12/dist-packages/urllib3/connectionpool.py", line 841, in urlopen
    retries = retries.increment(
              ^^^^^^^^^^^^^^^^^^
  File "/usr/local/lib/python3.12/dist-packages/urllib3/util/retry.py", line 490, in increment
    raise reraise(type(error), error, _stacktrace)
          ^^^^^^^^^^^^^^^^^^^^^^^^^^^^^^^^^^^^^^^^
  File "/usr/local/lib/python3.12/dist-packages/urllib3/util/util.py", line 39, in reraise
    raise value
  File "/usr/local/lib/python3.12/dist-packages/urllib3/connectionpool.py", line 787, in urlopen
    response = self._make_request(
               ^^^^^^^^^^^^^^^^^^^
  File "/usr/local/lib/python3.12/dist-packages/urllib3/connectionpool.py", line 536, in _make_request
    self._raise_timeout(err=e, url=url, timeout_value=read_timeout)
  File "/usr/local/lib/python3.12/dist-packages/urllib3/connectionpool.py", line 367, in _raise_timeout
    raise ReadTimeoutError(
urllib3.exceptions.ReadTimeoutError: HTTPSConnectionPool(host='connect.composio.dev', port=443): Read timed out. (read timeout=60)

During handling of the above exception, another exception occurred:

Traceback (most recent call last):
  File "/root/.local/.openclaw/workspace/scribe/scribe_sync.py", line 605, in main
    process_files()
  File "/root/.local/.openclaw/workspace/scribe/scribe_sync.py", line 521, in process_files
    folder_id = find_folder(mcp, DRIVE_FOLDER_NAME)
                ^^^^^^^^^^^^^^^^^^^^^^^^^^^^^^^^^^^
  File "/root/.local/.openclaw/workspace/scribe/scribe_sync.py", line 170, in find_folder
    result = mcp.call_tool("COMPOSIO_MULTI_EXECUTE_TOOL", {
             ^^^^^^^^^^^^^^^^^^^^^^^^^^^^^^^^^^^^^^^^^^^^^^
  File "/root/.local/.openclaw/workspace/scribe/scribe_sync.py", line 127, in call_tool
    r = self.session.post(self.url, json=req, timeout=60)
        ^^^^^^^^^^^^^^^^^^^^^^^^^^^^^^^^^^^^^^^^^^^^^^^^^
  File "/usr/local/lib/python3.12/dist-packages/requests/sessions.py", line 712, in post
    return self.request("POST", url, data=data, json=json, **kwargs)
           ^^^^^^^^^^^^^^^^^^^^^^^^^^^^^^^^^^^^^^^^^^^^^^^^^^^^^^^^^
  File "/usr/local/lib/python3.12/dist-packages/requests/sessions.py", line 651, in request
    resp = self.send(prep, **send_kwargs)
           ^^^^^^^^^^^^^^^^^^^^^^^^^^^^^^
  File "/usr/local/lib/python3.12/dist-packages/requests/sessions.py", line 784, in send
    r = adapter.send(request, **kwargs)
        ^^^^^^^^^^^^^^^^^^^^^^^^^^^^^^^
  File "/usr/local/lib/python3.12/dist-packages/requests/adapters.py", line 742, in send
    raise ReadTimeout(e, request=request)
requests.exceptions.ReadTimeout: HTTPSConnectionPool(host='connect.composio.dev', port=443): Read timed out. (read timeout=60)
2026-07-09 12:41:03,188 INFO === scribe_sync end ===
2026-07-09 12:50:01,997 INFO === scribe_sync start ===
2026-07-09 12:50:03,392 INFO MCP session initialized (id=008b3445-f882-4938-9079-4d30210a5a37)
2026-07-09 12:50:05,029 INFO Found folder 'Kindle Scribe' (ID: 1C38JFsUTRYHHimqlQwpoRka0Zi1QJKq6)
2026-07-09 12:50:06,356 INFO Found 0 w-termine files in folder
2026-07-09 12:50:06,356 INFO No new w-termine files found
2026-07-09 12:50:06,365 INFO === scribe_sync end ===
2026-07-09 13:00:01,709 INFO === scribe_sync start ===
2026-07-09 13:00:11,089 INFO MCP session initialized (id=6d9cdb49-2e43-472f-b966-61207aca1a46)
2026-07-09 13:00:13,906 INFO Found folder 'Kindle Scribe' (ID: 1C38JFsUTRYHHimqlQwpoRka0Zi1QJKq6)
2026-07-09 13:00:15,718 INFO Found 0 w-termine files in folder
2026-07-09 13:00:15,718 INFO No new w-termine files found
2026-07-09 13:00:15,720 INFO === scribe_sync end ===
2026-07-09 13:10:01,642 INFO === scribe_sync start ===
2026-07-09 13:10:03,045 INFO MCP session initialized (id=cee117cd-2ecb-47d5-9d9c-867d8432ce3c)
2026-07-09 13:10:04,370 INFO Found folder 'Kindle Scribe' (ID: 1C38JFsUTRYHHimqlQwpoRka0Zi1QJKq6)
2026-07-09 13:10:05,838 INFO Found 0 w-termine files in folder
2026-07-09 13:10:05,838 INFO No new w-termine files found
2026-07-09 13:10:05,840 INFO === scribe_sync end ===
2026-07-09 13:20:01,252 INFO === scribe_sync start ===
2026-07-09 13:20:02,769 INFO MCP session initialized (id=3cc06e5b-9024-4a9c-a631-02f11f5466f9)
2026-07-09 13:20:04,341 INFO Found folder 'Kindle Scribe' (ID: 1C38JFsUTRYHHimqlQwpoRka0Zi1QJKq6)
2026-07-09 13:20:06,668 INFO Found 0 w-termine files in folder
2026-07-09 13:20:06,669 INFO No new w-termine files found
2026-07-09 13:20:06,689 INFO === scribe_sync end ===
2026-07-09 13:30:01,247 INFO === scribe_sync start ===
2026-07-09 13:30:03,351 INFO MCP session initialized (id=f3e0f943-9f33-48b7-b404-538c9f8866b5)
2026-07-09 13:30:05,536 INFO Found folder 'Kindle Scribe' (ID: 1C38JFsUTRYHHimqlQwpoRka0Zi1QJKq6)
2026-07-09 13:30:06,997 INFO Found 0 w-termine files in folder
2026-07-09 13:30:06,997 INFO No new w-termine files found
2026-07-09 13:30:06,999 INFO === scribe_sync end ===
2026-07-09 13:40:01,143 INFO === scribe_sync start ===
2026-07-09 13:40:03,067 INFO MCP session initialized (id=640afde8-48c6-43b9-b0d8-ae49c9684c51)
2026-07-09 13:40:04,642 INFO Found folder 'Kindle Scribe' (ID: 1C38JFsUTRYHHimqlQwpoRka0Zi1QJKq6)
2026-07-09 13:40:06,102 INFO Found 0 w-termine files in folder
2026-07-09 13:40:06,103 INFO No new w-termine files found
2026-07-09 13:40:06,105 INFO === scribe_sync end ===
2026-07-09 13:50:01,456 INFO === scribe_sync start ===
2026-07-09 13:50:03,030 INFO MCP session initialized (id=a3973f44-c703-496d-85f8-428041099ffe)
2026-07-09 13:50:04,419 INFO Found folder 'Kindle Scribe' (ID: 1C38JFsUTRYHHimqlQwpoRka0Zi1QJKq6)
2026-07-09 13:50:05,890 INFO Found 0 w-termine files in folder
2026-07-09 13:50:05,890 INFO No new w-termine files found
2026-07-09 13:50:05,892 INFO === scribe_sync end ===
2026-07-09 14:00:01,194 INFO === scribe_sync start ===
2026-07-09 14:00:02,950 INFO MCP session initialized (id=ba0e28ae-3629-45ca-9969-10f1125f7559)
2026-07-09 14:00:10,809 INFO Found folder 'Kindle Scribe' (ID: 1C38JFsUTRYHHimqlQwpoRka0Zi1QJKq6)
2026-07-09 14:00:12,346 INFO Found 0 w-termine files in folder
2026-07-09 14:00:12,347 INFO No new w-termine files found
2026-07-09 14:00:12,366 INFO === scribe_sync end ===
2026-07-09 14:10:01,181 INFO === scribe_sync start ===
2026-07-09 14:10:02,682 INFO MCP session initialized (id=87f37d35-fb64-4502-998d-71d8efcb1e2c)
2026-07-09 14:10:04,336 INFO Found folder 'Kindle Scribe' (ID: 1C38JFsUTRYHHimqlQwpoRka0Zi1QJKq6)
2026-07-09 14:10:07,002 INFO Found 0 w-termine files in folder
2026-07-09 14:10:07,002 INFO No new w-termine files found
2026-07-09 14:10:07,004 INFO === scribe_sync end ===
2026-07-09 14:20:01,314 INFO === scribe_sync start ===
2026-07-09 14:20:02,998 INFO MCP session initialized (id=bf267ad6-af30-4bb5-8470-59b5925fb1c1)
2026-07-09 14:20:04,703 INFO Found folder 'Kindle Scribe' (ID: 1C38JFsUTRYHHimqlQwpoRka0Zi1QJKq6)
2026-07-09 14:20:06,375 INFO Found 0 w-termine files in folder
2026-07-09 14:20:06,376 INFO No new w-termine files found
2026-07-09 14:20:06,381 INFO === scribe_sync end ===
2026-07-09 14:30:01,784 INFO === scribe_sync start ===
2026-07-09 14:30:03,671 INFO MCP session initialized (id=6587cc20-7029-4442-84da-8d84629e8074)
2026-07-09 14:30:11,028 INFO Found folder 'Kindle Scribe' (ID: 1C38JFsUTRYHHimqlQwpoRka0Zi1QJKq6)
2026-07-09 14:30:12,654 INFO Found 0 w-termine files in folder
2026-07-09 14:30:12,662 INFO No new w-termine files found
2026-07-09 14:30:12,684 INFO === scribe_sync end ===
2026-07-09 14:40:02,037 INFO === scribe_sync start ===
2026-07-09 14:40:03,391 INFO MCP session initialized (id=3a2498b2-0f55-4ef7-9eaa-eb6ffaf224b6)
2026-07-09 14:40:04,883 INFO Found folder 'Kindle Scribe' (ID: 1C38JFsUTRYHHimqlQwpoRka0Zi1QJKq6)
2026-07-09 14:40:06,513 INFO Found 0 w-termine files in folder
2026-07-09 14:40:06,514 INFO No new w-termine files found
2026-07-09 14:40:06,519 INFO === scribe_sync end ===
2026-07-09 14:50:01,670 INFO === scribe_sync start ===
2026-07-09 14:50:03,628 INFO MCP session initialized (id=1115f30e-6b59-4dcb-8b50-21b7b2bf89e1)
2026-07-09 14:50:05,054 INFO Found folder 'Kindle Scribe' (ID: 1C38JFsUTRYHHimqlQwpoRka0Zi1QJKq6)
2026-07-09 14:50:06,778 INFO Found 0 w-termine files in folder
2026-07-09 14:50:06,779 INFO No new w-termine files found
2026-07-09 14:50:06,782 INFO === scribe_sync end ===
2026-07-09 15:00:02,045 INFO === scribe_sync start ===
2026-07-09 15:00:03,831 INFO MCP session initialized (id=bf6676ed-395d-470e-a495-292a9b4215dd)
2026-07-09 15:00:11,223 INFO Found folder 'Kindle Scribe' (ID: 1C38JFsUTRYHHimqlQwpoRka0Zi1QJKq6)
2026-07-09 15:00:14,964 INFO Found 0 w-termine files in folder
2026-07-09 15:00:14,965 INFO No new w-termine files found
2026-07-09 15:00:14,968 INFO === scribe_sync end ===
2026-07-09 15:10:01,495 INFO === scribe_sync start ===
2026-07-09 15:10:02,988 INFO MCP session initialized (id=c17a8c66-0c44-4a5d-90e1-71dd9b72d2a4)
2026-07-09 15:10:04,585 INFO Found folder 'Kindle Scribe' (ID: 1C38JFsUTRYHHimqlQwpoRka0Zi1QJKq6)
2026-07-09 15:10:05,905 INFO Found 0 w-termine files in folder
2026-07-09 15:10:05,905 INFO No new w-termine files found
2026-07-09 15:10:05,910 INFO === scribe_sync end ===
2026-07-09 15:20:01,373 INFO === scribe_sync start ===
2026-07-09 15:20:02,659 INFO MCP session initialized (id=0a3b6fe5-4344-4796-889b-aa7f6f9b3a10)
2026-07-09 15:20:04,421 INFO Found folder 'Kindle Scribe' (ID: 1C38JFsUTRYHHimqlQwpoRka0Zi1QJKq6)
2026-07-09 15:20:05,987 INFO Found 0 w-termine files in folder
2026-07-09 15:20:05,987 INFO No new w-termine files found
2026-07-09 15:20:05,993 INFO === scribe_sync end ===
2026-07-09 15:30:01,275 INFO === scribe_sync start ===
2026-07-09 15:30:03,727 INFO MCP session initialized (id=c7ec27fa-3e3f-48a3-bb0e-ea484a0ed7e7)
2026-07-09 15:30:10,561 INFO Found folder 'Kindle Scribe' (ID: 1C38JFsUTRYHHimqlQwpoRka0Zi1QJKq6)
2026-07-09 15:30:12,289 INFO Found 0 w-termine files in folder
2026-07-09 15:30:12,290 INFO No new w-termine files found
2026-07-09 15:30:12,295 INFO === scribe_sync end ===
2026-07-09 15:40:01,508 INFO === scribe_sync start ===
2026-07-09 15:40:03,075 INFO MCP session initialized (id=5f3cbefa-4caa-4f38-846a-f4e6a617ee56)
2026-07-09 15:40:05,545 INFO Found folder 'Kindle Scribe' (ID: 1C38JFsUTRYHHimqlQwpoRka0Zi1QJKq6)
2026-07-09 15:40:06,917 INFO Found 0 w-termine files in folder
2026-07-09 15:40:06,918 INFO No new w-termine files found
2026-07-09 15:40:06,921 INFO === scribe_sync end ===
2026-07-09 15:50:01,229 INFO === scribe_sync start ===
2026-07-09 15:50:02,642 INFO MCP session initialized (id=5b094373-79c8-4d18-90ca-78a80c6bf713)
2026-07-09 15:50:04,388 INFO Found folder 'Kindle Scribe' (ID: 1C38JFsUTRYHHimqlQwpoRka0Zi1QJKq6)
2026-07-09 15:50:06,076 INFO Found 0 w-termine files in folder
2026-07-09 15:50:06,076 INFO No new w-termine files found
2026-07-09 15:50:06,089 INFO === scribe_sync end ===
2026-07-09 16:00:01,182 INFO === scribe_sync start ===
2026-07-09 16:00:03,186 INFO MCP session initialized (id=ecf54482-994f-48c7-af3e-dfc9fa0ac4c0)
2026-07-09 16:00:11,260 INFO Found folder 'Kindle Scribe' (ID: 1C38JFsUTRYHHimqlQwpoRka0Zi1QJKq6)
2026-07-09 16:00:13,933 INFO Found 0 w-termine files in folder
2026-07-09 16:00:13,933 INFO No new w-termine files found
2026-07-09 16:00:13,935 INFO === scribe_sync end ===
2026-07-09 16:10:02,152 INFO === scribe_sync start ===
2026-07-09 16:10:03,634 INFO MCP session initialized (id=5fd0bbe8-3763-4b8b-880a-72f34382dc83)
2026-07-09 16:10:05,459 INFO Found folder 'Kindle Scribe' (ID: 1C38JFsUTRYHHimqlQwpoRka0Zi1QJKq6)
2026-07-09 16:10:06,840 INFO Found 0 w-termine files in folder
2026-07-09 16:10:06,840 INFO No new w-termine files found
2026-07-09 16:10:06,842 INFO === scribe_sync end ===
2026-07-09 16:20:02,077 INFO === scribe_sync start ===
2026-07-09 16:20:03,719 INFO MCP session initialized (id=5cfc1226-517a-4094-9c59-8aa461ae6116)
2026-07-09 16:20:06,008 INFO Found folder 'Kindle Scribe' (ID: 1C38JFsUTRYHHimqlQwpoRka0Zi1QJKq6)
2026-07-09 16:20:08,033 INFO Found 0 w-termine files in folder
2026-07-09 16:20:08,033 INFO No new w-termine files found
2026-07-09 16:20:08,036 INFO === scribe_sync end ===
2026-07-09 16:30:01,690 INFO === scribe_sync start ===
2026-07-09 16:30:03,722 INFO MCP session initialized (id=bd61d6d5-7c02-40af-a6c5-4ce054ae7306)
2026-07-09 16:30:05,733 INFO Found folder 'Kindle Scribe' (ID: 1C38JFsUTRYHHimqlQwpoRka0Zi1QJKq6)
2026-07-09 16:30:07,142 INFO Found 0 w-termine files in folder
2026-07-09 16:30:07,143 INFO No new w-termine files found
2026-07-09 16:30:07,144 INFO === scribe_sync end ===
2026-07-09 16:40:01,991 INFO === scribe_sync start ===
2026-07-09 16:40:03,662 INFO MCP session initialized (id=5946ce41-677f-4e28-8388-f3444509ebf4)
2026-07-09 16:40:06,173 INFO Found folder 'Kindle Scribe' (ID: 1C38JFsUTRYHHimqlQwpoRka0Zi1QJKq6)
2026-07-09 16:40:07,553 INFO Found 0 w-termine files in folder
2026-07-09 16:40:07,553 INFO No new w-termine files found
2026-07-09 16:40:07,556 INFO === scribe_sync end ===
2026-07-09 16:50:01,451 INFO === scribe_sync start ===
2026-07-09 16:50:03,218 INFO MCP session initialized (id=f4034756-2934-4bcb-957b-ea530ec5715d)
2026-07-09 16:50:04,937 INFO Found folder 'Kindle Scribe' (ID: 1C38JFsUTRYHHimqlQwpoRka0Zi1QJKq6)
2026-07-09 16:50:06,317 INFO Found 0 w-termine files in folder
2026-07-09 16:50:06,317 INFO No new w-termine files found
2026-07-09 16:50:06,320 INFO === scribe_sync end ===
2026-07-09 17:00:02,486 INFO === scribe_sync start ===
2026-07-09 17:00:04,850 INFO MCP session initialized (id=1e62a346-f261-445e-a9e8-8b9d0ee578c6)
2026-07-09 17:00:08,371 INFO Found folder 'Kindle Scribe' (ID: 1C38JFsUTRYHHimqlQwpoRka0Zi1QJKq6)
2026-07-09 17:00:10,250 INFO Found 0 w-termine files in folder
2026-07-09 17:00:10,250 INFO No new w-termine files found
2026-07-09 17:00:10,258 INFO === scribe_sync end ===
2026-07-09 17:10:01,658 INFO === scribe_sync start ===
2026-07-09 17:10:03,645 INFO MCP session initialized (id=2eed7b7a-66e8-4e1a-bfeb-8d04529f9593)
2026-07-09 17:10:05,133 INFO Found folder 'Kindle Scribe' (ID: 1C38JFsUTRYHHimqlQwpoRka0Zi1QJKq6)
2026-07-09 17:10:06,448 INFO Found 0 w-termine files in folder
2026-07-09 17:10:06,449 INFO No new w-termine files found
2026-07-09 17:10:06,452 INFO === scribe_sync end ===
2026-07-09 17:20:01,672 INFO === scribe_sync start ===
2026-07-09 17:20:03,884 INFO MCP session initialized (id=72a74d63-8597-4361-9b3a-8349123572ff)
2026-07-09 17:20:05,593 INFO Found folder 'Kindle Scribe' (ID: 1C38JFsUTRYHHimqlQwpoRka0Zi1QJKq6)
2026-07-09 17:20:06,899 INFO Found 0 w-termine files in folder
2026-07-09 17:20:06,900 INFO No new w-termine files found
2026-07-09 17:20:06,906 INFO === scribe_sync end ===
2026-07-09 17:30:01,699 INFO === scribe_sync start ===
2026-07-09 17:30:03,293 INFO MCP session initialized (id=75bbb7e9-5851-4384-839f-77aec3028d53)
2026-07-09 17:30:05,614 INFO Found folder 'Kindle Scribe' (ID: 1C38JFsUTRYHHimqlQwpoRka0Zi1QJKq6)
2026-07-09 17:30:07,355 INFO Found 0 w-termine files in folder
2026-07-09 17:30:07,359 INFO No new w-termine files found
2026-07-09 17:30:07,361 INFO === scribe_sync end ===
2026-07-09 17:40:01,855 INFO === scribe_sync start ===
2026-07-09 17:40:03,593 INFO MCP session initialized (id=09ec4bbb-e1e3-4d7a-931f-b04e68d4774b)
2026-07-09 17:40:04,949 INFO Found folder 'Kindle Scribe' (ID: 1C38JFsUTRYHHimqlQwpoRka0Zi1QJKq6)
2026-07-09 17:40:06,519 INFO Found 0 w-termine files in folder
2026-07-09 17:40:06,523 INFO No new w-termine files found
2026-07-09 17:40:06,526 INFO === scribe_sync end ===
2026-07-09 17:50:02,427 INFO === scribe_sync start ===
2026-07-09 17:50:04,428 INFO MCP session initialized (id=0125618c-6b4c-4cc6-ae43-6c294c7fc8a5)
2026-07-09 17:50:06,402 INFO Found folder 'Kindle Scribe' (ID: 1C38JFsUTRYHHimqlQwpoRka0Zi1QJKq6)
2026-07-09 17:50:07,831 INFO Found 0 w-termine files in folder
2026-07-09 17:50:07,831 INFO No new w-termine files found
2026-07-09 17:50:07,833 INFO === scribe_sync end ===
2026-07-09 18:00:01,941 INFO === scribe_sync start ===
2026-07-09 18:00:03,518 INFO MCP session initialized (id=437447fe-6d90-4553-a9e3-acdc1dbe4796)
2026-07-09 18:00:06,420 INFO Found folder 'Kindle Scribe' (ID: 1C38JFsUTRYHHimqlQwpoRka0Zi1QJKq6)
2026-07-09 18:00:08,080 INFO Found 0 w-termine files in folder
2026-07-09 18:00:08,083 INFO No new w-termine files found
2026-07-09 18:00:08,085 INFO === scribe_sync end ===
2026-07-09 18:10:01,510 INFO === scribe_sync start ===
2026-07-09 18:10:03,003 INFO MCP session initialized (id=e1964d44-ec93-482e-aef9-dd9c9dc30574)
2026-07-09 18:10:05,678 INFO Found folder 'Kindle Scribe' (ID: 1C38JFsUTRYHHimqlQwpoRka0Zi1QJKq6)
2026-07-09 18:10:07,054 INFO Found 0 w-termine files in folder
2026-07-09 18:10:07,055 INFO No new w-termine files found
2026-07-09 18:10:07,059 INFO === scribe_sync end ===
2026-07-09 18:20:01,842 INFO === scribe_sync start ===
2026-07-09 18:20:03,628 INFO MCP session initialized (id=c6b59a3b-5fa3-453a-92e0-e4306f137291)
2026-07-09 18:20:04,919 INFO Found folder 'Kindle Scribe' (ID: 1C38JFsUTRYHHimqlQwpoRka0Zi1QJKq6)
2026-07-09 18:20:06,173 INFO Found 0 w-termine files in folder
2026-07-09 18:20:06,173 INFO No new w-termine files found
2026-07-09 18:20:06,204 INFO === scribe_sync end ===
2026-07-09 18:30:01,399 INFO === scribe_sync start ===
2026-07-09 18:30:02,931 INFO MCP session initialized (id=03eb2945-15cd-4d05-8d36-483dca38f499)
2026-07-09 18:30:04,716 INFO Found folder 'Kindle Scribe' (ID: 1C38JFsUTRYHHimqlQwpoRka0Zi1QJKq6)
2026-07-09 18:30:07,206 INFO Found 0 w-termine files in folder
2026-07-09 18:30:07,207 INFO No new w-termine files found
2026-07-09 18:30:07,210 INFO === scribe_sync end ===
2026-07-09 18:40:01,415 INFO === scribe_sync start ===
2026-07-09 18:40:02,921 INFO MCP session initialized (id=8d4cc791-fd6d-4c42-b1a2-741f68d75cbf)
2026-07-09 18:40:07,488 INFO Found folder 'Kindle Scribe' (ID: 1C38JFsUTRYHHimqlQwpoRka0Zi1QJKq6)
2026-07-09 18:40:09,382 INFO Found 0 w-termine files in folder
2026-07-09 18:40:09,382 INFO No new w-termine files found
2026-07-09 18:40:09,387 INFO === scribe_sync end ===
2026-07-09 18:50:01,713 INFO === scribe_sync start ===
2026-07-09 18:50:03,271 INFO MCP session initialized (id=82dee174-9d29-4375-b34e-42b4458c3680)
2026-07-09 18:50:04,706 INFO Found folder 'Kindle Scribe' (ID: 1C38JFsUTRYHHimqlQwpoRka0Zi1QJKq6)
2026-07-09 18:50:06,190 INFO Found 0 w-termine files in folder
2026-07-09 18:50:06,194 INFO No new w-termine files found
2026-07-09 18:50:06,220 INFO === scribe_sync end ===
2026-07-09 19:00:01,547 INFO === scribe_sync start ===
2026-07-09 19:00:03,209 INFO MCP session initialized (id=09b3ca89-774d-48f5-9474-6754098d97ab)
2026-07-09 19:00:04,818 INFO Found folder 'Kindle Scribe' (ID: 1C38JFsUTRYHHimqlQwpoRka0Zi1QJKq6)
2026-07-09 19:00:06,905 INFO Found 0 w-termine files in folder
2026-07-09 19:00:06,905 INFO No new w-termine files found
2026-07-09 19:00:06,909 INFO === scribe_sync end ===
2026-07-09 19:10:01,745 INFO === scribe_sync start ===
2026-07-09 19:10:03,391 INFO MCP session initialized (id=58e5fea9-c240-4a32-8203-d70c30f87949)
2026-07-09 19:10:04,941 INFO Found folder 'Kindle Scribe' (ID: 1C38JFsUTRYHHimqlQwpoRka0Zi1QJKq6)
2026-07-09 19:10:06,487 INFO Found 0 w-termine files in folder
2026-07-09 19:10:06,487 INFO No new w-termine files found
2026-07-09 19:10:06,489 INFO === scribe_sync end ===
2026-07-09 19:20:01,853 INFO === scribe_sync start ===
2026-07-09 19:20:03,411 INFO MCP session initialized (id=1b9f6bf9-df4c-4544-aa0d-5053c44191b5)
2026-07-09 19:20:04,895 INFO Found folder 'Kindle Scribe' (ID: 1C38JFsUTRYHHimqlQwpoRka0Zi1QJKq6)
2026-07-09 19:20:06,331 INFO Found 0 w-termine files in folder
2026-07-09 19:20:06,331 INFO No new w-termine files found
2026-07-09 19:20:06,334 INFO === scribe_sync end ===
2026-07-09 19:30:01,454 INFO === scribe_sync start ===
2026-07-09 19:30:03,124 INFO MCP session initialized (id=369aee76-8c66-4e65-972b-c08c24222214)
2026-07-09 19:30:05,065 INFO Found folder 'Kindle Scribe' (ID: 1C38JFsUTRYHHimqlQwpoRka0Zi1QJKq6)
2026-07-09 19:30:06,497 INFO Found 0 w-termine files in folder
2026-07-09 19:30:06,497 INFO No new w-termine files found
2026-07-09 19:30:06,499 INFO === scribe_sync end ===
2026-07-09 19:40:01,391 INFO === scribe_sync start ===
2026-07-09 19:40:03,587 INFO MCP session initialized (id=7e21beb2-dbc9-4ce9-bf94-3c96828935ac)
2026-07-09 19:40:05,036 INFO Found folder 'Kindle Scribe' (ID: 1C38JFsUTRYHHimqlQwpoRka0Zi1QJKq6)
2026-07-09 19:40:06,269 INFO Found 0 w-termine files in folder
2026-07-09 19:40:06,270 INFO No new w-termine files found
2026-07-09 19:40:06,271 INFO === scribe_sync end ===
2026-07-09 19:50:01,247 INFO === scribe_sync start ===
2026-07-09 19:50:03,030 INFO MCP session initialized (id=9995c75c-14fa-4970-9004-fb6f615c7bef)
2026-07-09 19:50:04,599 INFO Found folder 'Kindle Scribe' (ID: 1C38JFsUTRYHHimqlQwpoRka0Zi1QJKq6)
2026-07-09 19:50:06,030 INFO Found 0 w-termine files in folder
2026-07-09 19:50:06,030 INFO No new w-termine files found
2026-07-09 19:50:06,033 INFO === scribe_sync end ===
2026-07-09 20:00:01,204 INFO === scribe_sync start ===
2026-07-09 20:00:02,635 INFO MCP session initialized (id=d90abc8f-9900-44b3-b35d-6a783bef245d)
2026-07-09 20:00:04,405 INFO Found folder 'Kindle Scribe' (ID: 1C38JFsUTRYHHimqlQwpoRka0Zi1QJKq6)
2026-07-09 20:00:11,041 INFO Found 0 w-termine files in folder
2026-07-09 20:00:11,042 INFO No new w-termine files found
2026-07-09 20:00:11,044 INFO === scribe_sync end ===
2026-07-09 20:10:02,079 INFO === scribe_sync start ===
2026-07-09 20:10:03,963 INFO MCP session initialized (id=66f801da-1aa7-4397-bccc-f61cb5703f17)
2026-07-09 20:10:05,341 INFO Found folder 'Kindle Scribe' (ID: 1C38JFsUTRYHHimqlQwpoRka0Zi1QJKq6)
2026-07-09 20:10:06,820 INFO Found 0 w-termine files in folder
2026-07-09 20:10:06,823 INFO No new w-termine files found
2026-07-09 20:10:06,825 INFO === scribe_sync end ===
2026-07-09 20:20:02,627 INFO === scribe_sync start ===
2026-07-09 20:20:05,168 INFO MCP session initialized (id=b3333ec0-ed6f-4ccf-afd8-3ed3dc91555e)
2026-07-09 20:20:06,718 INFO Found folder 'Kindle Scribe' (ID: 1C38JFsUTRYHHimqlQwpoRka0Zi1QJKq6)
2026-07-09 20:20:08,338 INFO Found 0 w-termine files in folder
2026-07-09 20:20:08,338 INFO No new w-termine files found
2026-07-09 20:20:08,341 INFO === scribe_sync end ===
2026-07-09 20:30:01,626 INFO === scribe_sync start ===
2026-07-09 20:30:03,586 INFO MCP session initialized (id=33fa1c8a-9f6a-423c-bca2-283946a259e8)
2026-07-09 20:30:06,054 INFO Found folder 'Kindle Scribe' (ID: 1C38JFsUTRYHHimqlQwpoRka0Zi1QJKq6)
2026-07-09 20:30:07,662 INFO Found 0 w-termine files in folder
2026-07-09 20:30:07,663 INFO No new w-termine files found
2026-07-09 20:30:07,664 INFO === scribe_sync end ===
2026-07-09 20:40:01,394 INFO === scribe_sync start ===
2026-07-09 20:40:02,793 INFO MCP session initialized (id=b1cde261-974f-49dd-990c-8b1bfa127b97)
2026-07-09 20:40:04,160 INFO Found folder 'Kindle Scribe' (ID: 1C38JFsUTRYHHimqlQwpoRka0Zi1QJKq6)
2026-07-09 20:40:05,576 INFO Found 0 w-termine files in folder
2026-07-09 20:40:05,577 INFO No new w-termine files found
2026-07-09 20:40:05,586 INFO === scribe_sync end ===
2026-07-09 20:50:01,595 INFO === scribe_sync start ===
2026-07-09 20:50:03,165 INFO MCP session initialized (id=d88399de-35aa-4725-a768-299940a30f10)
2026-07-09 20:50:04,949 INFO Found folder 'Kindle Scribe' (ID: 1C38JFsUTRYHHimqlQwpoRka0Zi1QJKq6)
2026-07-09 20:50:06,386 INFO Found 0 w-termine files in folder
2026-07-09 20:50:06,386 INFO No new w-termine files found
2026-07-09 20:50:06,390 INFO === scribe_sync end ===
2026-07-09 21:00:01,609 INFO === scribe_sync start ===
2026-07-09 21:00:03,879 INFO MCP session initialized (id=4a7f4431-a821-41ff-a868-6edb12b44b65)
2026-07-09 21:00:07,025 INFO Found folder 'Kindle Scribe' (ID: 1C38JFsUTRYHHimqlQwpoRka0Zi1QJKq6)
2026-07-09 21:00:09,744 INFO Found 0 w-termine files in folder
2026-07-09 21:00:09,744 INFO No new w-termine files found
2026-07-09 21:00:09,748 INFO === scribe_sync end ===
2026-07-09 21:10:02,126 INFO === scribe_sync start ===
2026-07-09 21:10:33,533 INFO MCP session initialized (id=848a2986-dc3d-49f7-8a05-d19f86265550)
2026-07-09 21:10:35,020 INFO Found folder 'Kindle Scribe' (ID: 1C38JFsUTRYHHimqlQwpoRka0Zi1QJKq6)
2026-07-09 21:10:36,616 INFO Found 0 w-termine files in folder
2026-07-09 21:10:36,616 INFO No new w-termine files found
2026-07-09 21:10:36,618 INFO === scribe_sync end ===
2026-07-09 21:20:02,075 INFO === scribe_sync start ===
2026-07-09 21:20:03,855 INFO MCP session initialized (id=26e47e26-6397-4dd0-b170-2f6a05c0d550)
2026-07-09 21:20:05,452 INFO Found folder 'Kindle Scribe' (ID: 1C38JFsUTRYHHimqlQwpoRka0Zi1QJKq6)
2026-07-09 21:20:06,946 INFO Found 0 w-termine files in folder
2026-07-09 21:20:06,946 INFO No new w-termine files found
2026-07-09 21:20:06,949 INFO === scribe_sync end ===
2026-07-09 21:30:02,600 INFO === scribe_sync start ===
2026-07-09 21:30:04,526 INFO MCP session initialized (id=f5f2b911-f9c6-4e89-9e5a-f7fb6447cd1f)
2026-07-09 21:30:06,452 INFO Found folder 'Kindle Scribe' (ID: 1C38JFsUTRYHHimqlQwpoRka0Zi1QJKq6)
2026-07-09 21:30:08,046 INFO Found 0 w-termine files in folder
2026-07-09 21:30:08,049 INFO No new w-termine files found
2026-07-09 21:30:08,076 INFO === scribe_sync end ===
2026-07-09 21:40:01,912 INFO === scribe_sync start ===
2026-07-09 21:40:03,487 INFO MCP session initialized (id=d35949b9-38e0-416f-9dbb-3c7037751a75)
2026-07-09 21:40:05,100 INFO Found folder 'Kindle Scribe' (ID: 1C38JFsUTRYHHimqlQwpoRka0Zi1QJKq6)
2026-07-09 21:40:06,410 INFO Found 0 w-termine files in folder
2026-07-09 21:40:06,410 INFO No new w-termine files found
2026-07-09 21:40:06,412 INFO === scribe_sync end ===
2026-07-09 21:50:01,916 INFO === scribe_sync start ===
2026-07-09 21:50:04,117 INFO MCP session initialized (id=a20df46d-029d-4984-a241-6836554bea02)
2026-07-09 21:50:05,769 INFO Found folder 'Kindle Scribe' (ID: 1C38JFsUTRYHHimqlQwpoRka0Zi1QJKq6)
2026-07-09 21:50:07,194 INFO Found 0 w-termine files in folder
2026-07-09 21:50:07,194 INFO No new w-termine files found
2026-07-09 21:50:07,214 INFO === scribe_sync end ===
2026-07-09 22:00:01,978 INFO === scribe_sync start ===
2026-07-09 22:00:06,448 INFO MCP session initialized (id=b98723c4-cc07-4da2-94cf-e9200e02f870)
2026-07-09 22:00:08,896 INFO Found folder 'Kindle Scribe' (ID: 1C38JFsUTRYHHimqlQwpoRka0Zi1QJKq6)
2026-07-09 22:00:10,989 INFO Found 0 w-termine files in folder
2026-07-09 22:00:10,989 INFO No new w-termine files found
2026-07-09 22:00:10,991 INFO === scribe_sync end ===
2026-07-09 22:10:01,964 INFO === scribe_sync start ===
2026-07-09 22:10:04,248 ERROR Unexpected error: ('Connection aborted.', ConnectionResetError(104, 'Connection reset by peer'))
Traceback (most recent call last):
  File "/usr/lib/python3.12/ssl.py", line 993, in _create
    self.getpeername()
OSError: [Errno 107] Transport endpoint is not connected

During handling of the above exception, another exception occurred:

Traceback (most recent call last):
  File "/usr/local/lib/python3.12/dist-packages/urllib3/connectionpool.py", line 787, in urlopen
    response = self._make_request(
               ^^^^^^^^^^^^^^^^^^^
  File "/usr/local/lib/python3.12/dist-packages/urllib3/connectionpool.py", line 488, in _make_request
    raise new_e
  File "/usr/local/lib/python3.12/dist-packages/urllib3/connectionpool.py", line 464, in _make_request
    self._validate_conn(conn)
  File "/usr/local/lib/python3.12/dist-packages/urllib3/connectionpool.py", line 1093, in _validate_conn
    conn.connect()
  File "/usr/local/lib/python3.12/dist-packages/urllib3/connection.py", line 796, in connect
    sock_and_verified = _ssl_wrap_socket_and_match_hostname(
                        ^^^^^^^^^^^^^^^^^^^^^^^^^^^^^^^^^^^^
  File "/usr/local/lib/python3.12/dist-packages/urllib3/connection.py", line 975, in _ssl_wrap_socket_and_match_hostname
    ssl_sock = ssl_wrap_socket(
               ^^^^^^^^^^^^^^^^
  File "/usr/local/lib/python3.12/dist-packages/urllib3/util/ssl_.py", line 483, in ssl_wrap_socket
    ssl_sock = _ssl_wrap_socket_impl(sock, context, tls_in_tls, server_hostname)
               ^^^^^^^^^^^^^^^^^^^^^^^^^^^^^^^^^^^^^^^^^^^^^^^^^^^^^^^^^^^^^^^^^
  File "/usr/local/lib/python3.12/dist-packages/urllib3/util/ssl_.py", line 527, in _ssl_wrap_socket_impl
    return ssl_context.wrap_socket(sock, server_hostname=server_hostname)
           ^^^^^^^^^^^^^^^^^^^^^^^^^^^^^^^^^^^^^^^^^^^^^^^^^^^^^^^^^^^^^^
  File "/usr/lib/python3.12/ssl.py", line 455, in wrap_socket
    return self.sslsocket_class._create(
           ^^^^^^^^^^^^^^^^^^^^^^^^^^^^^
  File "/usr/lib/python3.12/ssl.py", line 1005, in _create
    notconn_pre_handshake_data = self.recv(1)
                                 ^^^^^^^^^^^^
  File "/usr/lib/python3.12/ssl.py", line 1235, in recv
    return super().recv(buflen, flags)
           ^^^^^^^^^^^^^^^^^^^^^^^^^^^
ConnectionResetError: [Errno 104] Connection reset by peer

During handling of the above exception, another exception occurred:

Traceback (most recent call last):
  File "/usr/local/lib/python3.12/dist-packages/requests/adapters.py", line 696, in send
    resp = conn.urlopen(
           ^^^^^^^^^^^^^
  File "/usr/local/lib/python3.12/dist-packages/urllib3/connectionpool.py", line 841, in urlopen
    retries = retries.increment(
              ^^^^^^^^^^^^^^^^^^
  File "/usr/local/lib/python3.12/dist-packages/urllib3/util/retry.py", line 490, in increment
    raise reraise(type(error), error, _stacktrace)
          ^^^^^^^^^^^^^^^^^^^^^^^^^^^^^^^^^^^^^^^^
  File "/usr/local/lib/python3.12/dist-packages/urllib3/util/util.py", line 38, in reraise
    raise value.with_traceback(tb)
  File "/usr/local/lib/python3.12/dist-packages/urllib3/connectionpool.py", line 787, in urlopen
    response = self._make_request(
               ^^^^^^^^^^^^^^^^^^^
  File "/usr/local/lib/python3.12/dist-packages/urllib3/connectionpool.py", line 488, in _make_request
    raise new_e
  File "/usr/local/lib/python3.12/dist-packages/urllib3/connectionpool.py", line 464, in _make_request
    self._validate_conn(conn)
  File "/usr/local/lib/python3.12/dist-packages/urllib3/connectionpool.py", line 1093, in _validate_conn
    conn.connect()
  File "/usr/local/lib/python3.12/dist-packages/urllib3/connection.py", line 796, in connect
    sock_and_verified = _ssl_wrap_socket_and_match_hostname(
                        ^^^^^^^^^^^^^^^^^^^^^^^^^^^^^^^^^^^^
  File "/usr/local/lib/python3.12/dist-packages/urllib3/connection.py", line 975, in _ssl_wrap_socket_and_match_hostname
    ssl_sock = ssl_wrap_socket(
               ^^^^^^^^^^^^^^^^
  File "/usr/local/lib/python3.12/dist-packages/urllib3/util/ssl_.py", line 483, in ssl_wrap_socket
    ssl_sock = _ssl_wrap_socket_impl(sock, context, tls_in_tls, server_hostname)
               ^^^^^^^^^^^^^^^^^^^^^^^^^^^^^^^^^^^^^^^^^^^^^^^^^^^^^^^^^^^^^^^^^
  File "/usr/local/lib/python3.12/dist-packages/urllib3/util/ssl_.py", line 527, in _ssl_wrap_socket_impl
    return ssl_context.wrap_socket(sock, server_hostname=server_hostname)
           ^^^^^^^^^^^^^^^^^^^^^^^^^^^^^^^^^^^^^^^^^^^^^^^^^^^^^^^^^^^^^^
  File "/usr/lib/python3.12/ssl.py", line 455, in wrap_socket
    return self.sslsocket_class._create(
           ^^^^^^^^^^^^^^^^^^^^^^^^^^^^^
  File "/usr/lib/python3.12/ssl.py", line 1005, in _create
    notconn_pre_handshake_data = self.recv(1)
                                 ^^^^^^^^^^^^
  File "/usr/lib/python3.12/ssl.py", line 1235, in recv
    return super().recv(buflen, flags)
           ^^^^^^^^^^^^^^^^^^^^^^^^^^^
urllib3.exceptions.ProtocolError: ('Connection aborted.', ConnectionResetError(104, 'Connection reset by peer'))

During handling of the above exception, another exception occurred:

Traceback (most recent call last):
  File "/root/.local/.openclaw/workspace/scribe/scribe_sync.py", line 605, in main
    process_files()
  File "/root/.local/.openclaw/workspace/scribe/scribe_sync.py", line 518, in process_files
    mcp = MCPClient(MCP_URL, str(OAUTH_FILE))
          ^^^^^^^^^^^^^^^^^^^^^^^^^^^^^^^^^^^
  File "/root/.local/.openclaw/workspace/scribe/scribe_sync.py", line 75, in __init__
    self._initialize()
  File "/root/.local/.openclaw/workspace/scribe/scribe_sync.py", line 108, in _initialize
    r = self.session.post(self.url, json=req, timeout=30)
        ^^^^^^^^^^^^^^^^^^^^^^^^^^^^^^^^^^^^^^^^^^^^^^^^^
  File "/usr/local/lib/python3.12/dist-packages/requests/sessions.py", line 712, in post
    return self.request("POST", url, data=data, json=json, **kwargs)
           ^^^^^^^^^^^^^^^^^^^^^^^^^^^^^^^^^^^^^^^^^^^^^^^^^^^^^^^^^
  File "/usr/local/lib/python3.12/dist-packages/requests/sessions.py", line 651, in request
    resp = self.send(prep, **send_kwargs)
           ^^^^^^^^^^^^^^^^^^^^^^^^^^^^^^
  File "/usr/local/lib/python3.12/dist-packages/requests/sessions.py", line 784, in send
    r = adapter.send(request, **kwargs)
        ^^^^^^^^^^^^^^^^^^^^^^^^^^^^^^^
  File "/usr/local/lib/python3.12/dist-packages/requests/adapters.py", line 711, in send
    raise ConnectionError(err, request=request)
requests.exceptions.ConnectionError: ('Connection aborted.', ConnectionResetError(104, 'Connection reset by peer'))
2026-07-09 22:10:04,301 INFO === scribe_sync end ===
2026-07-09 22:20:01,690 INFO === scribe_sync start ===
2026-07-09 22:20:03,240 INFO MCP session initialized (id=6c5bb8f3-7b8e-4fd4-b359-fc9dd9fad930)
2026-07-09 22:20:05,196 INFO Found folder 'Kindle Scribe' (ID: 1C38JFsUTRYHHimqlQwpoRka0Zi1QJKq6)
2026-07-09 22:20:06,659 INFO Found 0 w-termine files in folder
2026-07-09 22:20:06,659 INFO No new w-termine files found
2026-07-09 22:20:06,666 INFO === scribe_sync end ===
2026-07-09 22:30:01,884 INFO === scribe_sync start ===
2026-07-09 22:30:04,064 INFO MCP session initialized (id=bf322c4f-3c9a-468f-abd4-6b8b69df3a37)
2026-07-09 22:30:06,663 INFO Found folder 'Kindle Scribe' (ID: 1C38JFsUTRYHHimqlQwpoRka0Zi1QJKq6)
2026-07-09 22:30:08,159 INFO Found 0 w-termine files in folder
2026-07-09 22:30:08,159 INFO No new w-termine files found
2026-07-09 22:30:08,162 INFO === scribe_sync end ===
2026-07-09 22:40:01,503 INFO === scribe_sync start ===
2026-07-09 22:40:02,924 INFO MCP session initialized (id=e170a562-9a0c-4840-90ff-e1793ac20488)
2026-07-09 22:40:04,572 INFO Found folder 'Kindle Scribe' (ID: 1C38JFsUTRYHHimqlQwpoRka0Zi1QJKq6)
2026-07-09 22:40:05,907 INFO Found 0 w-termine files in folder
2026-07-09 22:40:05,907 INFO No new w-termine files found
2026-07-09 22:40:05,911 INFO === scribe_sync end ===
2026-07-09 22:50:01,586 INFO === scribe_sync start ===
2026-07-09 22:50:02,992 INFO MCP session initialized (id=584248d2-f934-42ac-94dc-7df6fcf62000)
2026-07-09 22:50:04,346 INFO Found folder 'Kindle Scribe' (ID: 1C38JFsUTRYHHimqlQwpoRka0Zi1QJKq6)
2026-07-09 22:50:05,631 INFO Found 0 w-termine files in folder
2026-07-09 22:50:05,631 INFO No new w-termine files found
2026-07-09 22:50:05,632 INFO === scribe_sync end ===
2026-07-09 23:00:01,682 INFO === scribe_sync start ===
2026-07-09 23:00:03,580 INFO MCP session initialized (id=da1712ef-3c21-422b-b171-cedad1b17327)
2026-07-09 23:00:12,752 INFO Found folder 'Kindle Scribe' (ID: 1C38JFsUTRYHHimqlQwpoRka0Zi1QJKq6)
2026-07-09 23:00:14,082 INFO Found 0 w-termine files in folder
2026-07-09 23:00:14,082 INFO No new w-termine files found
2026-07-09 23:00:14,083 INFO === scribe_sync end ===
2026-07-09 23:10:01,331 INFO === scribe_sync start ===
2026-07-09 23:10:02,920 INFO MCP session initialized (id=6a7eebc1-88e2-40d3-87f3-b052861c300e)
2026-07-09 23:10:04,394 INFO Found folder 'Kindle Scribe' (ID: 1C38JFsUTRYHHimqlQwpoRka0Zi1QJKq6)
2026-07-09 23:10:05,747 INFO Found 0 w-termine files in folder
2026-07-09 23:10:05,747 INFO No new w-termine files found
2026-07-09 23:10:05,749 INFO === scribe_sync end ===
2026-07-09 23:20:02,403 INFO === scribe_sync start ===
2026-07-09 23:20:04,321 INFO MCP session initialized (id=de01be04-0006-434e-b292-b8cd2d248798)
2026-07-09 23:20:05,883 INFO Found folder 'Kindle Scribe' (ID: 1C38JFsUTRYHHimqlQwpoRka0Zi1QJKq6)
2026-07-09 23:20:07,162 INFO Found 0 w-termine files in folder
2026-07-09 23:20:07,162 INFO No new w-termine files found
2026-07-09 23:20:07,164 INFO === scribe_sync end ===
2026-07-09 23:30:01,982 INFO === scribe_sync start ===
2026-07-09 23:30:07,837 INFO MCP session initialized (id=ce52a9f7-87f8-446a-9890-281a5491d4cb)
2026-07-09 23:30:09,329 INFO Found folder 'Kindle Scribe' (ID: 1C38JFsUTRYHHimqlQwpoRka0Zi1QJKq6)
2026-07-09 23:30:10,787 INFO Found 0 w-termine files in folder
2026-07-09 23:30:10,787 INFO No new w-termine files found
2026-07-09 23:30:10,790 INFO === scribe_sync end ===
2026-07-09 23:40:02,051 INFO === scribe_sync start ===
2026-07-09 23:40:03,509 INFO MCP session initialized (id=f92bc568-8f47-4b74-be47-541438e3c540)
2026-07-09 23:40:04,947 INFO Found folder 'Kindle Scribe' (ID: 1C38JFsUTRYHHimqlQwpoRka0Zi1QJKq6)
2026-07-09 23:40:06,523 INFO Found 0 w-termine files in folder
2026-07-09 23:40:06,524 INFO No new w-termine files found
2026-07-09 23:40:06,525 INFO === scribe_sync end ===
2026-07-09 23:50:02,159 INFO === scribe_sync start ===
2026-07-09 23:50:03,634 INFO MCP session initialized (id=05842cf9-290d-47bd-a899-f10f1208ada8)
2026-07-09 23:50:05,018 INFO Found folder 'Kindle Scribe' (ID: 1C38JFsUTRYHHimqlQwpoRka0Zi1QJKq6)
2026-07-09 23:50:06,373 INFO Found 0 w-termine files in folder
2026-07-09 23:50:06,373 INFO No new w-termine files found
2026-07-09 23:50:06,375 INFO === scribe_sync end ===
2026-07-10 00:00:02,356 INFO === scribe_sync start ===
2026-07-10 00:00:04,902 INFO MCP session initialized (id=26d53dbe-291e-4372-8aaa-c1e84393ea45)
2026-07-10 00:00:06,463 INFO Found folder 'Kindle Scribe' (ID: 1C38JFsUTRYHHimqlQwpoRka0Zi1QJKq6)
2026-07-10 00:00:08,424 INFO Found 0 w-termine files in folder
2026-07-10 00:00:08,424 INFO No new w-termine files found
2026-07-10 00:00:08,659 INFO === scribe_sync end ===
2026-07-10 00:10:01,341 INFO === scribe_sync start ===
2026-07-10 00:10:03,313 INFO MCP session initialized (id=5b910243-3034-4c4a-a526-f79eea53c317)
2026-07-10 00:10:04,795 INFO Found folder 'Kindle Scribe' (ID: 1C38JFsUTRYHHimqlQwpoRka0Zi1QJKq6)
2026-07-10 00:10:06,231 INFO Found 0 w-termine files in folder
2026-07-10 00:10:06,236 INFO No new w-termine files found
2026-07-10 00:10:06,281 INFO === scribe_sync end ===
2026-07-10 00:20:02,131 INFO === scribe_sync start ===
2026-07-10 00:20:04,082 INFO MCP session initialized (id=f3f73a82-10f8-4d3b-b121-15c08f5064e6)
2026-07-10 00:20:05,508 INFO Found folder 'Kindle Scribe' (ID: 1C38JFsUTRYHHimqlQwpoRka0Zi1QJKq6)
2026-07-10 00:20:06,943 INFO Found 0 w-termine files in folder
2026-07-10 00:20:06,944 INFO No new w-termine files found
2026-07-10 00:20:06,955 INFO === scribe_sync end ===
2026-07-10 00:30:01,712 INFO === scribe_sync start ===
2026-07-10 00:30:08,785 INFO MCP session initialized (id=dfa7f2b9-2257-41fc-ab8c-5e8ee944627d)
2026-07-10 00:30:10,332 INFO Found folder 'Kindle Scribe' (ID: 1C38JFsUTRYHHimqlQwpoRka0Zi1QJKq6)
2026-07-10 00:30:11,567 INFO Found 0 w-termine files in folder
2026-07-10 00:30:11,567 INFO No new w-termine files found
2026-07-10 00:30:11,569 INFO === scribe_sync end ===
2026-07-10 00:40:02,395 INFO === scribe_sync start ===
2026-07-10 00:40:04,086 INFO MCP session initialized (id=625e1b1c-917c-46a0-9f5c-67cba23a41ff)
2026-07-10 00:40:05,607 INFO Found folder 'Kindle Scribe' (ID: 1C38JFsUTRYHHimqlQwpoRka0Zi1QJKq6)
2026-07-10 00:40:07,603 INFO Found 0 w-termine files in folder
2026-07-10 00:40:07,603 INFO No new w-termine files found
2026-07-10 00:40:07,606 INFO === scribe_sync end ===
2026-07-10 00:50:01,782 INFO === scribe_sync start ===
2026-07-10 00:50:03,447 INFO MCP session initialized (id=ba317f65-9ff2-4f82-b74b-1c1b934ab355)
2026-07-10 00:50:05,112 INFO Found folder 'Kindle Scribe' (ID: 1C38JFsUTRYHHimqlQwpoRka0Zi1QJKq6)
2026-07-10 00:50:06,489 INFO Found 0 w-termine files in folder
2026-07-10 00:50:06,489 INFO No new w-termine files found
2026-07-10 00:50:06,491 INFO === scribe_sync end ===
2026-07-10 01:00:01,501 INFO === scribe_sync start ===
2026-07-10 01:00:03,552 INFO MCP session initialized (id=4c2bf8f1-856e-4e61-a444-df2903a8d718)
2026-07-10 01:00:06,565 INFO Found folder 'Kindle Scribe' (ID: 1C38JFsUTRYHHimqlQwpoRka0Zi1QJKq6)
2026-07-10 01:00:08,918 INFO Found 0 w-termine files in folder
2026-07-10 01:00:08,918 INFO No new w-termine files found
2026-07-10 01:00:08,920 INFO === scribe_sync end ===
2026-07-10 01:10:01,896 INFO === scribe_sync start ===
2026-07-10 01:10:03,928 INFO MCP session initialized (id=92abd6bc-105c-4ab9-acdb-88c34d827bba)
2026-07-10 01:10:05,652 INFO Found folder 'Kindle Scribe' (ID: 1C38JFsUTRYHHimqlQwpoRka0Zi1QJKq6)
2026-07-10 01:10:06,957 INFO Found 0 w-termine files in folder
2026-07-10 01:10:06,957 INFO No new w-termine files found
2026-07-10 01:10:06,961 INFO === scribe_sync end ===
2026-07-10 01:20:01,474 INFO === scribe_sync start ===
2026-07-10 01:20:22,335 INFO MCP session initialized (id=fd23fe45-08ce-473d-b312-932598ef3306)
2026-07-10 01:20:23,707 INFO Found folder 'Kindle Scribe' (ID: 1C38JFsUTRYHHimqlQwpoRka0Zi1QJKq6)
2026-07-10 01:20:25,103 INFO Found 0 w-termine files in folder
2026-07-10 01:20:25,103 INFO No new w-termine files found
2026-07-10 01:20:25,106 INFO === scribe_sync end ===
2026-07-10 01:30:01,286 INFO === scribe_sync start ===
2026-07-10 01:30:44,194 INFO MCP session initialized (id=dd48f7d4-019a-45f9-a14c-31061bdf4385)
2026-07-10 01:30:45,753 INFO Found folder 'Kindle Scribe' (ID: 1C38JFsUTRYHHimqlQwpoRka0Zi1QJKq6)
2026-07-10 01:30:47,094 INFO Found 0 w-termine files in folder
2026-07-10 01:30:47,094 INFO No new w-termine files found
2026-07-10 01:30:47,096 INFO === scribe_sync end ===
2026-07-10 01:40:01,209 INFO === scribe_sync start ===
2026-07-10 01:40:02,451 INFO MCP session initialized (id=2ecf4518-077f-432a-825f-387c1a5b11c9)
2026-07-10 01:40:04,220 INFO Found folder 'Kindle Scribe' (ID: 1C38JFsUTRYHHimqlQwpoRka0Zi1QJKq6)
2026-07-10 01:40:05,626 INFO Found 0 w-termine files in folder
2026-07-10 01:40:05,626 INFO No new w-termine files found
2026-07-10 01:40:05,631 INFO === scribe_sync end ===
2026-07-10 01:50:01,730 INFO === scribe_sync start ===
2026-07-10 01:50:03,276 INFO MCP session initialized (id=ff1b3f61-fac7-4c25-b41a-48221c680153)
2026-07-10 01:50:04,724 INFO Found folder 'Kindle Scribe' (ID: 1C38JFsUTRYHHimqlQwpoRka0Zi1QJKq6)
2026-07-10 01:50:05,937 INFO Found 0 w-termine files in folder
2026-07-10 01:50:05,938 INFO No new w-termine files found
2026-07-10 01:50:05,939 INFO === scribe_sync end ===
2026-07-10 02:00:01,771 INFO === scribe_sync start ===
2026-07-10 02:00:03,298 INFO MCP session initialized (id=8528e613-5a7e-47b4-a141-d9f6dceddb32)
2026-07-10 02:00:09,932 INFO Found folder 'Kindle Scribe' (ID: 1C38JFsUTRYHHimqlQwpoRka0Zi1QJKq6)
2026-07-10 02:00:11,698 INFO Found 0 w-termine files in folder
2026-07-10 02:00:11,698 INFO No new w-termine files found
2026-07-10 02:00:11,702 INFO === scribe_sync end ===
2026-07-10 02:10:02,069 INFO === scribe_sync start ===
2026-07-10 02:10:03,785 INFO MCP session initialized (id=d6c1171a-737a-4e49-9459-7e8dc0a46df3)
2026-07-10 02:10:05,433 INFO Found folder 'Kindle Scribe' (ID: 1C38JFsUTRYHHimqlQwpoRka0Zi1QJKq6)
2026-07-10 02:10:06,988 INFO Found 0 w-termine files in folder
2026-07-10 02:10:06,988 INFO No new w-termine files found
2026-07-10 02:10:06,990 INFO === scribe_sync end ===
2026-07-10 02:20:01,500 INFO === scribe_sync start ===
2026-07-10 02:20:03,243 INFO MCP session initialized (id=9055d069-5ba4-42d4-aed7-079b3a9ff28f)
2026-07-10 02:20:04,567 INFO Found folder 'Kindle Scribe' (ID: 1C38JFsUTRYHHimqlQwpoRka0Zi1QJKq6)
2026-07-10 02:20:06,205 INFO Found 0 w-termine files in folder
2026-07-10 02:20:06,215 INFO No new w-termine files found
2026-07-10 02:20:06,217 INFO === scribe_sync end ===
2026-07-10 02:30:01,926 INFO === scribe_sync start ===
2026-07-10 02:30:04,570 INFO MCP session initialized (id=8a8779f2-5930-4cb8-ab0f-d33b9a26caa2)
2026-07-10 02:30:06,600 INFO Found folder 'Kindle Scribe' (ID: 1C38JFsUTRYHHimqlQwpoRka0Zi1QJKq6)
2026-07-10 02:30:08,309 INFO Found 0 w-termine files in folder
2026-07-10 02:30:08,309 INFO No new w-termine files found
2026-07-10 02:30:08,311 INFO === scribe_sync end ===
2026-07-10 02:40:01,485 INFO === scribe_sync start ===
2026-07-10 02:40:03,059 INFO MCP session initialized (id=8f21d3a7-df51-4f91-a602-a5e2ec9a871a)
2026-07-10 02:40:04,787 INFO Found folder 'Kindle Scribe' (ID: 1C38JFsUTRYHHimqlQwpoRka0Zi1QJKq6)
2026-07-10 02:40:06,226 INFO Found 0 w-termine files in folder
2026-07-10 02:40:06,227 INFO No new w-termine files found
2026-07-10 02:40:06,229 INFO === scribe_sync end ===
2026-07-10 02:50:01,576 INFO === scribe_sync start ===
2026-07-10 02:50:03,195 INFO MCP session initialized (id=a2bfab35-76ff-4542-b2cd-137cff256f01)
2026-07-10 02:50:04,826 INFO Found folder 'Kindle Scribe' (ID: 1C38JFsUTRYHHimqlQwpoRka0Zi1QJKq6)
2026-07-10 02:51:04,901 ERROR Unexpected error: HTTPSConnectionPool(host='connect.composio.dev', port=443): Read timed out. (read timeout=60)
Traceback (most recent call last):
  File "/usr/local/lib/python3.12/dist-packages/urllib3/connectionpool.py", line 534, in _make_request
    response = conn.getresponse()
               ^^^^^^^^^^^^^^^^^^
  File "/usr/local/lib/python3.12/dist-packages/urllib3/connection.py", line 571, in getresponse
    httplib_response = super().getresponse()
                       ^^^^^^^^^^^^^^^^^^^^^
  File "/usr/lib/python3.12/http/client.py", line 1457, in getresponse
    response.begin()
  File "/usr/lib/python3.12/http/client.py", line 336, in begin
    version, status, reason = self._read_status()
                              ^^^^^^^^^^^^^^^^^^^
  File "/usr/lib/python3.12/http/client.py", line 297, in _read_status
    line = str(self.fp.readline(_MAXLINE + 1), "iso-8859-1")
               ^^^^^^^^^^^^^^^^^^^^^^^^^^^^^^
  File "/usr/lib/python3.12/socket.py", line 707, in readinto
    return self._sock.recv_into(b)
           ^^^^^^^^^^^^^^^^^^^^^^^
  File "/usr/lib/python3.12/ssl.py", line 1252, in recv_into
    return self.read(nbytes, buffer)
           ^^^^^^^^^^^^^^^^^^^^^^^^^
  File "/usr/lib/python3.12/ssl.py", line 1104, in read
    return self._sslobj.read(len, buffer)
           ^^^^^^^^^^^^^^^^^^^^^^^^^^^^^^
TimeoutError: The read operation timed out

The above exception was the direct cause of the following exception:

Traceback (most recent call last):
  File "/usr/local/lib/python3.12/dist-packages/requests/adapters.py", line 696, in send
    resp = conn.urlopen(
           ^^^^^^^^^^^^^
  File "/usr/local/lib/python3.12/dist-packages/urllib3/connectionpool.py", line 841, in urlopen
    retries = retries.increment(
              ^^^^^^^^^^^^^^^^^^
  File "/usr/local/lib/python3.12/dist-packages/urllib3/util/retry.py", line 490, in increment
    raise reraise(type(error), error, _stacktrace)
          ^^^^^^^^^^^^^^^^^^^^^^^^^^^^^^^^^^^^^^^^
  File "/usr/local/lib/python3.12/dist-packages/urllib3/util/util.py", line 39, in reraise
    raise value
  File "/usr/local/lib/python3.12/dist-packages/urllib3/connectionpool.py", line 787, in urlopen
    response = self._make_request(
               ^^^^^^^^^^^^^^^^^^^
  File "/usr/local/lib/python3.12/dist-packages/urllib3/connectionpool.py", line 536, in _make_request
    self._raise_timeout(err=e, url=url, timeout_value=read_timeout)
  File "/usr/local/lib/python3.12/dist-packages/urllib3/connectionpool.py", line 367, in _raise_timeout
    raise ReadTimeoutError(
urllib3.exceptions.ReadTimeoutError: HTTPSConnectionPool(host='connect.composio.dev', port=443): Read timed out. (read timeout=60)

During handling of the above exception, another exception occurred:

Traceback (most recent call last):
  File "/root/.local/.openclaw/workspace/scribe/scribe_sync.py", line 605, in main
    process_files()
  File "/root/.local/.openclaw/workspace/scribe/scribe_sync.py", line 529, in process_files
    files = list_wtermine_files(mcp, folder_id)
            ^^^^^^^^^^^^^^^^^^^^^^^^^^^^^^^^^^^
  File "/root/.local/.openclaw/workspace/scribe/scribe_sync.py", line 191, in list_wtermine_files
    result = mcp.call_tool("COMPOSIO_MULTI_EXECUTE_TOOL", {
             ^^^^^^^^^^^^^^^^^^^^^^^^^^^^^^^^^^^^^^^^^^^^^^
  File "/root/.local/.openclaw/workspace/scribe/scribe_sync.py", line 127, in call_tool
    r = self.session.post(self.url, json=req, timeout=60)
        ^^^^^^^^^^^^^^^^^^^^^^^^^^^^^^^^^^^^^^^^^^^^^^^^^
  File "/usr/local/lib/python3.12/dist-packages/requests/sessions.py", line 712, in post
    return self.request("POST", url, data=data, json=json, **kwargs)
           ^^^^^^^^^^^^^^^^^^^^^^^^^^^^^^^^^^^^^^^^^^^^^^^^^^^^^^^^^
  File "/usr/local/lib/python3.12/dist-packages/requests/sessions.py", line 651, in request
    resp = self.send(prep, **send_kwargs)
           ^^^^^^^^^^^^^^^^^^^^^^^^^^^^^^
  File "/usr/local/lib/python3.12/dist-packages/requests/sessions.py", line 784, in send
    r = adapter.send(request, **kwargs)
        ^^^^^^^^^^^^^^^^^^^^^^^^^^^^^^^
  File "/usr/local/lib/python3.12/dist-packages/requests/adapters.py", line 742, in send
    raise ReadTimeout(e, request=request)
requests.exceptions.ReadTimeout: HTTPSConnectionPool(host='connect.composio.dev', port=443): Read timed out. (read timeout=60)
2026-07-10 02:51:04,937 INFO === scribe_sync end ===
2026-07-10 03:00:01,934 INFO === scribe_sync start ===
2026-07-10 03:00:03,575 INFO MCP session initialized (id=7f55ddf8-352b-4663-9d4e-6f720578978a)
2026-07-10 03:00:06,165 INFO Found folder 'Kindle Scribe' (ID: 1C38JFsUTRYHHimqlQwpoRka0Zi1QJKq6)
2026-07-10 03:00:07,527 INFO Found 0 w-termine files in folder
2026-07-10 03:00:07,528 INFO No new w-termine files found
2026-07-10 03:00:07,533 INFO === scribe_sync end ===
2026-07-10 03:10:01,930 INFO === scribe_sync start ===
2026-07-10 03:10:03,249 INFO MCP session initialized (id=cfbe3931-6d8d-4283-b123-4f6401e7c15b)
2026-07-10 03:10:04,918 INFO Found folder 'Kindle Scribe' (ID: 1C38JFsUTRYHHimqlQwpoRka0Zi1QJKq6)
2026-07-10 03:10:06,216 INFO Found 0 w-termine files in folder
2026-07-10 03:10:06,217 INFO No new w-termine files found
2026-07-10 03:10:06,218 INFO === scribe_sync end ===
2026-07-10 03:20:01,568 INFO === scribe_sync start ===
2026-07-10 03:20:03,291 INFO MCP session initialized (id=a91907cf-20d9-4ab4-8cef-f1d8173b2005)
2026-07-10 03:20:04,983 INFO Found folder 'Kindle Scribe' (ID: 1C38JFsUTRYHHimqlQwpoRka0Zi1QJKq6)
2026-07-10 03:20:06,108 INFO Found 0 w-termine files in folder
2026-07-10 03:20:06,108 INFO No new w-termine files found
2026-07-10 03:20:06,110 INFO === scribe_sync end ===
2026-07-10 03:30:01,751 INFO === scribe_sync start ===
2026-07-10 03:30:03,715 INFO MCP session initialized (id=f9f4f220-c952-4048-82ad-987b3e4df04d)
2026-07-10 03:30:05,984 INFO Found folder 'Kindle Scribe' (ID: 1C38JFsUTRYHHimqlQwpoRka0Zi1QJKq6)
2026-07-10 03:30:07,214 INFO Found 0 w-termine files in folder
2026-07-10 03:30:07,214 INFO No new w-termine files found
2026-07-10 03:30:07,216 INFO === scribe_sync end ===
2026-07-10 03:40:01,742 INFO === scribe_sync start ===
2026-07-10 03:40:03,133 INFO MCP session initialized (id=07207379-f1d4-4a2e-8348-8e5e284e118e)
2026-07-10 03:40:04,619 INFO Found folder 'Kindle Scribe' (ID: 1C38JFsUTRYHHimqlQwpoRka0Zi1QJKq6)
2026-07-10 03:40:06,010 INFO Found 0 w-termine files in folder
2026-07-10 03:40:06,010 INFO No new w-termine files found
2026-07-10 03:40:06,048 INFO === scribe_sync end ===
2026-07-10 03:50:01,900 INFO === scribe_sync start ===
2026-07-10 03:50:03,581 INFO MCP session initialized (id=9f3d9553-8bce-48b3-bc47-de4f884c51c0)
2026-07-10 03:50:05,023 INFO Found folder 'Kindle Scribe' (ID: 1C38JFsUTRYHHimqlQwpoRka0Zi1QJKq6)
2026-07-10 03:50:06,396 INFO Found 0 w-termine files in folder
2026-07-10 03:50:06,396 INFO No new w-termine files found
2026-07-10 03:50:06,420 INFO === scribe_sync end ===
2026-07-10 04:00:02,226 INFO === scribe_sync start ===
2026-07-10 04:00:04,166 INFO MCP session initialized (id=9e9724bc-a2a3-4be0-8d7e-faf7ab01f84e)
2026-07-10 04:00:05,793 INFO Found folder 'Kindle Scribe' (ID: 1C38JFsUTRYHHimqlQwpoRka0Zi1QJKq6)
2026-07-10 04:00:07,145 INFO Found 0 w-termine files in folder
2026-07-10 04:00:07,145 INFO No new w-termine files found
2026-07-10 04:00:07,149 INFO === scribe_sync end ===
2026-07-10 04:10:01,406 INFO === scribe_sync start ===
2026-07-10 04:10:02,922 INFO MCP session initialized (id=bb36cbae-d6de-4f70-b693-7c0293b58d17)
2026-07-10 04:10:04,495 INFO Found folder 'Kindle Scribe' (ID: 1C38JFsUTRYHHimqlQwpoRka0Zi1QJKq6)
2026-07-10 04:10:05,998 INFO Found 0 w-termine files in folder
2026-07-10 04:10:05,998 INFO No new w-termine files found
2026-07-10 04:10:06,003 INFO === scribe_sync end ===
2026-07-10 04:20:01,470 INFO === scribe_sync start ===
2026-07-10 04:20:02,807 INFO MCP session initialized (id=e2759978-0166-4652-88a5-088a3d67601f)
2026-07-10 04:20:04,490 INFO Found folder 'Kindle Scribe' (ID: 1C38JFsUTRYHHimqlQwpoRka0Zi1QJKq6)
2026-07-10 04:20:05,775 INFO Found 0 w-termine files in folder
2026-07-10 04:20:05,775 INFO No new w-termine files found
2026-07-10 04:20:05,777 INFO === scribe_sync end ===
2026-07-10 04:30:01,783 INFO === scribe_sync start ===
2026-07-10 04:30:03,494 INFO MCP session initialized (id=18f5e562-6a9f-4052-8ee1-019a8077134d)
2026-07-10 04:30:05,227 INFO Found folder 'Kindle Scribe' (ID: 1C38JFsUTRYHHimqlQwpoRka0Zi1QJKq6)
2026-07-10 04:30:06,596 INFO Found 0 w-termine files in folder
2026-07-10 04:30:06,597 INFO No new w-termine files found
2026-07-10 04:30:06,598 INFO === scribe_sync end ===
2026-07-10 04:40:01,965 INFO === scribe_sync start ===
2026-07-10 04:40:03,324 INFO MCP session initialized (id=553d6907-6fd1-49de-9fe3-2bba2559f1ca)
2026-07-10 04:40:04,992 INFO Found folder 'Kindle Scribe' (ID: 1C38JFsUTRYHHimqlQwpoRka0Zi1QJKq6)
2026-07-10 04:40:06,549 INFO Found 0 w-termine files in folder
2026-07-10 04:40:06,549 INFO No new w-termine files found
2026-07-10 04:40:06,553 INFO === scribe_sync end ===
2026-07-10 04:50:01,151 INFO === scribe_sync start ===
2026-07-10 04:50:02,611 INFO MCP session initialized (id=616bbbc7-35b9-4673-9a3e-e24c1f45fdf3)
2026-07-10 04:50:04,044 INFO Found folder 'Kindle Scribe' (ID: 1C38JFsUTRYHHimqlQwpoRka0Zi1QJKq6)
2026-07-10 04:50:05,304 INFO Found 0 w-termine files in folder
2026-07-10 04:50:05,305 INFO No new w-termine files found
2026-07-10 04:50:05,307 INFO === scribe_sync end ===
2026-07-10 05:00:01,265 INFO === scribe_sync start ===
2026-07-10 05:00:02,941 INFO MCP session initialized (id=13caa59d-2882-4b2e-a4aa-c5db4a39e3e1)
2026-07-10 05:00:05,264 INFO Found folder 'Kindle Scribe' (ID: 1C38JFsUTRYHHimqlQwpoRka0Zi1QJKq6)
2026-07-10 05:00:06,930 INFO Found 0 w-termine files in folder
2026-07-10 05:00:06,930 INFO No new w-termine files found
2026-07-10 05:00:06,932 INFO === scribe_sync end ===
2026-07-10 05:10:01,554 INFO === scribe_sync start ===
2026-07-10 05:10:02,870 INFO MCP session initialized (id=1265ed92-af1c-4f45-a388-9d3ba60de2f3)
2026-07-10 05:10:04,472 INFO Found folder 'Kindle Scribe' (ID: 1C38JFsUTRYHHimqlQwpoRka0Zi1QJKq6)
2026-07-10 05:10:05,644 INFO Found 0 w-termine files in folder
2026-07-10 05:10:05,644 INFO No new w-termine files found
2026-07-10 05:10:05,648 INFO === scribe_sync end ===
2026-07-10 05:20:01,239 INFO === scribe_sync start ===
2026-07-10 05:20:02,731 INFO MCP session initialized (id=d5a35893-cdf7-4ba4-8613-52f7746302b6)
2026-07-10 05:20:04,228 INFO Found folder 'Kindle Scribe' (ID: 1C38JFsUTRYHHimqlQwpoRka0Zi1QJKq6)
2026-07-10 05:20:05,631 INFO Found 0 w-termine files in folder
2026-07-10 05:20:05,631 INFO No new w-termine files found
2026-07-10 05:20:05,633 INFO === scribe_sync end ===
2026-07-10 05:30:01,238 INFO === scribe_sync start ===
2026-07-10 05:30:03,147 INFO MCP session initialized (id=97eb68af-d96a-4554-b38e-349ec5e0f645)
2026-07-10 05:30:05,263 INFO Found folder 'Kindle Scribe' (ID: 1C38JFsUTRYHHimqlQwpoRka0Zi1QJKq6)
2026-07-10 05:30:06,888 INFO Found 0 w-termine files in folder
2026-07-10 05:30:06,888 INFO No new w-termine files found
2026-07-10 05:30:06,891 INFO === scribe_sync end ===
2026-07-10 05:40:01,519 INFO === scribe_sync start ===
2026-07-10 05:40:02,948 INFO MCP session initialized (id=191abeac-d008-4aa4-9db7-8bf713205c70)
2026-07-10 05:40:04,206 INFO Found folder 'Kindle Scribe' (ID: 1C38JFsUTRYHHimqlQwpoRka0Zi1QJKq6)
2026-07-10 05:40:05,425 INFO Found 0 w-termine files in folder
2026-07-10 05:40:05,425 INFO No new w-termine files found
2026-07-10 05:40:05,427 INFO === scribe_sync end ===
2026-07-10 05:50:01,700 INFO === scribe_sync start ===
2026-07-10 05:50:03,376 INFO MCP session initialized (id=a64904cf-235c-4b3e-9a3a-7437ef046d97)
2026-07-10 05:50:04,860 INFO Found folder 'Kindle Scribe' (ID: 1C38JFsUTRYHHimqlQwpoRka0Zi1QJKq6)
2026-07-10 05:50:06,154 INFO Found 0 w-termine files in folder
2026-07-10 05:50:06,156 INFO No new w-termine files found
2026-07-10 05:50:06,158 INFO === scribe_sync end ===
2026-07-10 06:00:01,414 INFO === scribe_sync start ===
2026-07-10 06:00:03,279 INFO MCP session initialized (id=f4223b48-88e0-4464-895e-13aa06d32e6a)
2026-07-10 06:00:05,791 INFO Found folder 'Kindle Scribe' (ID: 1C38JFsUTRYHHimqlQwpoRka0Zi1QJKq6)
2026-07-10 06:00:08,239 INFO Found 0 w-termine files in folder
2026-07-10 06:00:08,239 INFO No new w-termine files found
2026-07-10 06:00:08,242 INFO === scribe_sync end ===
2026-07-10 06:10:02,423 INFO === scribe_sync start ===
2026-07-10 06:10:29,198 INFO MCP session initialized (id=1a1474a0-6978-40e9-88e6-899f601afe07)
2026-07-10 06:10:30,688 INFO Found folder 'Kindle Scribe' (ID: 1C38JFsUTRYHHimqlQwpoRka0Zi1QJKq6)
2026-07-10 06:10:32,051 INFO Found 0 w-termine files in folder
2026-07-10 06:10:32,052 INFO No new w-termine files found
2026-07-10 06:10:32,053 INFO === scribe_sync end ===
2026-07-10 06:20:01,637 INFO === scribe_sync start ===
2026-07-10 06:20:02,907 INFO MCP session initialized (id=741e78f6-b8f5-46ae-bcef-caa0b70c50a3)
2026-07-10 06:20:04,244 INFO Found folder 'Kindle Scribe' (ID: 1C38JFsUTRYHHimqlQwpoRka0Zi1QJKq6)
2026-07-10 06:20:05,798 INFO Found 0 w-termine files in folder
2026-07-10 06:20:05,798 INFO No new w-termine files found
2026-07-10 06:20:05,801 INFO === scribe_sync end ===
2026-07-10 06:30:01,840 INFO === scribe_sync start ===
2026-07-10 06:30:03,483 INFO MCP session initialized (id=2fa80421-0483-42a2-bf8d-0776793900fb)
2026-07-10 06:30:13,465 INFO Found folder 'Kindle Scribe' (ID: 1C38JFsUTRYHHimqlQwpoRka0Zi1QJKq6)
2026-07-10 06:30:15,896 INFO Found 0 w-termine files in folder
2026-07-10 06:30:15,896 INFO No new w-termine files found
2026-07-10 06:30:15,899 INFO === scribe_sync end ===
2026-07-10 06:40:01,390 INFO === scribe_sync start ===
2026-07-10 06:40:02,673 INFO MCP session initialized (id=989e0d22-b657-46fd-94aa-d0b075c67baf)
2026-07-10 06:40:04,100 INFO Found folder 'Kindle Scribe' (ID: 1C38JFsUTRYHHimqlQwpoRka0Zi1QJKq6)
2026-07-10 06:40:05,468 INFO Found 0 w-termine files in folder
2026-07-10 06:40:05,468 INFO No new w-termine files found
2026-07-10 06:40:05,471 INFO === scribe_sync end ===
2026-07-10 06:50:02,064 INFO === scribe_sync start ===
2026-07-10 06:50:03,501 INFO MCP session initialized (id=e51684f5-9ede-4ed8-8fbb-f6c8fb99fb24)
2026-07-10 06:50:04,903 INFO Found folder 'Kindle Scribe' (ID: 1C38JFsUTRYHHimqlQwpoRka0Zi1QJKq6)
2026-07-10 06:50:07,098 INFO Found 0 w-termine files in folder
2026-07-10 06:50:07,099 INFO No new w-termine files found
2026-07-10 06:50:07,102 INFO === scribe_sync end ===
2026-07-10 07:00:02,034 INFO === scribe_sync start ===
2026-07-10 07:00:04,047 INFO MCP session initialized (id=14be9642-71cd-456d-98d8-85bf5bda55b5)
2026-07-10 07:00:05,867 INFO Found folder 'Kindle Scribe' (ID: 1C38JFsUTRYHHimqlQwpoRka0Zi1QJKq6)
2026-07-10 07:00:07,549 INFO Found 0 w-termine files in folder
2026-07-10 07:00:07,549 INFO No new w-termine files found
2026-07-10 07:00:07,551 INFO === scribe_sync end ===
2026-07-10 07:10:02,086 INFO === scribe_sync start ===
2026-07-10 07:10:03,623 INFO MCP session initialized (id=96542e68-f1d6-4708-9a99-562cb749efde)
2026-07-10 07:10:05,159 INFO Found folder 'Kindle Scribe' (ID: 1C38JFsUTRYHHimqlQwpoRka0Zi1QJKq6)
2026-07-10 07:10:06,586 INFO Found 0 w-termine files in folder
2026-07-10 07:10:06,587 INFO No new w-termine files found
2026-07-10 07:10:06,607 INFO === scribe_sync end ===
2026-07-10 07:20:01,802 INFO === scribe_sync start ===
2026-07-10 07:20:03,663 INFO MCP session initialized (id=119526ac-336c-41fd-b652-155304aabe96)
2026-07-10 07:20:05,132 INFO Found folder 'Kindle Scribe' (ID: 1C38JFsUTRYHHimqlQwpoRka0Zi1QJKq6)
2026-07-10 07:20:06,824 INFO Found 0 w-termine files in folder
2026-07-10 07:20:06,824 INFO No new w-termine files found
2026-07-10 07:20:06,826 INFO === scribe_sync end ===
2026-07-10 07:30:01,237 INFO === scribe_sync start ===
2026-07-10 07:30:02,845 INFO MCP session initialized (id=405ab3f6-a27e-49a7-8136-f97961a115d0)
2026-07-10 07:30:04,939 INFO Found folder 'Kindle Scribe' (ID: 1C38JFsUTRYHHimqlQwpoRka0Zi1QJKq6)
2026-07-10 07:30:06,674 INFO Found 0 w-termine files in folder
2026-07-10 07:30:06,675 INFO No new w-termine files found
2026-07-10 07:30:06,690 INFO === scribe_sync end ===
2026-07-10 07:40:02,637 INFO === scribe_sync start ===
2026-07-10 07:40:04,238 INFO MCP session initialized (id=ab8eb438-3717-40b8-a219-fee3ddad270b)
2026-07-10 07:40:05,739 INFO Found folder 'Kindle Scribe' (ID: 1C38JFsUTRYHHimqlQwpoRka0Zi1QJKq6)
2026-07-10 07:40:07,092 INFO Found 0 w-termine files in folder
2026-07-10 07:40:07,092 INFO No new w-termine files found
2026-07-10 07:40:07,095 INFO === scribe_sync end ===
2026-07-10 07:50:01,538 INFO === scribe_sync start ===
2026-07-10 07:50:02,877 INFO MCP session initialized (id=2f70245a-ec2c-482e-8cec-bbb451445914)
2026-07-10 07:50:04,378 INFO Found folder 'Kindle Scribe' (ID: 1C38JFsUTRYHHimqlQwpoRka0Zi1QJKq6)
2026-07-10 07:50:05,857 INFO Found 0 w-termine files in folder
2026-07-10 07:50:05,857 INFO No new w-termine files found
2026-07-10 07:50:05,908 INFO === scribe_sync end ===
2026-07-10 08:00:01,658 INFO === scribe_sync start ===
2026-07-10 08:00:03,659 INFO MCP session initialized (id=86d9be66-5b91-4497-881d-557de512b8ec)
2026-07-10 08:00:06,728 INFO Found folder 'Kindle Scribe' (ID: 1C38JFsUTRYHHimqlQwpoRka0Zi1QJKq6)
2026-07-10 08:00:19,243 INFO Found 0 w-termine files in folder
2026-07-10 08:00:19,243 INFO No new w-termine files found
2026-07-10 08:00:19,245 INFO === scribe_sync end ===
2026-07-10 08:10:01,203 INFO === scribe_sync start ===
2026-07-10 08:10:03,055 INFO MCP session initialized (id=f554537e-878b-4491-9df3-f8007bdd2406)
2026-07-10 08:10:06,058 INFO Found folder 'Kindle Scribe' (ID: 1C38JFsUTRYHHimqlQwpoRka0Zi1QJKq6)
2026-07-10 08:10:07,411 INFO Found 0 w-termine files in folder
2026-07-10 08:10:07,411 INFO No new w-termine files found
2026-07-10 08:10:07,413 INFO === scribe_sync end ===
2026-07-10 08:20:01,989 INFO === scribe_sync start ===
2026-07-10 08:20:04,257 INFO MCP session initialized (id=e55518b8-d16f-42e3-88f7-f68d100545f2)
2026-07-10 08:20:05,690 INFO Found folder 'Kindle Scribe' (ID: 1C38JFsUTRYHHimqlQwpoRka0Zi1QJKq6)
2026-07-10 08:20:07,483 INFO Found 0 w-termine files in folder
2026-07-10 08:20:07,483 INFO No new w-termine files found
2026-07-10 08:20:07,485 INFO === scribe_sync end ===
2026-07-10 08:30:01,301 INFO === scribe_sync start ===
2026-07-10 08:30:02,958 INFO MCP session initialized (id=7998f184-fa29-4a76-a895-cf5c4ecb3ce6)
2026-07-10 08:30:04,892 INFO Found folder 'Kindle Scribe' (ID: 1C38JFsUTRYHHimqlQwpoRka0Zi1QJKq6)
2026-07-10 08:30:06,511 INFO Found 0 w-termine files in folder
2026-07-10 08:30:06,511 INFO No new w-termine files found
2026-07-10 08:30:06,515 INFO === scribe_sync end ===
2026-07-10 08:40:01,832 INFO === scribe_sync start ===
2026-07-10 08:40:03,491 INFO MCP session initialized (id=4377eaf3-58b8-4e1d-8386-89d4f91dd984)
2026-07-10 08:40:05,584 INFO Found folder 'Kindle Scribe' (ID: 1C38JFsUTRYHHimqlQwpoRka0Zi1QJKq6)
2026-07-10 08:40:07,260 INFO Found 0 w-termine files in folder
2026-07-10 08:40:07,261 INFO No new w-termine files found
2026-07-10 08:40:07,273 INFO === scribe_sync end ===
2026-07-10 08:50:01,463 INFO === scribe_sync start ===
2026-07-10 08:50:03,004 INFO MCP session initialized (id=619609e4-f959-4029-8643-0b0f3b4471c2)
2026-07-10 08:50:04,514 INFO Found folder 'Kindle Scribe' (ID: 1C38JFsUTRYHHimqlQwpoRka0Zi1QJKq6)
2026-07-10 08:50:05,986 INFO Found 0 w-termine files in folder
2026-07-10 08:50:05,986 INFO No new w-termine files found
2026-07-10 08:50:05,994 INFO === scribe_sync end ===
2026-07-10 09:00:01,714 INFO === scribe_sync start ===
2026-07-10 09:00:03,533 INFO MCP session initialized (id=5e2ab258-bd78-4a5d-8128-21fd3a353c27)
2026-07-10 09:00:05,540 INFO Found folder 'Kindle Scribe' (ID: 1C38JFsUTRYHHimqlQwpoRka0Zi1QJKq6)
2026-07-10 09:00:07,978 INFO Found 0 w-termine files in folder
2026-07-10 09:00:07,979 INFO No new w-termine files found
2026-07-10 09:00:07,984 INFO === scribe_sync end ===
2026-07-10 09:10:01,367 INFO === scribe_sync start ===
2026-07-10 09:10:02,881 INFO MCP session initialized (id=a8749d3d-5f0a-4392-821e-e6ee4eb03f1a)
2026-07-10 09:10:07,342 INFO Found folder 'Kindle Scribe' (ID: 1C38JFsUTRYHHimqlQwpoRka0Zi1QJKq6)
2026-07-10 09:10:08,770 INFO Found 0 w-termine files in folder
2026-07-10 09:10:08,771 INFO No new w-termine files found
2026-07-10 09:10:08,773 INFO === scribe_sync end ===
2026-07-10 09:20:01,555 INFO === scribe_sync start ===
2026-07-10 09:20:03,248 INFO MCP session initialized (id=fdbbcd80-af00-4ece-9e7d-821ec36885f2)
2026-07-10 09:20:05,028 INFO Found folder 'Kindle Scribe' (ID: 1C38JFsUTRYHHimqlQwpoRka0Zi1QJKq6)
2026-07-10 09:20:06,511 INFO Found 0 w-termine files in folder
2026-07-10 09:20:06,511 INFO No new w-termine files found
2026-07-10 09:20:06,513 INFO === scribe_sync end ===
2026-07-10 09:30:02,130 INFO === scribe_sync start ===
2026-07-10 09:30:16,708 INFO MCP session initialized (id=7ba9ce40-5b2a-45c0-9daf-d0a107e580d3)
2026-07-10 09:30:18,248 INFO Found folder 'Kindle Scribe' (ID: 1C38JFsUTRYHHimqlQwpoRka0Zi1QJKq6)
2026-07-10 09:30:19,562 INFO Found 0 w-termine files in folder
2026-07-10 09:30:19,562 INFO No new w-termine files found
2026-07-10 09:30:19,568 INFO === scribe_sync end ===
2026-07-10 09:40:02,018 INFO === scribe_sync start ===
2026-07-10 09:40:03,972 INFO MCP session initialized (id=8f532052-8a20-4056-bdd5-f1a47f100972)
2026-07-10 09:40:07,289 INFO Found folder 'Kindle Scribe' (ID: 1C38JFsUTRYHHimqlQwpoRka0Zi1QJKq6)
2026-07-10 09:40:08,576 INFO Found 0 w-termine files in folder
2026-07-10 09:40:08,577 INFO No new w-termine files found
2026-07-10 09:40:08,580 INFO === scribe_sync end ===
2026-07-10 09:50:01,851 INFO === scribe_sync start ===
2026-07-10 09:50:03,434 INFO MCP session initialized (id=1fb93b0f-cba9-4a49-9ad9-32595807cc40)
2026-07-10 09:50:05,142 INFO Found folder 'Kindle Scribe' (ID: 1C38JFsUTRYHHimqlQwpoRka0Zi1QJKq6)
2026-07-10 09:50:06,744 INFO Found 0 w-termine files in folder
2026-07-10 09:50:06,744 INFO No new w-termine files found
2026-07-10 09:50:06,779 INFO === scribe_sync end ===
2026-07-10 10:00:01,367 INFO === scribe_sync start ===
2026-07-10 10:00:06,975 INFO MCP session initialized (id=0ae10724-56e1-4115-bf57-83f8bfc482bd)
2026-07-10 10:00:09,610 INFO Found folder 'Kindle Scribe' (ID: 1C38JFsUTRYHHimqlQwpoRka0Zi1QJKq6)
2026-07-10 10:00:12,065 INFO Found 0 w-termine files in folder
2026-07-10 10:00:12,065 INFO No new w-termine files found
2026-07-10 10:00:12,068 INFO === scribe_sync end ===
2026-07-10 10:10:01,298 INFO === scribe_sync start ===
2026-07-10 10:10:02,992 INFO MCP session initialized (id=35a28fa4-173d-47d6-8693-ce7db822ddcf)
2026-07-10 10:10:04,733 INFO Found folder 'Kindle Scribe' (ID: 1C38JFsUTRYHHimqlQwpoRka0Zi1QJKq6)
2026-07-10 10:10:06,271 INFO Found 0 w-termine files in folder
2026-07-10 10:10:06,272 INFO No new w-termine files found
2026-07-10 10:10:06,274 INFO === scribe_sync end ===
2026-07-10 10:20:01,189 INFO === scribe_sync start ===
2026-07-10 10:20:02,618 INFO MCP session initialized (id=e1aa334c-6c23-4b18-aeca-8c7ca8c4d528)
2026-07-10 10:20:04,116 INFO Found folder 'Kindle Scribe' (ID: 1C38JFsUTRYHHimqlQwpoRka0Zi1QJKq6)
2026-07-10 10:20:05,586 INFO Found 0 w-termine files in folder
2026-07-10 10:20:05,587 INFO No new w-termine files found
2026-07-10 10:20:05,591 INFO === scribe_sync end ===
2026-07-10 10:30:01,243 INFO === scribe_sync start ===
2026-07-10 10:30:03,070 INFO MCP session initialized (id=4cf382a4-1b04-4fec-bde8-408b01b90121)
2026-07-10 10:30:04,613 INFO Found folder 'Kindle Scribe' (ID: 1C38JFsUTRYHHimqlQwpoRka0Zi1QJKq6)
2026-07-10 10:30:06,145 INFO Found 0 w-termine files in folder
2026-07-10 10:30:06,146 INFO No new w-termine files found
2026-07-10 10:30:06,147 INFO === scribe_sync end ===
2026-07-10 10:40:02,328 INFO === scribe_sync start ===
2026-07-10 10:40:04,094 INFO MCP session initialized (id=5afb1d03-7a35-4844-af76-bded2c66978c)
2026-07-10 10:40:05,576 INFO Found folder 'Kindle Scribe' (ID: 1C38JFsUTRYHHimqlQwpoRka0Zi1QJKq6)
2026-07-10 10:40:07,052 INFO Found 0 w-termine files in folder
2026-07-10 10:40:07,052 INFO No new w-termine files found
2026-07-10 10:40:07,060 INFO === scribe_sync end ===
2026-07-10 10:50:02,038 INFO === scribe_sync start ===
2026-07-10 10:50:03,676 INFO MCP session initialized (id=146fcaa8-2c1b-4d00-9422-84b2d10338f8)
2026-07-10 10:50:05,279 INFO Found folder 'Kindle Scribe' (ID: 1C38JFsUTRYHHimqlQwpoRka0Zi1QJKq6)
2026-07-10 10:50:06,529 INFO Found 0 w-termine files in folder
2026-07-10 10:50:06,530 INFO No new w-termine files found
2026-07-10 10:50:06,531 INFO === scribe_sync end ===
2026-07-10 11:00:01,815 INFO === scribe_sync start ===
2026-07-10 11:00:03,598 INFO MCP session initialized (id=7ff472da-8cdb-4d7d-81a0-492db8a4dc3c)
2026-07-10 11:00:06,524 INFO Found folder 'Kindle Scribe' (ID: 1C38JFsUTRYHHimqlQwpoRka0Zi1QJKq6)
2026-07-10 11:00:08,992 INFO Found 0 w-termine files in folder
2026-07-10 11:00:08,992 INFO No new w-termine files found
2026-07-10 11:00:08,995 INFO === scribe_sync end ===
2026-07-10 11:10:01,847 INFO === scribe_sync start ===
2026-07-10 11:10:03,193 INFO MCP session initialized (id=55085af0-a5a8-4944-80e2-b76ebea053d1)
2026-07-10 11:10:05,638 INFO Found folder 'Kindle Scribe' (ID: 1C38JFsUTRYHHimqlQwpoRka0Zi1QJKq6)
2026-07-10 11:10:07,085 INFO Found 0 w-termine files in folder
2026-07-10 11:10:07,086 INFO No new w-termine files found
2026-07-10 11:10:07,088 INFO === scribe_sync end ===
2026-07-10 11:20:01,661 INFO === scribe_sync start ===
2026-07-10 11:20:03,323 INFO MCP session initialized (id=b78db5c8-6022-49ce-ad2f-e270ba30dc25)
2026-07-10 11:20:05,174 INFO Found folder 'Kindle Scribe' (ID: 1C38JFsUTRYHHimqlQwpoRka0Zi1QJKq6)
2026-07-10 11:20:06,527 INFO Found 0 w-termine files in folder
2026-07-10 11:20:06,528 INFO No new w-termine files found
2026-07-10 11:20:06,533 INFO === scribe_sync end ===
2026-07-10 11:30:01,831 INFO === scribe_sync start ===
2026-07-10 11:30:03,384 INFO MCP session initialized (id=7b2e62a1-26ae-4831-bf06-69f1ec5a582e)
2026-07-10 11:30:05,157 INFO Found folder 'Kindle Scribe' (ID: 1C38JFsUTRYHHimqlQwpoRka0Zi1QJKq6)
2026-07-10 11:30:06,973 INFO Found 0 w-termine files in folder
2026-07-10 11:30:06,974 INFO No new w-termine files found
2026-07-10 11:30:06,991 INFO === scribe_sync end ===
2026-07-10 11:40:01,349 INFO === scribe_sync start ===
2026-07-10 11:40:02,819 INFO MCP session initialized (id=d38d9c76-58fa-4072-aa49-2ff7e80d94fa)
2026-07-10 11:40:04,616 INFO Found folder 'Kindle Scribe' (ID: 1C38JFsUTRYHHimqlQwpoRka0Zi1QJKq6)
2026-07-10 11:40:05,953 INFO Found 0 w-termine files in folder
2026-07-10 11:40:05,953 INFO No new w-termine files found
2026-07-10 11:40:05,958 INFO === scribe_sync end ===
2026-07-10 11:50:01,164 INFO === scribe_sync start ===
2026-07-10 11:50:02,442 INFO MCP session initialized (id=d0bc4076-37a1-4f23-b911-c2d795e99108)
2026-07-10 11:50:03,834 INFO Found folder 'Kindle Scribe' (ID: 1C38JFsUTRYHHimqlQwpoRka0Zi1QJKq6)
2026-07-10 11:50:05,154 INFO Found 0 w-termine files in folder
2026-07-10 11:50:05,155 INFO No new w-termine files found
2026-07-10 11:50:05,157 INFO === scribe_sync end ===
2026-07-10 12:00:01,766 INFO === scribe_sync start ===
2026-07-10 12:00:03,496 INFO MCP session initialized (id=be5a3cda-d961-4faf-900c-f5ef186df172)
2026-07-10 12:00:06,700 INFO Found folder 'Kindle Scribe' (ID: 1C38JFsUTRYHHimqlQwpoRka0Zi1QJKq6)
2026-07-10 12:00:08,702 INFO Found 0 w-termine files in folder
2026-07-10 12:00:08,703 INFO No new w-termine files found
2026-07-10 12:00:08,707 INFO === scribe_sync end ===
2026-07-10 12:10:02,039 INFO === scribe_sync start ===
2026-07-10 12:10:03,440 INFO MCP session initialized (id=2ded1685-9c3f-432d-8b7c-418c5cd48fbb)
2026-07-10 12:10:05,374 INFO Found folder 'Kindle Scribe' (ID: 1C38JFsUTRYHHimqlQwpoRka0Zi1QJKq6)
2026-07-10 12:10:06,785 INFO Found 0 w-termine files in folder
2026-07-10 12:10:06,785 INFO No new w-termine files found
2026-07-10 12:10:06,795 INFO === scribe_sync end ===
2026-07-10 12:20:02,022 INFO === scribe_sync start ===
2026-07-10 12:20:03,753 INFO MCP session initialized (id=9323a557-cce1-4f25-b16b-61c8cade6e1b)
2026-07-10 12:20:05,195 INFO Found folder 'Kindle Scribe' (ID: 1C38JFsUTRYHHimqlQwpoRka0Zi1QJKq6)
2026-07-10 12:20:06,513 INFO Found 0 w-termine files in folder
2026-07-10 12:20:06,514 INFO No new w-termine files found
2026-07-10 12:20:06,519 INFO === scribe_sync end ===
2026-07-10 12:30:01,737 INFO === scribe_sync start ===
2026-07-10 12:30:03,514 INFO MCP session initialized (id=d9790185-42e1-44ca-a617-16b8f233aa80)
2026-07-10 12:30:05,578 INFO Found folder 'Kindle Scribe' (ID: 1C38JFsUTRYHHimqlQwpoRka0Zi1QJKq6)
2026-07-10 12:30:07,709 INFO Found 0 w-termine files in folder
2026-07-10 12:30:07,709 INFO No new w-termine files found
2026-07-10 12:30:07,712 INFO === scribe_sync end ===
2026-07-10 12:40:01,633 INFO === scribe_sync start ===
2026-07-10 12:40:03,180 INFO MCP session initialized (id=dadf0ffc-5afb-4a38-8a6c-89116d717a0e)
2026-07-10 12:40:06,277 INFO Found folder 'Kindle Scribe' (ID: 1C38JFsUTRYHHimqlQwpoRka0Zi1QJKq6)
2026-07-10 12:40:07,801 INFO Found 0 w-termine files in folder
2026-07-10 12:40:07,802 INFO No new w-termine files found
2026-07-10 12:40:07,805 INFO === scribe_sync end ===
2026-07-10 12:50:01,334 INFO === scribe_sync start ===
2026-07-10 12:50:02,863 INFO MCP session initialized (id=9f77d2af-5c0f-431a-84b7-a08a47d92184)
2026-07-10 12:50:05,435 INFO Found folder 'Kindle Scribe' (ID: 1C38JFsUTRYHHimqlQwpoRka0Zi1QJKq6)
2026-07-10 12:50:06,938 INFO Found 0 w-termine files in folder
2026-07-10 12:50:06,939 INFO No new w-termine files found
2026-07-10 12:50:06,940 INFO === scribe_sync end ===
2026-07-10 13:00:01,350 INFO === scribe_sync start ===
2026-07-10 13:00:03,504 INFO MCP session initialized (id=dcf38d60-581c-49c6-83d7-4073a83da63d)
2026-07-10 13:00:05,886 INFO Found folder 'Kindle Scribe' (ID: 1C38JFsUTRYHHimqlQwpoRka0Zi1QJKq6)
2026-07-10 13:00:08,742 INFO Found 0 w-termine files in folder
2026-07-10 13:00:08,742 INFO No new w-termine files found
2026-07-10 13:00:08,744 INFO === scribe_sync end ===
2026-07-10 13:10:01,563 INFO === scribe_sync start ===
2026-07-10 13:10:03,032 INFO MCP session initialized (id=ad6ebf51-db3f-4a96-9e59-9ca905208c69)
2026-07-10 13:10:04,438 INFO Found folder 'Kindle Scribe' (ID: 1C38JFsUTRYHHimqlQwpoRka0Zi1QJKq6)
2026-07-10 13:10:05,843 INFO Found 0 w-termine files in folder
2026-07-10 13:10:05,844 INFO No new w-termine files found
2026-07-10 13:10:05,846 INFO === scribe_sync end ===
2026-07-10 13:20:01,234 INFO === scribe_sync start ===
2026-07-10 13:20:03,194 INFO MCP session initialized (id=0bdf1f7f-7859-46bf-8120-a29ea401f6ca)
2026-07-10 13:20:06,389 INFO Found folder 'Kindle Scribe' (ID: 1C38JFsUTRYHHimqlQwpoRka0Zi1QJKq6)
2026-07-10 13:20:07,847 INFO Found 0 w-termine files in folder
2026-07-10 13:20:07,848 INFO No new w-termine files found
2026-07-10 13:20:07,852 INFO === scribe_sync end ===
2026-07-10 13:30:02,188 INFO === scribe_sync start ===
2026-07-10 13:30:04,001 INFO MCP session initialized (id=3e1d3dfb-b606-435a-9e08-e9e8f24cbad0)
2026-07-10 13:30:11,074 INFO Found folder 'Kindle Scribe' (ID: 1C38JFsUTRYHHimqlQwpoRka0Zi1QJKq6)
2026-07-10 13:30:12,584 INFO Found 0 w-termine files in folder
2026-07-10 13:30:12,584 INFO No new w-termine files found
2026-07-10 13:30:12,585 INFO === scribe_sync end ===
2026-07-10 13:40:01,618 INFO === scribe_sync start ===
2026-07-10 13:40:02,958 INFO MCP session initialized (id=1dd28221-cc1c-4460-b966-1fc025e32285)
2026-07-10 13:40:04,815 INFO Found folder 'Kindle Scribe' (ID: 1C38JFsUTRYHHimqlQwpoRka0Zi1QJKq6)
2026-07-10 13:40:06,194 INFO Found 0 w-termine files in folder
2026-07-10 13:40:06,195 INFO No new w-termine files found
2026-07-10 13:40:06,196 INFO === scribe_sync end ===
2026-07-10 13:50:01,627 INFO === scribe_sync start ===
2026-07-10 13:50:03,076 INFO MCP session initialized (id=f1d551a3-20b4-411e-835a-0fd7d3e726df)
2026-07-10 13:50:04,712 INFO Found folder 'Kindle Scribe' (ID: 1C38JFsUTRYHHimqlQwpoRka0Zi1QJKq6)
2026-07-10 13:50:06,234 INFO Found 0 w-termine files in folder
2026-07-10 13:50:06,234 INFO No new w-termine files found
2026-07-10 13:50:06,236 INFO === scribe_sync end ===
2026-07-10 14:00:01,170 INFO === scribe_sync start ===
2026-07-10 14:00:03,028 INFO MCP session initialized (id=c5dd50cd-7004-41ca-81aa-970a4a4e36f8)
2026-07-10 14:00:07,301 INFO Found folder 'Kindle Scribe' (ID: 1C38JFsUTRYHHimqlQwpoRka0Zi1QJKq6)
2026-07-10 14:00:11,060 INFO Found 0 w-termine files in folder
2026-07-10 14:00:11,060 INFO No new w-termine files found
2026-07-10 14:00:11,062 INFO === scribe_sync end ===
2026-07-10 14:10:02,046 INFO === scribe_sync start ===
2026-07-10 14:10:03,632 INFO MCP session initialized (id=15405d04-6d31-49f1-8f58-cde18e9a9feb)
2026-07-10 14:10:05,833 INFO Found folder 'Kindle Scribe' (ID: 1C38JFsUTRYHHimqlQwpoRka0Zi1QJKq6)
2026-07-10 14:10:07,345 INFO Found 0 w-termine files in folder
2026-07-10 14:10:07,351 INFO No new w-termine files found
2026-07-10 14:10:07,359 INFO === scribe_sync end ===
2026-07-10 14:20:01,737 INFO === scribe_sync start ===
2026-07-10 14:20:03,544 INFO MCP session initialized (id=cd9f928c-bd1b-4961-b009-8ffa12b20a31)
2026-07-10 14:20:05,199 INFO Found folder 'Kindle Scribe' (ID: 1C38JFsUTRYHHimqlQwpoRka0Zi1QJKq6)
2026-07-10 14:20:06,872 INFO Found 0 w-termine files in folder
2026-07-10 14:20:06,872 INFO No new w-termine files found
2026-07-10 14:20:06,874 INFO === scribe_sync end ===
2026-07-10 14:30:01,156 INFO === scribe_sync start ===
2026-07-10 14:30:02,869 INFO MCP session initialized (id=9342bebe-fd5e-49fa-b575-78f107cb532e)
2026-07-10 14:30:04,892 INFO Found folder 'Kindle Scribe' (ID: 1C38JFsUTRYHHimqlQwpoRka0Zi1QJKq6)
2026-07-10 14:30:08,997 INFO Found 0 w-termine files in folder
2026-07-10 14:30:08,998 INFO No new w-termine files found
2026-07-10 14:30:09,006 INFO === scribe_sync end ===
2026-07-10 14:40:02,151 INFO === scribe_sync start ===
2026-07-10 14:40:03,786 INFO MCP session initialized (id=c6196fc3-e922-4f80-a20c-344717c975de)
2026-07-10 14:40:05,293 INFO Found folder 'Kindle Scribe' (ID: 1C38JFsUTRYHHimqlQwpoRka0Zi1QJKq6)
2026-07-10 14:40:06,607 INFO Found 0 w-termine files in folder
2026-07-10 14:40:06,607 INFO No new w-termine files found
2026-07-10 14:40:06,609 INFO === scribe_sync end ===
2026-07-10 14:50:01,340 INFO === scribe_sync start ===
2026-07-10 14:50:02,814 INFO MCP session initialized (id=1fb769f5-52f6-4b4d-9918-37708bfc520d)
2026-07-10 14:50:04,323 INFO Found folder 'Kindle Scribe' (ID: 1C38JFsUTRYHHimqlQwpoRka0Zi1QJKq6)
2026-07-10 14:50:05,897 INFO Found 0 w-termine files in folder
2026-07-10 14:50:05,897 INFO No new w-termine files found
2026-07-10 14:50:05,899 INFO === scribe_sync end ===
2026-07-10 15:00:01,603 INFO === scribe_sync start ===
2026-07-10 15:00:03,545 INFO MCP session initialized (id=d9e231aa-85f6-4b2c-9a69-543622745127)
2026-07-10 15:00:07,423 INFO Found folder 'Kindle Scribe' (ID: 1C38JFsUTRYHHimqlQwpoRka0Zi1QJKq6)
2026-07-10 15:00:11,203 INFO Found 0 w-termine files in folder
2026-07-10 15:00:11,203 INFO No new w-termine files found
2026-07-10 15:00:11,205 INFO === scribe_sync end ===
2026-07-10 15:10:02,174 INFO === scribe_sync start ===
2026-07-10 15:10:03,741 INFO MCP session initialized (id=8ad5193d-7623-4ead-ad56-86eafc7e8361)
2026-07-10 15:10:05,111 INFO Found folder 'Kindle Scribe' (ID: 1C38JFsUTRYHHimqlQwpoRka0Zi1QJKq6)
2026-07-10 15:10:06,768 INFO Found 0 w-termine files in folder
2026-07-10 15:10:06,768 INFO No new w-termine files found
2026-07-10 15:10:06,774 INFO === scribe_sync end ===
2026-07-10 15:20:01,417 INFO === scribe_sync start ===
2026-07-10 15:20:02,759 INFO MCP session initialized (id=b5267ffa-7e70-4c9a-b0aa-3a21511a84e4)
2026-07-10 15:20:04,683 INFO Found folder 'Kindle Scribe' (ID: 1C38JFsUTRYHHimqlQwpoRka0Zi1QJKq6)
2026-07-10 15:20:07,420 INFO Found 0 w-termine files in folder
2026-07-10 15:20:07,420 INFO No new w-termine files found
2026-07-10 15:20:07,423 INFO === scribe_sync end ===
2026-07-10 15:30:01,877 INFO === scribe_sync start ===
2026-07-10 15:30:04,634 INFO MCP session initialized (id=05201888-8092-4e88-86ee-744560d23bfe)
2026-07-10 15:30:07,489 INFO Found folder 'Kindle Scribe' (ID: 1C38JFsUTRYHHimqlQwpoRka0Zi1QJKq6)
2026-07-10 15:30:08,849 INFO Found 0 w-termine files in folder
2026-07-10 15:30:08,849 INFO No new w-termine files found
2026-07-10 15:30:08,853 INFO === scribe_sync end ===
2026-07-10 15:40:02,091 INFO === scribe_sync start ===
2026-07-10 15:40:03,620 INFO MCP session initialized (id=51ed3626-3050-4062-aacf-b44000651cdb)
2026-07-10 15:40:05,430 INFO Found folder 'Kindle Scribe' (ID: 1C38JFsUTRYHHimqlQwpoRka0Zi1QJKq6)
2026-07-10 15:40:07,144 INFO Found 0 w-termine files in folder
2026-07-10 15:40:07,144 INFO No new w-termine files found
2026-07-10 15:40:07,146 INFO === scribe_sync end ===
2026-07-10 15:50:02,393 INFO === scribe_sync start ===
2026-07-10 15:50:03,847 INFO MCP session initialized (id=b7feaf43-3fec-42b7-8c22-837f9de1b3b1)
2026-07-10 15:50:05,344 INFO Found folder 'Kindle Scribe' (ID: 1C38JFsUTRYHHimqlQwpoRka0Zi1QJKq6)
2026-07-10 15:50:07,116 INFO Found 0 w-termine files in folder
2026-07-10 15:50:07,116 INFO No new w-termine files found
2026-07-10 15:50:07,118 INFO === scribe_sync end ===
2026-07-10 16:00:02,396 INFO === scribe_sync start ===
2026-07-10 16:00:04,457 INFO MCP session initialized (id=c0b2cb75-29af-4a36-8c69-31f8819c4f33)
2026-07-10 16:00:07,892 INFO Found folder 'Kindle Scribe' (ID: 1C38JFsUTRYHHimqlQwpoRka0Zi1QJKq6)
2026-07-10 16:00:11,189 INFO Found 0 w-termine files in folder
2026-07-10 16:00:11,189 INFO No new w-termine files found
2026-07-10 16:00:11,191 INFO === scribe_sync end ===
2026-07-10 16:10:02,215 INFO === scribe_sync start ===
2026-07-10 16:10:03,929 INFO MCP session initialized (id=fd824ef7-1c73-47a6-881d-5732f1319c75)
2026-07-10 16:10:05,704 INFO Found folder 'Kindle Scribe' (ID: 1C38JFsUTRYHHimqlQwpoRka0Zi1QJKq6)
2026-07-10 16:10:08,057 INFO Found 0 w-termine files in folder
2026-07-10 16:10:08,057 INFO No new w-termine files found
2026-07-10 16:10:08,061 INFO === scribe_sync end ===
2026-07-10 16:20:02,037 INFO === scribe_sync start ===
2026-07-10 16:20:44,908 INFO MCP session initialized (id=7954462a-e8b8-46f4-8aab-181e82b2c9d8)
2026-07-10 16:20:46,815 INFO Found folder 'Kindle Scribe' (ID: 1C38JFsUTRYHHimqlQwpoRka0Zi1QJKq6)
2026-07-10 16:20:48,360 INFO Found 0 w-termine files in folder
2026-07-10 16:20:48,361 INFO No new w-termine files found
2026-07-10 16:20:48,365 INFO === scribe_sync end ===
2026-07-10 16:30:01,568 INFO === scribe_sync start ===
2026-07-10 16:30:03,276 INFO MCP session initialized (id=22db19fa-c9d3-4bd2-a919-57ab10b251d0)
2026-07-10 16:30:05,846 INFO Found folder 'Kindle Scribe' (ID: 1C38JFsUTRYHHimqlQwpoRka0Zi1QJKq6)
2026-07-10 16:30:07,297 INFO Found 0 w-termine files in folder
2026-07-10 16:30:07,298 INFO No new w-termine files found
2026-07-10 16:30:07,300 INFO === scribe_sync end ===
2026-07-10 16:40:01,620 INFO === scribe_sync start ===
2026-07-10 16:40:03,048 INFO MCP session initialized (id=a59ce400-08a1-4898-aac5-788f296400ac)
2026-07-10 16:40:04,649 INFO Found folder 'Kindle Scribe' (ID: 1C38JFsUTRYHHimqlQwpoRka0Zi1QJKq6)
2026-07-10 16:40:06,066 INFO Found 0 w-termine files in folder
2026-07-10 16:40:06,067 INFO No new w-termine files found
2026-07-10 16:40:06,068 INFO === scribe_sync end ===
2026-07-10 16:50:02,181 INFO === scribe_sync start ===
2026-07-10 16:50:05,068 INFO MCP session initialized (id=e406f76d-4864-421f-b389-a1065758fa6d)
2026-07-10 16:50:06,637 INFO Found folder 'Kindle Scribe' (ID: 1C38JFsUTRYHHimqlQwpoRka0Zi1QJKq6)
2026-07-10 16:50:08,343 INFO Found 0 w-termine files in folder
2026-07-10 16:50:08,344 INFO No new w-termine files found
2026-07-10 16:50:08,347 INFO === scribe_sync end ===
2026-07-10 17:00:02,024 INFO === scribe_sync start ===
2026-07-10 17:00:04,146 INFO MCP session initialized (id=664391cf-90e2-481f-99b2-9eab2050ca8b)
2026-07-10 17:00:06,878 INFO Found folder 'Kindle Scribe' (ID: 1C38JFsUTRYHHimqlQwpoRka0Zi1QJKq6)
2026-07-10 17:00:08,955 INFO Found 0 w-termine files in folder
2026-07-10 17:00:08,956 INFO No new w-termine files found
2026-07-10 17:00:08,958 INFO === scribe_sync end ===
2026-07-10 17:10:01,935 INFO === scribe_sync start ===
2026-07-10 17:10:03,455 INFO MCP session initialized (id=1b5f0077-9e52-48e8-a6cf-67e46077660b)
2026-07-10 17:10:04,970 INFO Found folder 'Kindle Scribe' (ID: 1C38JFsUTRYHHimqlQwpoRka0Zi1QJKq6)
2026-07-10 17:10:06,520 INFO Found 0 w-termine files in folder
2026-07-10 17:10:06,520 INFO No new w-termine files found
2026-07-10 17:10:06,522 INFO === scribe_sync end ===
2026-07-10 17:20:02,058 INFO === scribe_sync start ===
2026-07-10 17:20:04,027 INFO MCP session initialized (id=cee609eb-b3f5-4a89-9382-453a884a12a8)
2026-07-10 17:20:05,594 INFO Found folder 'Kindle Scribe' (ID: 1C38JFsUTRYHHimqlQwpoRka0Zi1QJKq6)
2026-07-10 17:20:07,077 INFO Found 0 w-termine files in folder
2026-07-10 17:20:07,078 INFO No new w-termine files found
2026-07-10 17:20:07,080 INFO === scribe_sync end ===
2026-07-10 17:30:01,881 INFO === scribe_sync start ===
2026-07-10 17:30:03,554 INFO MCP session initialized (id=8b72de95-c727-47c6-b860-20045f7efce4)
2026-07-10 17:30:05,578 INFO Found folder 'Kindle Scribe' (ID: 1C38JFsUTRYHHimqlQwpoRka0Zi1QJKq6)
2026-07-10 17:30:08,996 INFO Found 0 w-termine files in folder
2026-07-10 17:30:08,996 INFO No new w-termine files found
2026-07-10 17:30:09,001 INFO === scribe_sync end ===
2026-07-10 17:40:02,319 INFO === scribe_sync start ===
2026-07-10 17:40:03,989 INFO MCP session initialized (id=0321c464-2b0f-40e6-9fc0-9a2fb9f964a2)
2026-07-10 17:40:05,478 INFO Found folder 'Kindle Scribe' (ID: 1C38JFsUTRYHHimqlQwpoRka0Zi1QJKq6)
2026-07-10 17:40:06,871 INFO Found 0 w-termine files in folder
2026-07-10 17:40:06,872 INFO No new w-termine files found
2026-07-10 17:40:06,873 INFO === scribe_sync end ===
2026-07-10 17:50:01,560 INFO === scribe_sync start ===
2026-07-10 17:50:03,463 INFO MCP session initialized (id=057dc539-8bc4-4231-a05e-a223f8bf6d95)
2026-07-10 17:50:05,292 INFO Found folder 'Kindle Scribe' (ID: 1C38JFsUTRYHHimqlQwpoRka0Zi1QJKq6)
2026-07-10 17:50:06,664 INFO Found 0 w-termine files in folder
2026-07-10 17:50:06,664 INFO No new w-termine files found
2026-07-10 17:50:06,678 INFO === scribe_sync end ===
2026-07-10 18:00:01,726 INFO === scribe_sync start ===
2026-07-10 18:00:03,431 INFO MCP session initialized (id=15e73d23-b35e-471b-a53b-79b2ad1289c5)
2026-07-10 18:00:06,726 INFO Found folder 'Kindle Scribe' (ID: 1C38JFsUTRYHHimqlQwpoRka0Zi1QJKq6)
2026-07-10 18:00:10,054 INFO Found 0 w-termine files in folder
2026-07-10 18:00:10,055 INFO No new w-termine files found
2026-07-10 18:00:10,057 INFO === scribe_sync end ===
2026-07-10 18:10:02,018 INFO === scribe_sync start ===
2026-07-10 18:10:03,561 INFO MCP session initialized (id=fb301b15-2a38-4157-8cf0-dc0c47571f8e)
2026-07-10 18:10:06,219 INFO Found folder 'Kindle Scribe' (ID: 1C38JFsUTRYHHimqlQwpoRka0Zi1QJKq6)
2026-07-10 18:10:07,607 INFO Found 0 w-termine files in folder
2026-07-10 18:10:07,607 INFO No new w-termine files found
2026-07-10 18:10:07,610 INFO === scribe_sync end ===
2026-07-10 18:20:01,784 INFO === scribe_sync start ===
2026-07-10 18:20:03,703 INFO MCP session initialized (id=79853b95-2173-4d91-80ff-8d809f457c2b)
2026-07-10 18:20:05,430 INFO Found folder 'Kindle Scribe' (ID: 1C38JFsUTRYHHimqlQwpoRka0Zi1QJKq6)
2026-07-10 18:20:07,760 INFO Found 0 w-termine files in folder
2026-07-10 18:20:07,761 INFO No new w-termine files found
2026-07-10 18:20:07,764 INFO === scribe_sync end ===
2026-07-10 18:30:02,005 INFO === scribe_sync start ===
2026-07-10 18:30:03,620 INFO MCP session initialized (id=8b4fd31c-0c64-4842-b050-74fb429c0712)
2026-07-10 18:30:05,860 INFO Found folder 'Kindle Scribe' (ID: 1C38JFsUTRYHHimqlQwpoRka0Zi1QJKq6)
2026-07-10 18:30:07,463 INFO Found 0 w-termine files in folder
2026-07-10 18:30:07,463 INFO No new w-termine files found
2026-07-10 18:30:07,465 INFO === scribe_sync end ===
2026-07-10 18:40:01,357 INFO === scribe_sync start ===
2026-07-10 18:40:03,013 INFO MCP session initialized (id=eb6ed09e-fdba-4e9a-810f-6dd8c498566a)
2026-07-10 18:40:05,350 INFO Found folder 'Kindle Scribe' (ID: 1C38JFsUTRYHHimqlQwpoRka0Zi1QJKq6)
2026-07-10 18:40:06,723 INFO Found 0 w-termine files in folder
2026-07-10 18:40:06,723 INFO No new w-termine files found
2026-07-10 18:40:06,725 INFO === scribe_sync end ===
2026-07-10 18:50:01,543 INFO === scribe_sync start ===
2026-07-10 18:50:03,075 INFO MCP session initialized (id=fbaed70c-35ca-440e-b080-395d887564c3)
2026-07-10 18:50:04,933 INFO Found folder 'Kindle Scribe' (ID: 1C38JFsUTRYHHimqlQwpoRka0Zi1QJKq6)
2026-07-10 18:50:06,231 INFO Found 0 w-termine files in folder
2026-07-10 18:50:06,232 INFO No new w-termine files found
2026-07-10 18:50:06,234 INFO === scribe_sync end ===
2026-07-10 19:00:01,462 INFO === scribe_sync start ===
2026-07-10 19:00:03,676 INFO MCP session initialized (id=4565db6e-9fff-404d-9c33-381a60fe32d8)
2026-07-10 19:00:06,606 INFO Found folder 'Kindle Scribe' (ID: 1C38JFsUTRYHHimqlQwpoRka0Zi1QJKq6)
2026-07-10 19:00:08,658 INFO Found 0 w-termine files in folder
2026-07-10 19:00:08,658 INFO No new w-termine files found
2026-07-10 19:00:08,660 INFO === scribe_sync end ===
2026-07-10 19:10:01,840 INFO === scribe_sync start ===
2026-07-10 19:10:03,209 INFO MCP session initialized (id=a6a1700e-97a7-4db3-973a-76a382f63378)
2026-07-10 19:10:04,786 INFO Found folder 'Kindle Scribe' (ID: 1C38JFsUTRYHHimqlQwpoRka0Zi1QJKq6)
2026-07-10 19:10:06,590 INFO Found 0 w-termine files in folder
2026-07-10 19:10:06,590 INFO No new w-termine files found
2026-07-10 19:10:06,595 INFO === scribe_sync end ===
2026-07-10 19:20:01,976 INFO === scribe_sync start ===
2026-07-10 19:20:03,943 INFO MCP session initialized (id=63025564-6006-4fb9-bcbe-6677ebfeb1f4)
2026-07-10 19:20:05,380 INFO Found folder 'Kindle Scribe' (ID: 1C38JFsUTRYHHimqlQwpoRka0Zi1QJKq6)
2026-07-10 19:20:07,079 INFO Found 0 w-termine files in folder
2026-07-10 19:20:07,079 INFO No new w-termine files found
2026-07-10 19:20:07,106 INFO === scribe_sync end ===
2026-07-10 19:30:01,967 INFO === scribe_sync start ===
2026-07-10 19:30:04,148 INFO MCP session initialized (id=9d4630e0-b3fa-403b-b2b6-45bab625b206)
2026-07-10 19:30:06,180 INFO Found folder 'Kindle Scribe' (ID: 1C38JFsUTRYHHimqlQwpoRka0Zi1QJKq6)
2026-07-10 19:30:07,695 INFO Found 0 w-termine files in folder
2026-07-10 19:30:07,696 INFO No new w-termine files found
2026-07-10 19:30:07,763 INFO === scribe_sync end ===
2026-07-10 19:40:01,767 INFO === scribe_sync start ===
2026-07-10 19:40:03,341 INFO MCP session initialized (id=a5eca83e-90f2-4fad-b490-860fe1d4b170)
2026-07-10 19:40:04,826 INFO Found folder 'Kindle Scribe' (ID: 1C38JFsUTRYHHimqlQwpoRka0Zi1QJKq6)
2026-07-10 19:40:06,298 INFO Found 0 w-termine files in folder
2026-07-10 19:40:06,301 INFO No new w-termine files found
2026-07-10 19:40:06,307 INFO === scribe_sync end ===
2026-07-10 19:50:01,786 INFO === scribe_sync start ===
2026-07-10 19:50:04,014 INFO MCP session initialized (id=444698e6-aac1-4431-a99e-5653c6b418e7)
2026-07-10 19:50:06,838 INFO Found folder 'Kindle Scribe' (ID: 1C38JFsUTRYHHimqlQwpoRka0Zi1QJKq6)
2026-07-10 19:50:08,417 INFO Found 0 w-termine files in folder
2026-07-10 19:50:08,418 INFO No new w-termine files found
2026-07-10 19:50:08,420 INFO === scribe_sync end ===
2026-07-10 20:00:01,279 INFO === scribe_sync start ===
2026-07-10 20:00:02,894 INFO MCP session initialized (id=30b7c652-7201-4c02-bbcf-b780eda36a9f)
2026-07-10 20:00:06,343 INFO Found folder 'Kindle Scribe' (ID: 1C38JFsUTRYHHimqlQwpoRka0Zi1QJKq6)
2026-07-10 20:00:08,934 INFO Found 0 w-termine files in folder
2026-07-10 20:00:08,934 INFO No new w-termine files found
2026-07-10 20:00:08,938 INFO === scribe_sync end ===
2026-07-10 20:10:02,596 INFO === scribe_sync start ===
2026-07-10 20:10:04,335 INFO MCP session initialized (id=7349ee28-bf6a-420e-9fc6-3e09c5d149e3)
2026-07-10 20:10:05,875 INFO Found folder 'Kindle Scribe' (ID: 1C38JFsUTRYHHimqlQwpoRka0Zi1QJKq6)
2026-07-10 20:10:07,277 INFO Found 0 w-termine files in folder
2026-07-10 20:10:07,277 INFO No new w-termine files found
2026-07-10 20:10:07,295 INFO === scribe_sync end ===
2026-07-10 20:20:01,186 INFO === scribe_sync start ===
2026-07-10 20:20:03,005 INFO MCP session initialized (id=a9103404-0333-40b2-845c-d092c6a9423a)
2026-07-10 20:20:04,677 INFO Found folder 'Kindle Scribe' (ID: 1C38JFsUTRYHHimqlQwpoRka0Zi1QJKq6)
2026-07-10 20:20:06,315 INFO Found 0 w-termine files in folder
2026-07-10 20:20:06,315 INFO No new w-termine files found
2026-07-10 20:20:06,317 INFO === scribe_sync end ===
2026-07-10 20:30:01,734 INFO === scribe_sync start ===
2026-07-10 20:30:03,276 INFO MCP session initialized (id=e4602d4d-b319-48a8-a856-85aee4f1a780)
2026-07-10 20:30:05,414 INFO Found folder 'Kindle Scribe' (ID: 1C38JFsUTRYHHimqlQwpoRka0Zi1QJKq6)
2026-07-10 20:30:06,883 INFO Found 0 w-termine files in folder
2026-07-10 20:30:06,883 INFO No new w-termine files found
2026-07-10 20:30:06,885 INFO === scribe_sync end ===
2026-07-10 20:40:01,931 INFO === scribe_sync start ===
2026-07-10 20:40:03,857 INFO MCP session initialized (id=403aa724-f899-4964-ba8f-bbbee6503599)
2026-07-10 20:40:05,228 INFO Found folder 'Kindle Scribe' (ID: 1C38JFsUTRYHHimqlQwpoRka0Zi1QJKq6)
2026-07-10 20:40:06,717 INFO Found 0 w-termine files in folder
2026-07-10 20:40:06,717 INFO No new w-termine files found
2026-07-10 20:40:06,722 INFO === scribe_sync end ===
2026-07-10 20:50:02,146 INFO === scribe_sync start ===
2026-07-10 20:50:04,597 INFO MCP session initialized (id=ac83b2e4-1e6f-4c54-8a4b-cf98d3b8e75f)
2026-07-10 20:50:06,163 INFO Found folder 'Kindle Scribe' (ID: 1C38JFsUTRYHHimqlQwpoRka0Zi1QJKq6)
2026-07-10 20:50:07,578 INFO Found 0 w-termine files in folder
2026-07-10 20:50:07,578 INFO No new w-termine files found
2026-07-10 20:50:07,580 INFO === scribe_sync end ===
2026-07-10 21:00:02,466 INFO === scribe_sync start ===
2026-07-10 21:00:05,353 INFO MCP session initialized (id=8db47973-b83c-4706-88fd-5d46598f2c17)
2026-07-10 21:00:07,883 INFO Found folder 'Kindle Scribe' (ID: 1C38JFsUTRYHHimqlQwpoRka0Zi1QJKq6)
2026-07-10 21:00:10,655 INFO Found 0 w-termine files in folder
2026-07-10 21:00:10,655 INFO No new w-termine files found
2026-07-10 21:00:10,657 INFO === scribe_sync end ===
2026-07-10 21:10:01,914 INFO === scribe_sync start ===
2026-07-10 21:10:03,663 INFO MCP session initialized (id=15bb1b8c-f266-48c4-8277-aa12110762d6)
2026-07-10 21:10:05,800 INFO Found folder 'Kindle Scribe' (ID: 1C38JFsUTRYHHimqlQwpoRka0Zi1QJKq6)
2026-07-10 21:10:07,175 INFO Found 0 w-termine files in folder
2026-07-10 21:10:07,175 INFO No new w-termine files found
2026-07-10 21:10:07,179 INFO === scribe_sync end ===
2026-07-10 21:20:01,877 INFO === scribe_sync start ===
2026-07-10 21:20:03,883 INFO MCP session initialized (id=ec3dbf54-a848-4bd1-acd3-cedba8d2b458)
2026-07-10 21:20:05,858 INFO Found folder 'Kindle Scribe' (ID: 1C38JFsUTRYHHimqlQwpoRka0Zi1QJKq6)
2026-07-10 21:20:07,380 INFO Found 0 w-termine files in folder
2026-07-10 21:20:07,380 INFO No new w-termine files found
2026-07-10 21:20:07,391 INFO === scribe_sync end ===
2026-07-10 21:30:02,229 INFO === scribe_sync start ===
2026-07-10 21:30:04,975 INFO MCP session initialized (id=d972a2f6-cb9f-4973-b3a6-431b15e7ae43)
2026-07-10 21:30:07,175 INFO Found folder 'Kindle Scribe' (ID: 1C38JFsUTRYHHimqlQwpoRka0Zi1QJKq6)
2026-07-10 21:30:08,740 INFO Found 0 w-termine files in folder
2026-07-10 21:30:08,740 INFO No new w-termine files found
2026-07-10 21:30:08,743 INFO === scribe_sync end ===
2026-07-10 21:40:01,411 INFO === scribe_sync start ===
2026-07-10 21:40:03,182 INFO MCP session initialized (id=73e1102e-71f4-4965-b6ff-c22d6ac0d258)
2026-07-10 21:40:04,866 INFO Found folder 'Kindle Scribe' (ID: 1C38JFsUTRYHHimqlQwpoRka0Zi1QJKq6)
2026-07-10 21:40:06,242 INFO Found 0 w-termine files in folder
2026-07-10 21:40:06,242 INFO No new w-termine files found
2026-07-10 21:40:06,244 INFO === scribe_sync end ===
2026-07-10 21:50:01,544 INFO === scribe_sync start ===
2026-07-10 21:50:03,160 INFO MCP session initialized (id=44e6c7a0-ebaf-4b76-b8ea-732d7d852ea4)
2026-07-10 21:50:04,806 INFO Found folder 'Kindle Scribe' (ID: 1C38JFsUTRYHHimqlQwpoRka0Zi1QJKq6)
2026-07-10 21:50:06,356 INFO Found 0 w-termine files in folder
2026-07-10 21:50:06,356 INFO No new w-termine files found
2026-07-10 21:50:06,361 INFO === scribe_sync end ===
2026-07-10 22:00:01,361 INFO === scribe_sync start ===
2026-07-10 22:00:03,105 INFO MCP session initialized (id=aba3ac2d-6680-4a98-baf1-51588d7a71a1)
2026-07-10 22:00:05,967 INFO Found folder 'Kindle Scribe' (ID: 1C38JFsUTRYHHimqlQwpoRka0Zi1QJKq6)
2026-07-10 22:00:09,077 INFO Found 0 w-termine files in folder
2026-07-10 22:00:09,078 INFO No new w-termine files found
2026-07-10 22:00:09,080 INFO === scribe_sync end ===
2026-07-10 22:10:01,503 INFO === scribe_sync start ===
2026-07-10 22:10:33,408 INFO MCP session initialized (id=497d0c95-b093-453c-a8e4-f804eedc902f)
2026-07-10 22:10:34,894 INFO Found folder 'Kindle Scribe' (ID: 1C38JFsUTRYHHimqlQwpoRka0Zi1QJKq6)
2026-07-10 22:10:36,296 INFO Found 0 w-termine files in folder
2026-07-10 22:10:36,297 INFO No new w-termine files found
2026-07-10 22:10:36,299 INFO === scribe_sync end ===
2026-07-10 22:20:01,649 INFO === scribe_sync start ===
2026-07-10 22:20:03,713 INFO MCP session initialized (id=14337b97-e568-4714-8f75-986783556c27)
2026-07-10 22:20:05,638 INFO Found folder 'Kindle Scribe' (ID: 1C38JFsUTRYHHimqlQwpoRka0Zi1QJKq6)
2026-07-10 22:20:07,251 INFO Found 0 w-termine files in folder
2026-07-10 22:20:07,251 INFO No new w-termine files found
2026-07-10 22:20:07,255 INFO === scribe_sync end ===
2026-07-10 22:30:01,604 INFO === scribe_sync start ===
2026-07-10 22:30:03,953 INFO MCP session initialized (id=0a27101e-0a65-40ef-b495-5d77b752c3fa)
2026-07-10 22:30:06,904 INFO Found folder 'Kindle Scribe' (ID: 1C38JFsUTRYHHimqlQwpoRka0Zi1QJKq6)
2026-07-10 22:30:08,581 INFO Found 0 w-termine files in folder
2026-07-10 22:30:08,581 INFO No new w-termine files found
2026-07-10 22:30:08,596 INFO === scribe_sync end ===
2026-07-10 22:40:01,913 INFO === scribe_sync start ===
2026-07-10 22:40:03,883 INFO MCP session initialized (id=1fa6c082-f7ca-49d3-83b0-7c1fee29010b)
2026-07-10 22:40:05,498 INFO Found folder 'Kindle Scribe' (ID: 1C38JFsUTRYHHimqlQwpoRka0Zi1QJKq6)
2026-07-10 22:40:07,068 INFO Found 0 w-termine files in folder
2026-07-10 22:40:07,068 INFO No new w-termine files found
2026-07-10 22:40:07,070 INFO === scribe_sync end ===
2026-07-10 22:50:01,973 INFO === scribe_sync start ===
2026-07-10 22:50:03,762 INFO MCP session initialized (id=6ed7bd54-6dd6-4165-a177-8e3ae667a58a)
2026-07-10 22:50:05,470 INFO Found folder 'Kindle Scribe' (ID: 1C38JFsUTRYHHimqlQwpoRka0Zi1QJKq6)
2026-07-10 22:50:06,973 INFO Found 0 w-termine files in folder
2026-07-10 22:50:06,973 INFO No new w-termine files found
2026-07-10 22:50:06,975 INFO === scribe_sync end ===
2026-07-10 23:00:01,587 INFO === scribe_sync start ===
2026-07-10 23:00:03,314 INFO MCP session initialized (id=d3825687-e1e5-44c4-bd1f-0d8919ee80c1)
2026-07-10 23:00:06,678 INFO Found folder 'Kindle Scribe' (ID: 1C38JFsUTRYHHimqlQwpoRka0Zi1QJKq6)
2026-07-10 23:00:08,554 INFO Found 0 w-termine files in folder
2026-07-10 23:00:08,554 INFO No new w-termine files found
2026-07-10 23:00:08,561 INFO === scribe_sync end ===
2026-07-10 23:10:01,719 INFO === scribe_sync start ===
2026-07-10 23:10:03,330 INFO MCP session initialized (id=fb408532-0bcc-45ff-8b38-771a78318064)
2026-07-10 23:10:05,647 INFO Found folder 'Kindle Scribe' (ID: 1C38JFsUTRYHHimqlQwpoRka0Zi1QJKq6)
2026-07-10 23:10:07,505 INFO Found 0 w-termine files in folder
2026-07-10 23:10:07,505 INFO No new w-termine files found
2026-07-10 23:10:07,522 INFO === scribe_sync end ===
2026-07-10 23:20:01,661 INFO === scribe_sync start ===
2026-07-10 23:20:03,280 INFO MCP session initialized (id=621ea0fa-dc11-4613-afba-2830a04b28ad)
2026-07-10 23:20:04,633 INFO Found folder 'Kindle Scribe' (ID: 1C38JFsUTRYHHimqlQwpoRka0Zi1QJKq6)
2026-07-10 23:20:06,882 INFO Found 0 w-termine files in folder
2026-07-10 23:20:06,882 INFO No new w-termine files found
2026-07-10 23:20:06,889 INFO === scribe_sync end ===
2026-07-10 23:30:01,625 INFO === scribe_sync start ===
2026-07-10 23:30:03,587 INFO MCP session initialized (id=7c2db223-c8d3-4923-a862-375fddeafd43)
2026-07-10 23:30:05,355 INFO Found folder 'Kindle Scribe' (ID: 1C38JFsUTRYHHimqlQwpoRka0Zi1QJKq6)
2026-07-10 23:30:06,996 INFO Found 0 w-termine files in folder
2026-07-10 23:30:07,001 INFO No new w-termine files found
2026-07-10 23:30:07,022 INFO === scribe_sync end ===
2026-07-10 23:40:02,261 INFO === scribe_sync start ===
2026-07-10 23:40:04,205 INFO MCP session initialized (id=342a7a13-3a9c-4e12-91ad-1f87467734ee)
2026-07-10 23:40:05,816 INFO Found folder 'Kindle Scribe' (ID: 1C38JFsUTRYHHimqlQwpoRka0Zi1QJKq6)
2026-07-10 23:40:07,447 INFO Found 0 w-termine files in folder
2026-07-10 23:40:07,447 INFO No new w-termine files found
2026-07-10 23:40:07,449 INFO === scribe_sync end ===
2026-07-10 23:50:01,359 INFO === scribe_sync start ===
2026-07-10 23:50:02,960 INFO MCP session initialized (id=409e3b5b-3f8a-4a3b-b805-02c96b3daa4a)
2026-07-10 23:50:04,465 INFO Found folder 'Kindle Scribe' (ID: 1C38JFsUTRYHHimqlQwpoRka0Zi1QJKq6)
2026-07-10 23:50:05,780 INFO Found 0 w-termine files in folder
2026-07-10 23:50:05,780 INFO No new w-termine files found
2026-07-10 23:50:05,782 INFO === scribe_sync end ===
2026-07-11 00:00:01,472 INFO === scribe_sync start ===
2026-07-11 00:00:04,916 INFO MCP session initialized (id=8a72fa8b-3f7b-4bac-8247-9916b570c5a4)
2026-07-11 00:00:07,190 INFO Found folder 'Kindle Scribe' (ID: 1C38JFsUTRYHHimqlQwpoRka0Zi1QJKq6)
2026-07-11 00:00:08,944 INFO Found 0 w-termine files in folder
2026-07-11 00:00:08,944 INFO No new w-termine files found
2026-07-11 00:00:08,950 INFO === scribe_sync end ===
2026-07-11 00:10:02,238 INFO === scribe_sync start ===
2026-07-11 00:10:03,717 INFO MCP session initialized (id=d485848b-6741-432e-a7bb-bf63188b4f98)
2026-07-11 00:10:05,483 INFO Found folder 'Kindle Scribe' (ID: 1C38JFsUTRYHHimqlQwpoRka0Zi1QJKq6)
2026-07-11 00:10:07,428 INFO Found 0 w-termine files in folder
2026-07-11 00:10:07,428 INFO No new w-termine files found
2026-07-11 00:10:07,440 INFO === scribe_sync end ===
2026-07-11 00:20:02,865 INFO === scribe_sync start ===
2026-07-11 00:20:04,452 INFO MCP session initialized (id=154c56e9-0597-4b43-86d4-62879ac11f2b)
2026-07-11 00:20:05,963 INFO Found folder 'Kindle Scribe' (ID: 1C38JFsUTRYHHimqlQwpoRka0Zi1QJKq6)
2026-07-11 00:20:07,273 INFO Found 0 w-termine files in folder
2026-07-11 00:20:07,273 INFO No new w-termine files found
2026-07-11 00:20:07,275 INFO === scribe_sync end ===
2026-07-11 00:30:01,976 INFO === scribe_sync start ===
2026-07-11 00:30:03,637 INFO MCP session initialized (id=83932d28-140b-4597-9a7b-c9e6684420d7)
2026-07-11 00:30:05,251 INFO Found folder 'Kindle Scribe' (ID: 1C38JFsUTRYHHimqlQwpoRka0Zi1QJKq6)
2026-07-11 00:30:06,713 INFO Found 0 w-termine files in folder
2026-07-11 00:30:06,713 INFO No new w-termine files found
2026-07-11 00:30:06,718 INFO === scribe_sync end ===
2026-07-11 00:40:01,111 INFO === scribe_sync start ===
2026-07-11 00:40:02,820 INFO MCP session initialized (id=34ffa19d-98c0-4b60-85ea-aba5eff69820)
2026-07-11 00:40:04,383 INFO Found folder 'Kindle Scribe' (ID: 1C38JFsUTRYHHimqlQwpoRka0Zi1QJKq6)
2026-07-11 00:40:05,801 INFO Found 0 w-termine files in folder
2026-07-11 00:40:05,802 INFO No new w-termine files found
2026-07-11 00:40:05,805 INFO === scribe_sync end ===
2026-07-11 00:50:02,420 INFO === scribe_sync start ===
2026-07-11 00:50:04,682 INFO MCP session initialized (id=d755f142-97eb-4cb2-9475-acf7152153f4)
2026-07-11 00:50:06,106 INFO Found folder 'Kindle Scribe' (ID: 1C38JFsUTRYHHimqlQwpoRka0Zi1QJKq6)
2026-07-11 00:50:07,489 INFO Found 0 w-termine files in folder
2026-07-11 00:50:07,489 INFO No new w-termine files found
2026-07-11 00:50:07,491 INFO === scribe_sync end ===
2026-07-11 01:00:01,251 INFO === scribe_sync start ===
2026-07-11 01:00:03,079 INFO MCP session initialized (id=aaf06ed1-dde3-4888-a2cf-f45de28340be)
2026-07-11 01:00:05,152 INFO Found folder 'Kindle Scribe' (ID: 1C38JFsUTRYHHimqlQwpoRka0Zi1QJKq6)
2026-07-11 01:00:07,046 INFO Found 0 w-termine files in folder
2026-07-11 01:00:07,052 INFO No new w-termine files found
2026-07-11 01:00:07,073 INFO === scribe_sync end ===
2026-07-11 01:10:01,293 INFO === scribe_sync start ===
2026-07-11 01:10:02,923 INFO MCP session initialized (id=8ba2f121-6d35-4673-aa27-45cdd55f295b)
2026-07-11 01:10:04,280 INFO Found folder 'Kindle Scribe' (ID: 1C38JFsUTRYHHimqlQwpoRka0Zi1QJKq6)
2026-07-11 01:10:05,933 INFO Found 0 w-termine files in folder
2026-07-11 01:10:05,934 INFO No new w-termine files found
2026-07-11 01:10:05,937 INFO === scribe_sync end ===
2026-07-11 01:20:02,250 INFO === scribe_sync start ===
2026-07-11 01:20:03,855 INFO MCP session initialized (id=c0adb054-b355-48e9-901e-8cfc430dbb9e)
2026-07-11 01:20:05,556 INFO Found folder 'Kindle Scribe' (ID: 1C38JFsUTRYHHimqlQwpoRka0Zi1QJKq6)
2026-07-11 01:20:06,923 INFO Found 0 w-termine files in folder
2026-07-11 01:20:06,923 INFO No new w-termine files found
2026-07-11 01:20:06,925 INFO === scribe_sync end ===
2026-07-11 01:30:01,790 INFO === scribe_sync start ===
2026-07-11 01:30:04,230 INFO MCP session initialized (id=b69a3146-a93a-416a-bdb5-7df082a524b8)
2026-07-11 01:30:05,684 INFO Found folder 'Kindle Scribe' (ID: 1C38JFsUTRYHHimqlQwpoRka0Zi1QJKq6)
2026-07-11 01:30:07,053 INFO Found 0 w-termine files in folder
2026-07-11 01:30:07,054 INFO No new w-termine files found
2026-07-11 01:30:07,055 INFO === scribe_sync end ===
2026-07-11 01:40:02,193 INFO === scribe_sync start ===
2026-07-11 01:40:03,777 INFO MCP session initialized (id=c284e2e7-f265-4cd6-ba62-e53083e10071)
2026-07-11 01:40:05,189 INFO Found folder 'Kindle Scribe' (ID: 1C38JFsUTRYHHimqlQwpoRka0Zi1QJKq6)
2026-07-11 01:40:06,427 INFO Found 0 w-termine files in folder
2026-07-11 01:40:06,440 INFO No new w-termine files found
2026-07-11 01:40:06,449 INFO === scribe_sync end ===
2026-07-11 01:50:01,731 INFO === scribe_sync start ===
2026-07-11 01:50:03,570 INFO MCP session initialized (id=86c79f24-7d11-4ab7-8e44-b947497adea6)
2026-07-11 01:50:05,085 INFO Found folder 'Kindle Scribe' (ID: 1C38JFsUTRYHHimqlQwpoRka0Zi1QJKq6)
2026-07-11 01:50:06,907 INFO Found 0 w-termine files in folder
2026-07-11 01:50:06,907 INFO No new w-termine files found
2026-07-11 01:50:06,911 INFO === scribe_sync end ===
2026-07-11 02:00:01,320 INFO === scribe_sync start ===
2026-07-11 02:00:03,522 INFO MCP session initialized (id=da897a03-dea9-4155-813b-722e4f9f0df2)
2026-07-11 02:00:07,056 INFO Found folder 'Kindle Scribe' (ID: 1C38JFsUTRYHHimqlQwpoRka0Zi1QJKq6)
2026-07-11 02:00:08,837 INFO Found 0 w-termine files in folder
2026-07-11 02:00:08,841 INFO No new w-termine files found
2026-07-11 02:00:08,843 INFO === scribe_sync end ===
2026-07-11 02:10:01,142 INFO === scribe_sync start ===
2026-07-11 02:10:02,780 INFO MCP session initialized (id=6a5dd87a-4ce5-432e-8d2d-5ad0d132e02e)
2026-07-11 02:10:04,779 INFO Found folder 'Kindle Scribe' (ID: 1C38JFsUTRYHHimqlQwpoRka0Zi1QJKq6)
2026-07-11 02:10:06,108 INFO Found 0 w-termine files in folder
2026-07-11 02:10:06,108 INFO No new w-termine files found
2026-07-11 02:10:06,111 INFO === scribe_sync end ===
2026-07-11 02:20:01,797 INFO === scribe_sync start ===
2026-07-11 02:20:04,109 INFO MCP session initialized (id=a1abadb5-fa64-4d21-b214-be75832269b1)
2026-07-11 02:20:05,538 INFO Found folder 'Kindle Scribe' (ID: 1C38JFsUTRYHHimqlQwpoRka0Zi1QJKq6)
2026-07-11 02:20:06,812 INFO Found 0 w-termine files in folder
2026-07-11 02:20:06,813 INFO No new w-termine files found
2026-07-11 02:20:06,814 INFO === scribe_sync end ===
2026-07-11 02:30:01,197 INFO === scribe_sync start ===
2026-07-11 02:30:02,670 INFO MCP session initialized (id=a2920416-a5bb-4bd0-aa9d-339b9f91504c)
2026-07-11 02:30:05,078 INFO Found folder 'Kindle Scribe' (ID: 1C38JFsUTRYHHimqlQwpoRka0Zi1QJKq6)
2026-07-11 02:30:06,512 INFO Found 0 w-termine files in folder
2026-07-11 02:30:06,513 INFO No new w-termine files found
2026-07-11 02:30:06,517 INFO === scribe_sync end ===
2026-07-11 02:40:02,053 INFO === scribe_sync start ===
2026-07-11 02:40:03,852 INFO MCP session initialized (id=0f28689f-540c-40c4-8c25-f1b8275e4523)
2026-07-11 02:40:05,293 INFO Found folder 'Kindle Scribe' (ID: 1C38JFsUTRYHHimqlQwpoRka0Zi1QJKq6)
2026-07-11 02:40:06,677 INFO Found 0 w-termine files in folder
2026-07-11 02:40:06,678 INFO No new w-termine files found
2026-07-11 02:40:06,680 INFO === scribe_sync end ===
2026-07-11 02:50:02,353 INFO === scribe_sync start ===
2026-07-11 02:50:03,953 INFO MCP session initialized (id=6f04a30f-cd53-4f5d-a6c5-10768d4f594d)
2026-07-11 02:50:05,305 INFO Found folder 'Kindle Scribe' (ID: 1C38JFsUTRYHHimqlQwpoRka0Zi1QJKq6)
2026-07-11 02:50:06,651 INFO Found 0 w-termine files in folder
2026-07-11 02:50:06,651 INFO No new w-termine files found
2026-07-11 02:50:06,655 INFO === scribe_sync end ===
2026-07-11 03:00:02,002 INFO === scribe_sync start ===
2026-07-11 03:00:03,844 INFO MCP session initialized (id=f12c07d1-8710-46b1-a278-2c8ccd2864a7)
2026-07-11 03:00:05,884 INFO Found folder 'Kindle Scribe' (ID: 1C38JFsUTRYHHimqlQwpoRka0Zi1QJKq6)
2026-07-11 03:00:07,717 INFO Found 0 w-termine files in folder
2026-07-11 03:00:07,717 INFO No new w-termine files found
2026-07-11 03:00:07,719 INFO === scribe_sync end ===
2026-07-11 03:10:01,576 INFO === scribe_sync start ===
2026-07-11 03:10:03,064 INFO MCP session initialized (id=235ff7ec-dbbc-428c-a935-5d9ab2ca928e)
2026-07-11 03:10:04,650 INFO Found folder 'Kindle Scribe' (ID: 1C38JFsUTRYHHimqlQwpoRka0Zi1QJKq6)
2026-07-11 03:10:06,277 INFO Found 0 w-termine files in folder
2026-07-11 03:10:06,277 INFO No new w-termine files found
2026-07-11 03:10:06,278 INFO === scribe_sync end ===
2026-07-11 03:20:02,257 INFO === scribe_sync start ===
2026-07-11 03:20:03,700 INFO MCP session initialized (id=671fa144-1498-43a5-a948-8ed5138cf621)
2026-07-11 03:20:05,144 INFO Found folder 'Kindle Scribe' (ID: 1C38JFsUTRYHHimqlQwpoRka0Zi1QJKq6)
2026-07-11 03:20:06,530 INFO Found 0 w-termine files in folder
2026-07-11 03:20:06,531 INFO No new w-termine files found
2026-07-11 03:20:06,533 INFO === scribe_sync end ===
2026-07-11 03:30:01,785 INFO === scribe_sync start ===
2026-07-11 03:30:03,591 INFO MCP session initialized (id=8075d241-28f9-48d4-8b85-10549878dd1a)
2026-07-11 03:30:05,166 INFO Found folder 'Kindle Scribe' (ID: 1C38JFsUTRYHHimqlQwpoRka0Zi1QJKq6)
2026-07-11 03:30:06,564 INFO Found 0 w-termine files in folder
2026-07-11 03:30:06,565 INFO No new w-termine files found
2026-07-11 03:30:06,567 INFO === scribe_sync end ===
2026-07-11 03:40:01,277 INFO === scribe_sync start ===
2026-07-11 03:40:02,843 INFO MCP session initialized (id=60b71e27-856b-4a93-975f-eec271c480ec)
2026-07-11 03:40:04,225 INFO Found folder 'Kindle Scribe' (ID: 1C38JFsUTRYHHimqlQwpoRka0Zi1QJKq6)
2026-07-11 03:40:06,100 INFO Found 0 w-termine files in folder
2026-07-11 03:40:06,101 INFO No new w-termine files found
2026-07-11 03:40:06,107 INFO === scribe_sync end ===
2026-07-11 03:50:01,976 INFO === scribe_sync start ===
2026-07-11 03:50:03,471 INFO MCP session initialized (id=469086ec-7522-43c6-9009-5df90e9b5bda)
2026-07-11 03:50:05,131 INFO Found folder 'Kindle Scribe' (ID: 1C38JFsUTRYHHimqlQwpoRka0Zi1QJKq6)
2026-07-11 03:50:06,527 INFO Found 0 w-termine files in folder
2026-07-11 03:50:06,527 INFO No new w-termine files found
2026-07-11 03:50:06,530 INFO === scribe_sync end ===
2026-07-11 04:00:01,948 INFO === scribe_sync start ===
2026-07-11 04:00:03,645 INFO MCP session initialized (id=7899484e-5c30-4ccf-8d1a-b59f318cb135)
2026-07-11 04:00:06,177 INFO Found folder 'Kindle Scribe' (ID: 1C38JFsUTRYHHimqlQwpoRka0Zi1QJKq6)
2026-07-11 04:00:08,203 INFO Found 0 w-termine files in folder
2026-07-11 04:00:08,203 INFO No new w-termine files found
2026-07-11 04:00:08,205 INFO === scribe_sync end ===
2026-07-11 04:10:01,469 INFO === scribe_sync start ===
2026-07-11 04:10:22,097 INFO MCP session initialized (id=754ded7d-f658-4490-89a8-eee1b7601ca1)
2026-07-11 04:10:24,089 INFO Found folder 'Kindle Scribe' (ID: 1C38JFsUTRYHHimqlQwpoRka0Zi1QJKq6)
2026-07-11 04:10:25,643 INFO Found 0 w-termine files in folder
2026-07-11 04:10:25,643 INFO No new w-termine files found
2026-07-11 04:10:25,645 INFO === scribe_sync end ===
2026-07-11 04:20:01,547 INFO === scribe_sync start ===
2026-07-11 04:20:03,177 INFO MCP session initialized (id=a0c48cae-bbda-4c8a-a976-e74eb640954e)
2026-07-11 04:20:04,762 INFO Found folder 'Kindle Scribe' (ID: 1C38JFsUTRYHHimqlQwpoRka0Zi1QJKq6)
2026-07-11 04:20:06,031 INFO Found 0 w-termine files in folder
2026-07-11 04:20:06,031 INFO No new w-termine files found
2026-07-11 04:20:06,034 INFO === scribe_sync end ===
2026-07-11 04:30:02,122 INFO === scribe_sync start ===
2026-07-11 04:30:03,504 INFO MCP session initialized (id=a69ba456-fe6b-4a92-8ff0-b04e4767dc9b)
2026-07-11 04:30:05,328 INFO Found folder 'Kindle Scribe' (ID: 1C38JFsUTRYHHimqlQwpoRka0Zi1QJKq6)
2026-07-11 04:30:07,136 INFO Found 0 w-termine files in folder
2026-07-11 04:30:07,137 INFO No new w-termine files found
2026-07-11 04:30:07,139 INFO === scribe_sync end ===
2026-07-11 04:40:01,753 INFO === scribe_sync start ===
2026-07-11 04:40:03,663 INFO MCP session initialized (id=2822545b-bcbe-4710-9e14-29aebe954db0)
2026-07-11 04:40:05,985 INFO Found folder 'Kindle Scribe' (ID: 1C38JFsUTRYHHimqlQwpoRka0Zi1QJKq6)
2026-07-11 04:40:07,364 INFO Found 0 w-termine files in folder
2026-07-11 04:40:07,364 INFO No new w-termine files found
2026-07-11 04:40:07,367 INFO === scribe_sync end ===
2026-07-11 04:50:02,018 INFO === scribe_sync start ===
2026-07-11 04:50:03,480 INFO MCP session initialized (id=593df7c3-4c12-4387-ad02-2dde62905ad2)
2026-07-11 04:50:04,956 INFO Found folder 'Kindle Scribe' (ID: 1C38JFsUTRYHHimqlQwpoRka0Zi1QJKq6)
2026-07-11 04:50:06,250 INFO Found 0 w-termine files in folder
2026-07-11 04:50:06,250 INFO No new w-termine files found
2026-07-11 04:50:06,252 INFO === scribe_sync end ===
2026-07-11 05:00:01,612 INFO === scribe_sync start ===
2026-07-11 05:00:03,590 INFO MCP session initialized (id=ffcfdcde-bcca-41eb-bc5e-28f65464220c)
2026-07-11 05:00:05,958 INFO Found folder 'Kindle Scribe' (ID: 1C38JFsUTRYHHimqlQwpoRka0Zi1QJKq6)
2026-07-11 05:00:08,223 INFO Found 0 w-termine files in folder
2026-07-11 05:00:08,224 INFO No new w-termine files found
2026-07-11 05:00:08,226 INFO === scribe_sync end ===
2026-07-11 05:10:02,158 INFO === scribe_sync start ===
2026-07-11 05:10:03,603 INFO MCP session initialized (id=ce964e12-c864-4666-bb3f-d701cd139bcf)
2026-07-11 05:10:05,076 INFO Found folder 'Kindle Scribe' (ID: 1C38JFsUTRYHHimqlQwpoRka0Zi1QJKq6)
2026-07-11 05:10:06,650 INFO Found 0 w-termine files in folder
2026-07-11 05:10:06,650 INFO No new w-termine files found
2026-07-11 05:10:06,652 INFO === scribe_sync end ===
2026-07-11 05:20:01,128 INFO === scribe_sync start ===
2026-07-11 05:20:22,853 INFO MCP session initialized (id=7d4541ef-8183-415d-9863-bdc28cb6e81b)
2026-07-11 05:20:24,413 INFO Found folder 'Kindle Scribe' (ID: 1C38JFsUTRYHHimqlQwpoRka0Zi1QJKq6)
2026-07-11 05:20:26,038 INFO Found 0 w-termine files in folder
2026-07-11 05:20:26,038 INFO No new w-termine files found
2026-07-11 05:20:26,039 INFO === scribe_sync end ===
2026-07-11 05:30:01,489 INFO === scribe_sync start ===
2026-07-11 05:30:03,022 INFO MCP session initialized (id=daf6c80c-e839-46fd-8e00-16d73d3d8606)
2026-07-11 05:30:04,747 INFO Found folder 'Kindle Scribe' (ID: 1C38JFsUTRYHHimqlQwpoRka0Zi1QJKq6)
2026-07-11 05:30:06,756 INFO Found 0 w-termine files in folder
2026-07-11 05:30:06,756 INFO No new w-termine files found
2026-07-11 05:30:06,759 INFO === scribe_sync end ===
2026-07-11 05:40:01,119 INFO === scribe_sync start ===
2026-07-11 05:40:02,944 INFO MCP session initialized (id=a9538e4f-c270-4293-bcb7-8c025d607df4)
2026-07-11 05:40:04,185 INFO Found folder 'Kindle Scribe' (ID: 1C38JFsUTRYHHimqlQwpoRka0Zi1QJKq6)
2026-07-11 05:40:05,527 INFO Found 0 w-termine files in folder
2026-07-11 05:40:05,528 INFO No new w-termine files found
2026-07-11 05:40:05,530 INFO === scribe_sync end ===
2026-07-11 05:50:02,130 INFO === scribe_sync start ===
2026-07-11 05:50:03,565 INFO MCP session initialized (id=c5494c2d-5c7b-4418-bf4f-8decde1c2a74)
2026-07-11 05:50:04,949 INFO Found folder 'Kindle Scribe' (ID: 1C38JFsUTRYHHimqlQwpoRka0Zi1QJKq6)
2026-07-11 05:50:06,236 INFO Found 0 w-termine files in folder
2026-07-11 05:50:06,237 INFO No new w-termine files found
2026-07-11 05:50:06,239 INFO === scribe_sync end ===
2026-07-11 06:00:01,676 INFO === scribe_sync start ===
2026-07-11 06:00:03,342 INFO MCP session initialized (id=d1b6cd9a-cbc8-42a5-bef7-e1d199ef4a0d)
2026-07-11 06:00:05,145 INFO Found folder 'Kindle Scribe' (ID: 1C38JFsUTRYHHimqlQwpoRka0Zi1QJKq6)
2026-07-11 06:00:10,650 INFO Found 0 w-termine files in folder
2026-07-11 06:00:10,650 INFO No new w-termine files found
2026-07-11 06:00:10,652 INFO === scribe_sync end ===
2026-07-11 06:10:01,640 INFO === scribe_sync start ===
2026-07-11 06:10:03,253 INFO MCP session initialized (id=11c35e89-0a93-443f-b5d7-a0c80c714362)
2026-07-11 06:10:04,928 INFO Found folder 'Kindle Scribe' (ID: 1C38JFsUTRYHHimqlQwpoRka0Zi1QJKq6)
2026-07-11 06:10:06,610 INFO Found 0 w-termine files in folder
2026-07-11 06:10:06,610 INFO No new w-termine files found
2026-07-11 06:10:06,613 INFO === scribe_sync end ===
2026-07-11 06:20:02,198 INFO === scribe_sync start ===
2026-07-11 06:20:03,568 INFO MCP session initialized (id=375fa7bf-0fa0-44ab-a8d8-598d9cf78fbb)
2026-07-11 06:20:05,021 INFO Found folder 'Kindle Scribe' (ID: 1C38JFsUTRYHHimqlQwpoRka0Zi1QJKq6)
2026-07-11 06:20:06,256 INFO Found 0 w-termine files in folder
2026-07-11 06:20:06,257 INFO No new w-termine files found
2026-07-11 06:20:06,261 INFO === scribe_sync end ===
2026-07-11 06:30:01,752 INFO === scribe_sync start ===
2026-07-11 06:30:03,800 INFO MCP session initialized (id=c2faa625-a908-4c0e-aabe-1a796a7858bb)
2026-07-11 06:30:05,495 INFO Found folder 'Kindle Scribe' (ID: 1C38JFsUTRYHHimqlQwpoRka0Zi1QJKq6)
2026-07-11 06:30:07,832 INFO Found 0 w-termine files in folder
2026-07-11 06:30:07,832 INFO No new w-termine files found
2026-07-11 06:30:07,837 INFO === scribe_sync end ===
2026-07-11 06:40:01,323 INFO === scribe_sync start ===
2026-07-11 06:40:02,688 INFO MCP session initialized (id=b452b567-cb23-43a7-bc4b-cca9c51d9bb5)
2026-07-11 06:40:04,048 INFO Found folder 'Kindle Scribe' (ID: 1C38JFsUTRYHHimqlQwpoRka0Zi1QJKq6)
2026-07-11 06:40:05,498 INFO Found 0 w-termine files in folder
2026-07-11 06:40:05,499 INFO No new w-termine files found
2026-07-11 06:40:05,501 INFO === scribe_sync end ===
2026-07-11 06:50:01,254 INFO === scribe_sync start ===
2026-07-11 06:50:02,909 INFO MCP session initialized (id=2a93df45-d65e-4723-980d-f6d974438c57)
2026-07-11 06:50:04,698 INFO Found folder 'Kindle Scribe' (ID: 1C38JFsUTRYHHimqlQwpoRka0Zi1QJKq6)
2026-07-11 06:50:06,107 INFO Found 0 w-termine files in folder
2026-07-11 06:50:06,108 INFO No new w-termine files found
2026-07-11 06:50:06,110 INFO === scribe_sync end ===
2026-07-11 07:00:01,797 INFO === scribe_sync start ===
2026-07-11 07:00:03,513 INFO MCP session initialized (id=683f83ef-a9fb-4ca0-86f4-b1d4a5bb458f)
2026-07-11 07:00:09,666 INFO Found folder 'Kindle Scribe' (ID: 1C38JFsUTRYHHimqlQwpoRka0Zi1QJKq6)
2026-07-11 07:00:12,457 INFO Found 0 w-termine files in folder
2026-07-11 07:00:12,458 INFO No new w-termine files found
2026-07-11 07:00:12,462 INFO === scribe_sync end ===
2026-07-11 07:10:01,262 INFO === scribe_sync start ===
2026-07-11 07:10:02,783 INFO MCP session initialized (id=442b3338-a53b-4c95-92b5-0268de49f538)
2026-07-11 07:10:04,705 INFO Found folder 'Kindle Scribe' (ID: 1C38JFsUTRYHHimqlQwpoRka0Zi1QJKq6)
2026-07-11 07:10:06,201 INFO Found 0 w-termine files in folder
2026-07-11 07:10:06,202 INFO No new w-termine files found
2026-07-11 07:10:06,204 INFO === scribe_sync end ===
2026-07-11 07:20:02,008 INFO === scribe_sync start ===
2026-07-11 07:20:03,354 INFO MCP session initialized (id=a25b63ce-328d-474e-9013-55f3151f9fb5)
2026-07-11 07:20:04,847 INFO Found folder 'Kindle Scribe' (ID: 1C38JFsUTRYHHimqlQwpoRka0Zi1QJKq6)
2026-07-11 07:20:06,038 INFO Found 0 w-termine files in folder
2026-07-11 07:20:06,038 INFO No new w-termine files found
2026-07-11 07:20:06,041 INFO === scribe_sync end ===
2026-07-11 07:30:01,833 INFO === scribe_sync start ===
2026-07-11 07:30:03,909 INFO MCP session initialized (id=72bfbe3a-1afb-4d2d-97f5-290975bba95d)
2026-07-11 07:30:05,841 INFO Found folder 'Kindle Scribe' (ID: 1C38JFsUTRYHHimqlQwpoRka0Zi1QJKq6)
2026-07-11 07:30:07,269 INFO Found 0 w-termine files in folder
2026-07-11 07:30:07,269 INFO No new w-termine files found
2026-07-11 07:30:07,275 INFO === scribe_sync end ===
2026-07-11 07:40:01,749 INFO === scribe_sync start ===
2026-07-11 07:40:03,024 INFO MCP session initialized (id=5aa36fd1-5d0c-4ee0-9041-33c9f0a50d80)
2026-07-11 07:40:04,620 INFO Found folder 'Kindle Scribe' (ID: 1C38JFsUTRYHHimqlQwpoRka0Zi1QJKq6)
2026-07-11 07:40:06,297 INFO Found 0 w-termine files in folder
2026-07-11 07:40:06,297 INFO No new w-termine files found
2026-07-11 07:40:06,299 INFO === scribe_sync end ===
2026-07-11 07:50:01,698 INFO === scribe_sync start ===
2026-07-11 07:50:03,518 INFO MCP session initialized (id=eba4e050-7073-4001-92ff-604448162ff6)
2026-07-11 07:50:05,178 INFO Found folder 'Kindle Scribe' (ID: 1C38JFsUTRYHHimqlQwpoRka0Zi1QJKq6)
2026-07-11 07:50:06,474 INFO Found 0 w-termine files in folder
2026-07-11 07:50:06,474 INFO No new w-termine files found
2026-07-11 07:50:06,476 INFO === scribe_sync end ===
2026-07-11 08:00:01,180 INFO === scribe_sync start ===
2026-07-11 08:00:02,729 INFO MCP session initialized (id=b5fa79df-c25e-41ba-adee-00dc55d6765d)
2026-07-11 08:00:04,644 INFO Found folder 'Kindle Scribe' (ID: 1C38JFsUTRYHHimqlQwpoRka0Zi1QJKq6)
2026-07-11 08:00:07,303 INFO Found 0 w-termine files in folder
2026-07-11 08:00:07,304 INFO No new w-termine files found
2026-07-11 08:00:07,306 INFO === scribe_sync end ===
2026-07-11 08:10:01,422 INFO === scribe_sync start ===
2026-07-11 08:10:02,838 INFO MCP session initialized (id=3f76055e-9bf2-4f45-8cf4-6126de04763f)
2026-07-11 08:10:04,279 INFO Found folder 'Kindle Scribe' (ID: 1C38JFsUTRYHHimqlQwpoRka0Zi1QJKq6)
2026-07-11 08:10:05,713 INFO Found 0 w-termine files in folder
2026-07-11 08:10:05,714 INFO No new w-termine files found
2026-07-11 08:10:05,726 INFO === scribe_sync end ===
2026-07-11 08:20:01,271 INFO === scribe_sync start ===
2026-07-11 08:20:03,000 INFO MCP session initialized (id=ccc46c72-b7b6-4679-ba78-fe462038679a)
2026-07-11 08:20:04,938 INFO Found folder 'Kindle Scribe' (ID: 1C38JFsUTRYHHimqlQwpoRka0Zi1QJKq6)
2026-07-11 08:20:06,294 INFO Found 0 w-termine files in folder
2026-07-11 08:20:06,294 INFO No new w-termine files found
2026-07-11 08:20:06,296 INFO === scribe_sync end ===
2026-07-11 08:30:02,061 INFO === scribe_sync start ===
2026-07-11 08:30:03,923 INFO MCP session initialized (id=165151be-bf63-4b61-9187-e82c1672e087)
2026-07-11 08:30:06,180 INFO Found folder 'Kindle Scribe' (ID: 1C38JFsUTRYHHimqlQwpoRka0Zi1QJKq6)
2026-07-11 08:30:08,405 INFO Found 0 w-termine files in folder
2026-07-11 08:30:08,405 INFO No new w-termine files found
2026-07-11 08:30:08,407 INFO === scribe_sync end ===
2026-07-11 08:40:01,257 INFO === scribe_sync start ===
2026-07-11 08:40:02,693 INFO MCP session initialized (id=3b56c5f6-41cd-42d9-9911-8f23bb0924eb)
2026-07-11 08:40:04,228 INFO Found folder 'Kindle Scribe' (ID: 1C38JFsUTRYHHimqlQwpoRka0Zi1QJKq6)
2026-07-11 08:40:05,489 INFO Found 0 w-termine files in folder
2026-07-11 08:40:05,490 INFO No new w-termine files found
2026-07-11 08:40:05,495 INFO === scribe_sync end ===
2026-07-11 08:50:02,229 INFO === scribe_sync start ===
2026-07-11 08:50:03,763 INFO MCP session initialized (id=2040be27-5c6a-4125-adcd-4c3d7456ad66)
2026-07-11 08:50:05,308 INFO Found folder 'Kindle Scribe' (ID: 1C38JFsUTRYHHimqlQwpoRka0Zi1QJKq6)
2026-07-11 08:50:06,893 INFO Found 0 w-termine files in folder
2026-07-11 08:50:06,893 INFO No new w-termine files found
2026-07-11 08:50:06,895 INFO === scribe_sync end ===
2026-07-11 09:00:01,571 INFO === scribe_sync start ===
2026-07-11 09:00:03,237 INFO MCP session initialized (id=2a7ba189-b3f3-4b05-a8ac-c1e8025ad7eb)
2026-07-11 09:00:05,087 INFO Found folder 'Kindle Scribe' (ID: 1C38JFsUTRYHHimqlQwpoRka0Zi1QJKq6)
2026-07-11 09:00:07,040 INFO Found 0 w-termine files in folder
2026-07-11 09:00:07,041 INFO No new w-termine files found
2026-07-11 09:00:07,045 INFO === scribe_sync end ===
2026-07-11 09:10:02,106 INFO === scribe_sync start ===
2026-07-11 09:10:03,988 INFO MCP session initialized (id=2825470b-bb48-438a-b4ce-911665ec6e46)
2026-07-11 09:10:05,588 INFO Found folder 'Kindle Scribe' (ID: 1C38JFsUTRYHHimqlQwpoRka0Zi1QJKq6)
2026-07-11 09:10:07,236 INFO Found 0 w-termine files in folder
2026-07-11 09:10:07,237 INFO No new w-termine files found
2026-07-11 09:10:07,239 INFO === scribe_sync end ===
2026-07-11 09:20:02,072 INFO === scribe_sync start ===
2026-07-11 09:20:03,441 INFO MCP session initialized (id=d4e8f132-f352-4f00-aaf8-d11e799883dc)
2026-07-11 09:20:07,045 INFO Found folder 'Kindle Scribe' (ID: 1C38JFsUTRYHHimqlQwpoRka0Zi1QJKq6)
2026-07-11 09:20:08,462 INFO Found 0 w-termine files in folder
2026-07-11 09:20:08,462 INFO No new w-termine files found
2026-07-11 09:20:08,465 INFO === scribe_sync end ===
2026-07-11 09:30:01,644 INFO === scribe_sync start ===
2026-07-11 09:30:03,250 INFO MCP session initialized (id=32d99bfd-bc3a-49c4-ab9b-e6e1a3c58308)
2026-07-11 09:30:04,895 INFO Found folder 'Kindle Scribe' (ID: 1C38JFsUTRYHHimqlQwpoRka0Zi1QJKq6)
2026-07-11 09:30:06,699 INFO Found 0 w-termine files in folder
2026-07-11 09:30:06,699 INFO No new w-termine files found
2026-07-11 09:30:06,701 INFO === scribe_sync end ===
2026-07-11 09:40:01,229 INFO === scribe_sync start ===
2026-07-11 09:40:02,648 INFO MCP session initialized (id=cc77c4e0-4f68-457c-a670-3d4502490643)
2026-07-11 09:40:04,075 INFO Found folder 'Kindle Scribe' (ID: 1C38JFsUTRYHHimqlQwpoRka0Zi1QJKq6)
2026-07-11 09:40:05,472 INFO Found 0 w-termine files in folder
2026-07-11 09:40:05,472 INFO No new w-termine files found
2026-07-11 09:40:05,491 INFO === scribe_sync end ===
2026-07-11 09:50:02,068 INFO === scribe_sync start ===
2026-07-11 09:50:03,663 INFO MCP session initialized (id=78e5fafc-e890-4fc5-b7d4-dc2e4e679f8d)
2026-07-11 09:50:05,478 INFO Found folder 'Kindle Scribe' (ID: 1C38JFsUTRYHHimqlQwpoRka0Zi1QJKq6)
2026-07-11 09:50:06,775 INFO Found 0 w-termine files in folder
2026-07-11 09:50:06,775 INFO No new w-termine files found
2026-07-11 09:50:06,778 INFO === scribe_sync end ===
2026-07-11 10:00:01,521 INFO === scribe_sync start ===
2026-07-11 10:00:03,287 INFO MCP session initialized (id=6ee2aa92-4b1b-4dde-a5f1-adfbbae4e28d)
2026-07-11 10:00:06,110 INFO Found folder 'Kindle Scribe' (ID: 1C38JFsUTRYHHimqlQwpoRka0Zi1QJKq6)
2026-07-11 10:00:13,703 INFO Found 0 w-termine files in folder
2026-07-11 10:00:13,703 INFO No new w-termine files found
2026-07-11 10:00:13,705 INFO === scribe_sync end ===
2026-07-11 10:10:01,660 INFO === scribe_sync start ===
2026-07-11 10:10:03,189 INFO MCP session initialized (id=73d01ed3-3444-4e1e-b60d-710b7a4b5951)
2026-07-11 10:10:04,652 INFO Found folder 'Kindle Scribe' (ID: 1C38JFsUTRYHHimqlQwpoRka0Zi1QJKq6)
2026-07-11 10:10:05,967 INFO Found 0 w-termine files in folder
2026-07-11 10:10:05,967 INFO No new w-termine files found
2026-07-11 10:10:05,970 INFO === scribe_sync end ===
2026-07-11 10:20:01,984 INFO === scribe_sync start ===
2026-07-11 10:20:03,483 INFO MCP session initialized (id=603f7da2-afcb-4b99-a86f-a584891049b0)
2026-07-11 10:20:05,231 INFO Found folder 'Kindle Scribe' (ID: 1C38JFsUTRYHHimqlQwpoRka0Zi1QJKq6)
2026-07-11 10:20:06,569 INFO Found 0 w-termine files in folder
2026-07-11 10:20:06,569 INFO No new w-termine files found
2026-07-11 10:20:06,572 INFO === scribe_sync end ===
2026-07-11 10:30:01,171 INFO === scribe_sync start ===
2026-07-11 10:30:02,628 INFO MCP session initialized (id=76dff1aa-3c1b-445a-b776-8685e8430bd4)
2026-07-11 10:30:04,903 INFO Found folder 'Kindle Scribe' (ID: 1C38JFsUTRYHHimqlQwpoRka0Zi1QJKq6)
2026-07-11 10:30:06,912 INFO Found 0 w-termine files in folder
2026-07-11 10:30:06,912 INFO No new w-termine files found
2026-07-11 10:30:06,917 INFO === scribe_sync end ===
2026-07-11 10:40:01,277 INFO === scribe_sync start ===
2026-07-11 10:40:02,643 INFO MCP session initialized (id=2c239e82-849c-49c6-a58f-7c8ca0ac0133)
2026-07-11 10:40:04,477 INFO Found folder 'Kindle Scribe' (ID: 1C38JFsUTRYHHimqlQwpoRka0Zi1QJKq6)
2026-07-11 10:40:05,680 INFO Found 0 w-termine files in folder
2026-07-11 10:40:05,681 INFO No new w-termine files found
2026-07-11 10:40:05,685 INFO === scribe_sync end ===
2026-07-11 10:50:01,417 INFO === scribe_sync start ===
2026-07-11 10:50:02,997 INFO MCP session initialized (id=ea1a0cf8-c638-442e-9a18-042f22b3ccbd)
2026-07-11 10:50:04,822 INFO Found folder 'Kindle Scribe' (ID: 1C38JFsUTRYHHimqlQwpoRka0Zi1QJKq6)
2026-07-11 10:50:06,279 INFO Found 0 w-termine files in folder
2026-07-11 10:50:06,279 INFO No new w-termine files found
2026-07-11 10:50:06,282 INFO === scribe_sync end ===
2026-07-11 11:00:01,113 INFO === scribe_sync start ===
2026-07-11 11:00:03,014 INFO MCP session initialized (id=9230a302-5fb3-4934-a764-b243cb5a7f86)
2026-07-11 11:00:04,655 INFO Found folder 'Kindle Scribe' (ID: 1C38JFsUTRYHHimqlQwpoRka0Zi1QJKq6)
2026-07-11 11:00:07,354 INFO Found 0 w-termine files in folder
2026-07-11 11:00:07,354 INFO No new w-termine files found
2026-07-11 11:00:07,357 INFO === scribe_sync end ===
2026-07-11 11:10:02,399 INFO === scribe_sync start ===
2026-07-11 11:10:03,891 INFO MCP session initialized (id=fe9c4b91-162b-4873-acd2-d5f04b5674e1)
2026-07-11 11:10:05,413 INFO Found folder 'Kindle Scribe' (ID: 1C38JFsUTRYHHimqlQwpoRka0Zi1QJKq6)
2026-07-11 11:10:07,104 INFO Found 0 w-termine files in folder
2026-07-11 11:10:07,104 INFO No new w-termine files found
2026-07-11 11:10:07,106 INFO === scribe_sync end ===
2026-07-11 11:20:01,134 INFO === scribe_sync start ===
2026-07-11 11:20:02,960 INFO MCP session initialized (id=1f4c4226-3b69-4734-b666-d48977eb80a0)
2026-07-11 11:20:04,453 INFO Found folder 'Kindle Scribe' (ID: 1C38JFsUTRYHHimqlQwpoRka0Zi1QJKq6)
2026-07-11 11:20:06,059 INFO Found 0 w-termine files in folder
2026-07-11 11:20:06,059 INFO No new w-termine files found
2026-07-11 11:20:06,062 INFO === scribe_sync end ===
2026-07-11 11:30:01,925 INFO === scribe_sync start ===
2026-07-11 11:30:03,824 INFO MCP session initialized (id=cfe8ea39-2979-4c83-ba0a-f84e7591b976)
2026-07-11 11:30:05,751 INFO Found folder 'Kindle Scribe' (ID: 1C38JFsUTRYHHimqlQwpoRka0Zi1QJKq6)
2026-07-11 11:30:07,092 INFO Found 0 w-termine files in folder
2026-07-11 11:30:07,093 INFO No new w-termine files found
2026-07-11 11:30:07,095 INFO === scribe_sync end ===
2026-07-11 11:40:01,178 INFO === scribe_sync start ===
2026-07-11 11:40:02,698 INFO MCP session initialized (id=4a3d3043-a24b-4e06-b029-6be502e2db97)
2026-07-11 11:40:04,120 INFO Found folder 'Kindle Scribe' (ID: 1C38JFsUTRYHHimqlQwpoRka0Zi1QJKq6)
2026-07-11 11:40:05,755 INFO Found 0 w-termine files in folder
2026-07-11 11:40:05,756 INFO No new w-termine files found
2026-07-11 11:40:05,758 INFO === scribe_sync end ===
2026-07-11 11:50:01,905 INFO === scribe_sync start ===
2026-07-11 11:50:03,368 INFO MCP session initialized (id=1a6b7b65-1f11-4c3f-977c-492a07d60104)
2026-07-11 11:50:04,902 INFO Found folder 'Kindle Scribe' (ID: 1C38JFsUTRYHHimqlQwpoRka0Zi1QJKq6)
2026-07-11 11:50:06,189 INFO Found 0 w-termine files in folder
2026-07-11 11:50:06,190 INFO No new w-termine files found
2026-07-11 11:50:06,192 INFO === scribe_sync end ===
2026-07-11 12:00:02,009 INFO === scribe_sync start ===
2026-07-11 12:00:04,015 INFO MCP session initialized (id=63cb1f9a-d25d-4cdf-9362-f2517327cb83)
2026-07-11 12:00:06,366 INFO Found folder 'Kindle Scribe' (ID: 1C38JFsUTRYHHimqlQwpoRka0Zi1QJKq6)
2026-07-11 12:00:08,516 INFO Found 0 w-termine files in folder
2026-07-11 12:00:08,517 INFO No new w-termine files found
2026-07-11 12:00:08,522 INFO === scribe_sync end ===
2026-07-11 12:10:01,988 INFO === scribe_sync start ===
2026-07-11 12:10:03,850 INFO MCP session initialized (id=840f6770-2136-47f9-b057-8dabbcb61e7a)
2026-07-11 12:10:05,270 INFO Found folder 'Kindle Scribe' (ID: 1C38JFsUTRYHHimqlQwpoRka0Zi1QJKq6)
2026-07-11 12:10:06,862 INFO Found 0 w-termine files in folder
2026-07-11 12:10:06,862 INFO No new w-termine files found
2026-07-11 12:10:06,864 INFO === scribe_sync end ===
2026-07-11 12:20:01,945 INFO === scribe_sync start ===
2026-07-11 12:20:03,774 INFO MCP session initialized (id=e67f4036-c4b5-4c6f-b2ed-d75a41f4daa0)
2026-07-11 12:20:05,251 INFO Found folder 'Kindle Scribe' (ID: 1C38JFsUTRYHHimqlQwpoRka0Zi1QJKq6)
2026-07-11 12:20:06,843 INFO Found 0 w-termine files in folder
2026-07-11 12:20:06,843 INFO No new w-termine files found
2026-07-11 12:20:06,846 INFO === scribe_sync end ===
2026-07-11 12:30:01,717 INFO === scribe_sync start ===
2026-07-11 12:30:03,742 INFO MCP session initialized (id=be25f3c3-c6a0-4f17-969d-a2f11f24fbaf)
2026-07-11 12:30:05,373 INFO Found folder 'Kindle Scribe' (ID: 1C38JFsUTRYHHimqlQwpoRka0Zi1QJKq6)
2026-07-11 12:30:06,732 INFO Found 0 w-termine files in folder
2026-07-11 12:30:06,732 INFO No new w-termine files found
2026-07-11 12:30:06,734 INFO === scribe_sync end ===
2026-07-11 12:40:01,538 INFO === scribe_sync start ===
2026-07-11 12:40:03,438 INFO MCP session initialized (id=a2e73ba9-fcd5-4d6f-ae17-fe5cf5e185b7)
2026-07-11 12:40:04,798 INFO Found folder 'Kindle Scribe' (ID: 1C38JFsUTRYHHimqlQwpoRka0Zi1QJKq6)
2026-07-11 12:40:06,121 INFO Found 0 w-termine files in folder
2026-07-11 12:40:06,121 INFO No new w-termine files found
2026-07-11 12:40:06,123 INFO === scribe_sync end ===
2026-07-11 12:50:01,892 INFO === scribe_sync start ===
2026-07-11 12:50:03,864 INFO MCP session initialized (id=fec2e6a8-1a15-4ef4-9f60-26e403392b92)
2026-07-11 12:50:05,311 INFO Found folder 'Kindle Scribe' (ID: 1C38JFsUTRYHHimqlQwpoRka0Zi1QJKq6)
2026-07-11 12:50:07,115 INFO Found 0 w-termine files in folder
2026-07-11 12:50:07,116 INFO No new w-termine files found
2026-07-11 12:50:07,119 INFO === scribe_sync end ===
2026-07-11 13:00:01,593 INFO === scribe_sync start ===
2026-07-11 13:00:03,198 INFO MCP session initialized (id=5306c4f4-923c-4873-9205-388bc085dbdb)
2026-07-11 13:00:04,998 INFO Found folder 'Kindle Scribe' (ID: 1C38JFsUTRYHHimqlQwpoRka0Zi1QJKq6)
2026-07-11 13:00:07,514 INFO Found 0 w-termine files in folder
2026-07-11 13:00:07,518 INFO No new w-termine files found
2026-07-11 13:00:07,530 INFO === scribe_sync end ===
2026-07-11 13:10:01,394 INFO === scribe_sync start ===
2026-07-11 13:10:02,918 INFO MCP session initialized (id=3a23136b-97e0-4140-b909-10b1835d0061)
2026-07-11 13:10:04,590 INFO Found folder 'Kindle Scribe' (ID: 1C38JFsUTRYHHimqlQwpoRka0Zi1QJKq6)
2026-07-11 13:10:06,065 INFO Found 0 w-termine files in folder
2026-07-11 13:10:06,065 INFO No new w-termine files found
2026-07-11 13:10:06,069 INFO === scribe_sync end ===
2026-07-11 13:20:01,687 INFO === scribe_sync start ===
2026-07-11 13:20:03,318 INFO MCP session initialized (id=8c91aa40-637e-4bfc-b531-790ebd88add4)
2026-07-11 13:20:04,817 INFO Found folder 'Kindle Scribe' (ID: 1C38JFsUTRYHHimqlQwpoRka0Zi1QJKq6)
2026-07-11 13:20:06,203 INFO Found 0 w-termine files in folder
2026-07-11 13:20:06,203 INFO No new w-termine files found
2026-07-11 13:20:06,205 INFO === scribe_sync end ===
2026-07-11 13:30:01,419 INFO === scribe_sync start ===
2026-07-11 13:30:03,674 INFO MCP session initialized (id=5dd96891-0846-453c-9b1f-531fa8c676b6)
2026-07-11 13:30:05,704 INFO Found folder 'Kindle Scribe' (ID: 1C38JFsUTRYHHimqlQwpoRka0Zi1QJKq6)
2026-07-11 13:30:07,094 INFO Found 0 w-termine files in folder
2026-07-11 13:30:07,094 INFO No new w-termine files found
2026-07-11 13:30:07,102 INFO === scribe_sync end ===
2026-07-11 13:40:01,937 INFO === scribe_sync start ===
2026-07-11 13:40:03,798 INFO MCP session initialized (id=2721a0ce-17ec-480a-905f-542009e9f560)
2026-07-11 13:40:05,386 INFO Found folder 'Kindle Scribe' (ID: 1C38JFsUTRYHHimqlQwpoRka0Zi1QJKq6)
2026-07-11 13:40:06,826 INFO Found 0 w-termine files in folder
2026-07-11 13:40:06,827 INFO No new w-termine files found
2026-07-11 13:40:06,830 INFO === scribe_sync end ===
2026-07-11 13:50:01,143 INFO === scribe_sync start ===
2026-07-11 13:50:14,588 INFO MCP session initialized (id=d65b68d5-95ec-4563-9417-36962b19f58b)
2026-07-11 13:50:16,294 INFO Found folder 'Kindle Scribe' (ID: 1C38JFsUTRYHHimqlQwpoRka0Zi1QJKq6)
2026-07-11 13:50:17,598 INFO Found 0 w-termine files in folder
2026-07-11 13:50:17,598 INFO No new w-termine files found
2026-07-11 13:50:17,600 INFO === scribe_sync end ===
2026-07-11 14:00:01,222 INFO === scribe_sync start ===
2026-07-11 14:00:02,613 INFO MCP session initialized (id=0aabe80f-6ecd-445f-8ad4-a8ca9b59ef86)
2026-07-11 14:00:07,018 INFO Found folder 'Kindle Scribe' (ID: 1C38JFsUTRYHHimqlQwpoRka0Zi1QJKq6)
2026-07-11 14:00:10,282 INFO Found 0 w-termine files in folder
2026-07-11 14:00:10,282 INFO No new w-termine files found
2026-07-11 14:00:10,283 INFO === scribe_sync end ===
2026-07-11 14:10:01,544 INFO === scribe_sync start ===
2026-07-11 14:10:03,042 INFO MCP session initialized (id=f6840210-b0ae-4721-986c-76b8795ea49c)
2026-07-11 14:10:04,637 INFO Found folder 'Kindle Scribe' (ID: 1C38JFsUTRYHHimqlQwpoRka0Zi1QJKq6)
2026-07-11 14:10:06,045 INFO Found 0 w-termine files in folder
2026-07-11 14:10:06,045 INFO No new w-termine files found
2026-07-11 14:10:06,047 INFO === scribe_sync end ===
2026-07-11 14:20:01,997 INFO === scribe_sync start ===
2026-07-11 14:20:03,585 INFO MCP session initialized (id=85ff3edc-508b-4dbd-b4f2-3c0a234142b0)
2026-07-11 14:20:04,956 INFO Found folder 'Kindle Scribe' (ID: 1C38JFsUTRYHHimqlQwpoRka0Zi1QJKq6)
2026-07-11 14:20:06,499 INFO Found 0 w-termine files in folder
2026-07-11 14:20:06,499 INFO No new w-termine files found
2026-07-11 14:20:06,503 INFO === scribe_sync end ===
2026-07-11 14:30:01,907 INFO === scribe_sync start ===
2026-07-11 14:30:03,675 INFO MCP session initialized (id=afb1173c-78a8-4960-a651-95fd8ea0fdb8)
2026-07-11 14:30:05,365 INFO Found folder 'Kindle Scribe' (ID: 1C38JFsUTRYHHimqlQwpoRka0Zi1QJKq6)
2026-07-11 14:30:07,037 INFO Found 0 w-termine files in folder
2026-07-11 14:30:07,038 INFO No new w-termine files found
2026-07-11 14:30:07,040 INFO === scribe_sync end ===
2026-07-11 14:40:01,530 INFO === scribe_sync start ===
2026-07-11 14:40:02,969 INFO MCP session initialized (id=f4dd4fa0-34e3-4a37-b6ae-ac629c676364)
2026-07-11 14:40:04,470 INFO Found folder 'Kindle Scribe' (ID: 1C38JFsUTRYHHimqlQwpoRka0Zi1QJKq6)
2026-07-11 14:40:05,922 INFO Found 0 w-termine files in folder
2026-07-11 14:40:05,922 INFO No new w-termine files found
2026-07-11 14:40:05,926 INFO === scribe_sync end ===
2026-07-11 14:50:01,294 INFO === scribe_sync start ===
2026-07-11 14:50:02,691 INFO MCP session initialized (id=02c48f7c-5a3d-45e8-b6cc-2a1f9ebdc49c)
2026-07-11 14:50:04,847 INFO Found folder 'Kindle Scribe' (ID: 1C38JFsUTRYHHimqlQwpoRka0Zi1QJKq6)
2026-07-11 14:50:06,085 INFO Found 0 w-termine files in folder
2026-07-11 14:50:06,087 INFO No new w-termine files found
2026-07-11 14:50:06,089 INFO === scribe_sync end ===
2026-07-11 15:00:01,620 INFO === scribe_sync start ===
2026-07-11 15:00:03,701 INFO MCP session initialized (id=0ec6e6e7-4b74-4bab-a1e8-ae65fd3bd062)
2026-07-11 15:00:05,715 INFO Found folder 'Kindle Scribe' (ID: 1C38JFsUTRYHHimqlQwpoRka0Zi1QJKq6)
2026-07-11 15:00:11,954 INFO Found 0 w-termine files in folder
2026-07-11 15:00:11,954 INFO No new w-termine files found
2026-07-11 15:00:11,957 INFO === scribe_sync end ===
2026-07-11 15:10:01,579 INFO === scribe_sync start ===
2026-07-11 15:10:03,297 INFO MCP session initialized (id=2e306911-8ec1-456e-800e-e88ad9c921a6)
2026-07-11 15:10:04,767 INFO Found folder 'Kindle Scribe' (ID: 1C38JFsUTRYHHimqlQwpoRka0Zi1QJKq6)
2026-07-11 15:10:06,300 INFO Found 0 w-termine files in folder
2026-07-11 15:10:06,300 INFO No new w-termine files found
2026-07-11 15:10:06,303 INFO === scribe_sync end ===
2026-07-11 15:20:02,045 INFO === scribe_sync start ===
2026-07-11 15:20:04,863 INFO MCP session initialized (id=e8cdf941-5759-402f-ad77-94d88de420f1)
2026-07-11 15:20:06,574 INFO Found folder 'Kindle Scribe' (ID: 1C38JFsUTRYHHimqlQwpoRka0Zi1QJKq6)
2026-07-11 15:20:08,114 INFO Found 0 w-termine files in folder
2026-07-11 15:20:08,114 INFO No new w-termine files found
2026-07-11 15:20:08,116 INFO === scribe_sync end ===
2026-07-11 15:30:01,858 INFO === scribe_sync start ===
2026-07-11 15:30:03,781 INFO MCP session initialized (id=ad699ba5-9b21-4ecc-b54c-75714af6beaa)
2026-07-11 15:30:05,440 INFO Found folder 'Kindle Scribe' (ID: 1C38JFsUTRYHHimqlQwpoRka0Zi1QJKq6)
2026-07-11 15:30:06,971 INFO Found 0 w-termine files in folder
2026-07-11 15:30:06,972 INFO No new w-termine files found
2026-07-11 15:30:06,974 INFO === scribe_sync end ===
2026-07-11 15:40:01,172 INFO === scribe_sync start ===
2026-07-11 15:40:02,849 INFO MCP session initialized (id=d6f795a2-a5e6-49d6-b689-000e9c0d18e0)
2026-07-11 15:40:04,574 INFO Found folder 'Kindle Scribe' (ID: 1C38JFsUTRYHHimqlQwpoRka0Zi1QJKq6)
2026-07-11 15:40:06,204 INFO Found 0 w-termine files in folder
2026-07-11 15:40:06,204 INFO No new w-termine files found
2026-07-11 15:40:06,210 INFO === scribe_sync end ===
2026-07-11 15:50:01,369 INFO === scribe_sync start ===
2026-07-11 15:50:02,835 INFO MCP session initialized (id=48e70350-9c43-4bfe-b253-8de398d4cdd5)
2026-07-11 15:50:04,373 INFO Found folder 'Kindle Scribe' (ID: 1C38JFsUTRYHHimqlQwpoRka0Zi1QJKq6)
2026-07-11 15:50:06,125 INFO Found 0 w-termine files in folder
2026-07-11 15:50:06,125 INFO No new w-termine files found
2026-07-11 15:50:06,128 INFO === scribe_sync end ===
2026-07-11 16:00:01,177 INFO === scribe_sync start ===
2026-07-11 16:00:02,615 INFO MCP session initialized (id=7775e855-75c3-483e-a264-a39a0e090f88)
2026-07-11 16:00:06,597 INFO Found folder 'Kindle Scribe' (ID: 1C38JFsUTRYHHimqlQwpoRka0Zi1QJKq6)
2026-07-11 16:00:08,992 INFO Found 0 w-termine files in folder
2026-07-11 16:00:08,993 INFO No new w-termine files found
2026-07-11 16:00:08,995 INFO === scribe_sync end ===
2026-07-11 16:10:02,251 INFO === scribe_sync start ===
2026-07-11 16:10:03,722 INFO MCP session initialized (id=b79c3cf9-4b74-4995-a033-da2842087984)
2026-07-11 16:10:05,946 INFO Found folder 'Kindle Scribe' (ID: 1C38JFsUTRYHHimqlQwpoRka0Zi1QJKq6)
2026-07-11 16:10:07,334 INFO Found 0 w-termine files in folder
2026-07-11 16:10:07,335 INFO No new w-termine files found
2026-07-11 16:10:07,337 INFO === scribe_sync end ===
2026-07-11 16:20:01,173 INFO === scribe_sync start ===
2026-07-11 16:20:03,027 INFO MCP session initialized (id=ed907107-792e-4eda-a158-1068e3b66b39)
2026-07-11 16:20:04,515 INFO Found folder 'Kindle Scribe' (ID: 1C38JFsUTRYHHimqlQwpoRka0Zi1QJKq6)
2026-07-11 16:20:05,842 INFO Found 0 w-termine files in folder
2026-07-11 16:20:05,842 INFO No new w-termine files found
2026-07-11 16:20:05,844 INFO === scribe_sync end ===
2026-07-11 16:30:01,934 INFO === scribe_sync start ===
2026-07-11 16:30:03,952 INFO MCP session initialized (id=b8240caf-8314-435b-aeb6-db0b3ccf84df)
2026-07-11 16:30:05,695 INFO Found folder 'Kindle Scribe' (ID: 1C38JFsUTRYHHimqlQwpoRka0Zi1QJKq6)
2026-07-11 16:30:07,421 INFO Found 0 w-termine files in folder
2026-07-11 16:30:07,422 INFO No new w-termine files found
2026-07-11 16:30:07,425 INFO === scribe_sync end ===
2026-07-11 16:40:02,025 INFO === scribe_sync start ===
2026-07-11 16:40:03,828 INFO MCP session initialized (id=2cfa80d9-6a0d-4ea2-b5fe-f930c557dc54)
2026-07-11 16:40:05,630 INFO Found folder 'Kindle Scribe' (ID: 1C38JFsUTRYHHimqlQwpoRka0Zi1QJKq6)
2026-07-11 16:40:07,950 INFO Found 0 w-termine files in folder
2026-07-11 16:40:07,950 INFO No new w-termine files found
2026-07-11 16:40:07,952 INFO === scribe_sync end ===
2026-07-11 16:50:01,989 INFO === scribe_sync start ===
2026-07-11 16:50:03,864 INFO MCP session initialized (id=b4304478-e376-42d9-8dcc-e062f81ad3e1)
2026-07-11 16:50:05,404 INFO Found folder 'Kindle Scribe' (ID: 1C38JFsUTRYHHimqlQwpoRka0Zi1QJKq6)
2026-07-11 16:50:07,079 INFO Found 0 w-termine files in folder
2026-07-11 16:50:07,143 INFO No new w-termine files found
2026-07-11 16:50:07,176 INFO === scribe_sync end ===
2026-07-11 17:00:02,189 INFO === scribe_sync start ===
2026-07-11 17:00:04,903 INFO MCP session initialized (id=89f5fc25-5aba-423c-8154-b5715581595b)
2026-07-11 17:00:06,970 INFO Found folder 'Kindle Scribe' (ID: 1C38JFsUTRYHHimqlQwpoRka0Zi1QJKq6)
2026-07-11 17:00:08,929 INFO Found 0 w-termine files in folder
2026-07-11 17:00:08,929 INFO No new w-termine files found
2026-07-11 17:00:08,932 INFO === scribe_sync end ===
2026-07-11 17:10:01,165 INFO === scribe_sync start ===
2026-07-11 17:10:02,687 INFO MCP session initialized (id=a3d06b23-4d48-428c-8ab5-144a2d7e8510)
2026-07-11 17:10:04,207 INFO Found folder 'Kindle Scribe' (ID: 1C38JFsUTRYHHimqlQwpoRka0Zi1QJKq6)
2026-07-11 17:10:05,554 INFO Found 0 w-termine files in folder
2026-07-11 17:10:05,555 INFO No new w-termine files found
2026-07-11 17:10:05,556 INFO === scribe_sync end ===
2026-07-11 17:20:01,340 INFO === scribe_sync start ===
2026-07-11 17:20:03,884 INFO MCP session initialized (id=9ff2104e-e475-4d07-8c49-d38654be69c1)
2026-07-11 17:20:05,396 INFO Found folder 'Kindle Scribe' (ID: 1C38JFsUTRYHHimqlQwpoRka0Zi1QJKq6)
2026-07-11 17:20:07,226 INFO Found 0 w-termine files in folder
2026-07-11 17:20:07,226 INFO No new w-termine files found
2026-07-11 17:20:07,229 INFO === scribe_sync end ===
2026-07-11 17:30:01,156 INFO === scribe_sync start ===
2026-07-11 17:30:02,571 INFO MCP session initialized (id=73d3103c-945e-4690-941b-d98695de8706)
2026-07-11 17:30:04,448 INFO Found folder 'Kindle Scribe' (ID: 1C38JFsUTRYHHimqlQwpoRka0Zi1QJKq6)
2026-07-11 17:30:06,679 INFO Found 0 w-termine files in folder
2026-07-11 17:30:06,679 INFO No new w-termine files found
2026-07-11 17:30:06,683 INFO === scribe_sync end ===
2026-07-11 17:40:02,025 INFO === scribe_sync start ===
2026-07-11 17:40:03,997 INFO MCP session initialized (id=0340a320-d726-4130-8bf4-48a9dde4d2ac)
2026-07-11 17:40:05,983 INFO Found folder 'Kindle Scribe' (ID: 1C38JFsUTRYHHimqlQwpoRka0Zi1QJKq6)
2026-07-11 17:40:07,449 INFO Found 0 w-termine files in folder
2026-07-11 17:40:07,449 INFO No new w-termine files found
2026-07-11 17:40:07,451 INFO === scribe_sync end ===
2026-07-11 17:50:02,124 INFO === scribe_sync start ===
2026-07-11 17:50:03,980 INFO MCP session initialized (id=aab744ed-baa9-4b88-9fce-1346552acf12)
2026-07-11 17:50:05,600 INFO Found folder 'Kindle Scribe' (ID: 1C38JFsUTRYHHimqlQwpoRka0Zi1QJKq6)
2026-07-11 17:50:07,004 INFO Found 0 w-termine files in folder
2026-07-11 17:50:07,004 INFO No new w-termine files found
2026-07-11 17:50:07,018 INFO === scribe_sync end ===
2026-07-11 18:00:01,704 INFO === scribe_sync start ===
2026-07-11 18:00:03,692 INFO MCP session initialized (id=14c19364-3886-482f-9093-9d0ed8e0061f)
2026-07-11 18:00:05,527 INFO Found folder 'Kindle Scribe' (ID: 1C38JFsUTRYHHimqlQwpoRka0Zi1QJKq6)
2026-07-11 18:00:07,421 INFO Found 0 w-termine files in folder
2026-07-11 18:00:07,422 INFO No new w-termine files found
2026-07-11 18:00:07,435 INFO === scribe_sync end ===
2026-07-11 18:10:01,480 INFO === scribe_sync start ===
2026-07-11 18:10:03,233 INFO MCP session initialized (id=b80556be-9631-4d7d-b66a-9f4f4e0937ab)
2026-07-11 18:10:04,849 INFO Found folder 'Kindle Scribe' (ID: 1C38JFsUTRYHHimqlQwpoRka0Zi1QJKq6)
2026-07-11 18:10:06,228 INFO Found 0 w-termine files in folder
2026-07-11 18:10:06,228 INFO No new w-termine files found
2026-07-11 18:10:06,231 INFO === scribe_sync end ===
2026-07-11 18:20:02,128 INFO === scribe_sync start ===
2026-07-11 18:20:03,955 INFO MCP session initialized (id=ff9117d4-88a0-419f-9429-e7c300831094)
2026-07-11 18:20:05,548 INFO Found folder 'Kindle Scribe' (ID: 1C38JFsUTRYHHimqlQwpoRka0Zi1QJKq6)
2026-07-11 18:20:07,194 INFO Found 0 w-termine files in folder
2026-07-11 18:20:07,194 INFO No new w-termine files found
2026-07-11 18:20:07,202 INFO === scribe_sync end ===
2026-07-11 18:30:01,753 INFO === scribe_sync start ===
2026-07-11 18:30:03,720 INFO MCP session initialized (id=2b109e3d-254d-49fa-aeb5-f78914ee7d2f)
2026-07-11 18:30:05,565 INFO Found folder 'Kindle Scribe' (ID: 1C38JFsUTRYHHimqlQwpoRka0Zi1QJKq6)
2026-07-11 18:30:07,343 INFO Found 0 w-termine files in folder
2026-07-11 18:30:07,343 INFO No new w-termine files found
2026-07-11 18:30:07,347 INFO === scribe_sync end ===
2026-07-11 18:40:01,635 INFO === scribe_sync start ===
2026-07-11 18:40:02,988 INFO MCP session initialized (id=dc39c7ce-4d91-45b3-9edc-77cacb91994a)
2026-07-11 18:40:04,439 INFO Found folder 'Kindle Scribe' (ID: 1C38JFsUTRYHHimqlQwpoRka0Zi1QJKq6)
2026-07-11 18:40:05,859 INFO Found 0 w-termine files in folder
2026-07-11 18:40:05,860 INFO No new w-termine files found
2026-07-11 18:40:05,887 INFO === scribe_sync end ===
2026-07-11 18:50:02,705 INFO === scribe_sync start ===
2026-07-11 18:50:04,503 INFO MCP session initialized (id=2b835719-93ac-43e0-bbee-a7cd582c2b67)
2026-07-11 18:50:06,292 INFO Found folder 'Kindle Scribe' (ID: 1C38JFsUTRYHHimqlQwpoRka0Zi1QJKq6)
2026-07-11 18:50:07,617 INFO Found 0 w-termine files in folder
2026-07-11 18:50:07,618 INFO No new w-termine files found
2026-07-11 18:50:07,623 INFO === scribe_sync end ===
2026-07-11 19:00:01,775 INFO === scribe_sync start ===
2026-07-11 19:00:03,899 INFO MCP session initialized (id=f864dc32-237c-4c39-a6d1-669388282f7e)
2026-07-11 19:00:06,899 INFO Found folder 'Kindle Scribe' (ID: 1C38JFsUTRYHHimqlQwpoRka0Zi1QJKq6)
2026-07-11 19:00:08,300 INFO Found 0 w-termine files in folder
2026-07-11 19:00:08,300 INFO No new w-termine files found
2026-07-11 19:00:08,302 INFO === scribe_sync end ===
2026-07-11 19:10:02,251 INFO === scribe_sync start ===
2026-07-11 19:10:04,202 INFO MCP session initialized (id=b3f87803-da6c-4a66-9d5a-08231dcb8c1e)
2026-07-11 19:10:05,815 INFO Found folder 'Kindle Scribe' (ID: 1C38JFsUTRYHHimqlQwpoRka0Zi1QJKq6)
2026-07-11 19:10:08,180 INFO Found 0 w-termine files in folder
2026-07-11 19:10:08,180 INFO No new w-termine files found
2026-07-11 19:10:08,183 INFO === scribe_sync end ===
2026-07-11 19:20:01,380 INFO === scribe_sync start ===
2026-07-11 19:20:02,749 INFO MCP session initialized (id=1811823f-138c-4137-afdf-fdb3421996a0)
2026-07-11 19:20:04,276 INFO Found folder 'Kindle Scribe' (ID: 1C38JFsUTRYHHimqlQwpoRka0Zi1QJKq6)
2026-07-11 19:20:05,487 INFO Found 0 w-termine files in folder
2026-07-11 19:20:05,487 INFO No new w-termine files found
2026-07-11 19:20:05,491 INFO === scribe_sync end ===
2026-07-11 19:30:01,940 INFO === scribe_sync start ===
2026-07-11 19:30:03,989 INFO MCP session initialized (id=6fe85358-835c-401f-b55f-c9559447c0b1)
2026-07-11 19:30:05,772 INFO Found folder 'Kindle Scribe' (ID: 1C38JFsUTRYHHimqlQwpoRka0Zi1QJKq6)
2026-07-11 19:30:07,445 INFO Found 0 w-termine files in folder
2026-07-11 19:30:07,445 INFO No new w-termine files found
2026-07-11 19:30:07,446 INFO === scribe_sync end ===
2026-07-11 19:40:01,212 INFO === scribe_sync start ===
2026-07-11 19:40:02,968 INFO MCP session initialized (id=2f2fa908-8116-41d6-8f29-e7ae0aec3723)
2026-07-11 19:40:04,720 INFO Found folder 'Kindle Scribe' (ID: 1C38JFsUTRYHHimqlQwpoRka0Zi1QJKq6)
2026-07-11 19:40:06,736 INFO Found 0 w-termine files in folder
2026-07-11 19:40:06,736 INFO No new w-termine files found
2026-07-11 19:40:06,747 INFO === scribe_sync end ===
2026-07-11 19:50:01,884 INFO === scribe_sync start ===
2026-07-11 19:50:03,948 INFO MCP session initialized (id=88da9188-9b71-40a7-8ec8-dff25a446546)
2026-07-11 19:50:05,559 INFO Found folder 'Kindle Scribe' (ID: 1C38JFsUTRYHHimqlQwpoRka0Zi1QJKq6)
2026-07-11 19:50:06,842 INFO Found 0 w-termine files in folder
2026-07-11 19:50:06,842 INFO No new w-termine files found
2026-07-11 19:50:06,844 INFO === scribe_sync end ===
2026-07-11 20:00:01,932 INFO === scribe_sync start ===
2026-07-11 20:00:03,819 INFO MCP session initialized (id=421e3859-0ea5-4697-a08a-5903770edcdd)
2026-07-11 20:00:07,301 INFO Found folder 'Kindle Scribe' (ID: 1C38JFsUTRYHHimqlQwpoRka0Zi1QJKq6)
2026-07-11 20:00:09,550 INFO Found 0 w-termine files in folder
2026-07-11 20:00:09,551 INFO No new w-termine files found
2026-07-11 20:00:09,554 INFO === scribe_sync end ===
2026-07-11 20:10:01,827 INFO === scribe_sync start ===
2026-07-11 20:10:03,225 INFO MCP session initialized (id=1db0224f-d51e-4b6b-8566-9b3dc78af093)
2026-07-11 20:10:05,269 INFO Found folder 'Kindle Scribe' (ID: 1C38JFsUTRYHHimqlQwpoRka0Zi1QJKq6)
2026-07-11 20:10:06,620 INFO Found 0 w-termine files in folder
2026-07-11 20:10:06,620 INFO No new w-termine files found
2026-07-11 20:10:06,623 INFO === scribe_sync end ===
2026-07-11 20:20:01,491 INFO === scribe_sync start ===
2026-07-11 20:20:03,078 INFO MCP session initialized (id=04b3a5c9-a145-4292-b479-cf663f119cb4)
2026-07-11 20:20:04,963 INFO Found folder 'Kindle Scribe' (ID: 1C38JFsUTRYHHimqlQwpoRka0Zi1QJKq6)
2026-07-11 20:20:06,355 INFO Found 0 w-termine files in folder
2026-07-11 20:20:06,355 INFO No new w-termine files found
2026-07-11 20:20:06,357 INFO === scribe_sync end ===
2026-07-11 20:30:01,860 INFO === scribe_sync start ===
2026-07-11 20:30:03,806 INFO MCP session initialized (id=b94712e7-2739-4d5f-b958-3ee126f613dc)
2026-07-11 20:30:05,942 INFO Found folder 'Kindle Scribe' (ID: 1C38JFsUTRYHHimqlQwpoRka0Zi1QJKq6)
2026-07-11 20:30:07,745 INFO Found 0 w-termine files in folder
2026-07-11 20:30:07,745 INFO No new w-termine files found
2026-07-11 20:30:07,751 INFO === scribe_sync end ===
2026-07-11 20:40:01,335 INFO === scribe_sync start ===
2026-07-11 20:40:02,892 INFO MCP session initialized (id=7cb229ff-10ae-4840-b9d8-7008f5ce15bd)
2026-07-11 20:40:04,549 INFO Found folder 'Kindle Scribe' (ID: 1C38JFsUTRYHHimqlQwpoRka0Zi1QJKq6)
2026-07-11 20:40:05,889 INFO Found 0 w-termine files in folder
2026-07-11 20:40:05,891 INFO No new w-termine files found
2026-07-11 20:40:05,893 INFO === scribe_sync end ===
2026-07-11 20:50:01,205 INFO === scribe_sync start ===
2026-07-11 20:50:03,067 INFO MCP session initialized (id=23041105-f178-4062-90c9-f378e3ed6196)
2026-07-11 20:50:04,459 INFO Found folder 'Kindle Scribe' (ID: 1C38JFsUTRYHHimqlQwpoRka0Zi1QJKq6)
2026-07-11 20:50:05,996 INFO Found 0 w-termine files in folder
2026-07-11 20:50:05,996 INFO No new w-termine files found
2026-07-11 20:50:05,998 INFO === scribe_sync end ===
2026-07-11 21:00:01,841 INFO === scribe_sync start ===
2026-07-11 21:00:03,482 INFO MCP session initialized (id=90d6e178-c2d3-4df7-9acc-6dcf22401925)
2026-07-11 21:00:06,129 INFO Found folder 'Kindle Scribe' (ID: 1C38JFsUTRYHHimqlQwpoRka0Zi1QJKq6)
2026-07-11 21:00:07,907 INFO Found 0 w-termine files in folder
2026-07-11 21:00:07,907 INFO No new w-termine files found
2026-07-11 21:00:07,909 INFO === scribe_sync end ===
2026-07-11 21:10:02,369 INFO === scribe_sync start ===
2026-07-11 21:10:03,809 INFO MCP session initialized (id=cc0e6dfd-5cc5-446a-8727-d3258c88271b)
2026-07-11 21:10:06,015 INFO Found folder 'Kindle Scribe' (ID: 1C38JFsUTRYHHimqlQwpoRka0Zi1QJKq6)
2026-07-11 21:10:07,539 INFO Found 0 w-termine files in folder
2026-07-11 21:10:07,539 INFO No new w-termine files found
2026-07-11 21:10:07,542 INFO === scribe_sync end ===
2026-07-11 21:20:01,816 INFO === scribe_sync start ===
2026-07-11 21:20:03,324 INFO MCP session initialized (id=49efd4c8-9459-4e35-a4f9-ee83f687f468)
2026-07-11 21:20:05,208 INFO Found folder 'Kindle Scribe' (ID: 1C38JFsUTRYHHimqlQwpoRka0Zi1QJKq6)
2026-07-11 21:20:06,674 INFO Found 0 w-termine files in folder
2026-07-11 21:20:06,679 INFO No new w-termine files found
2026-07-11 21:20:06,690 INFO === scribe_sync end ===
2026-07-11 21:30:01,357 INFO === scribe_sync start ===
2026-07-11 21:30:03,359 INFO MCP session initialized (id=55b44aae-84a9-493a-983f-fd884e5fd8ec)
2026-07-11 21:30:05,436 INFO Found folder 'Kindle Scribe' (ID: 1C38JFsUTRYHHimqlQwpoRka0Zi1QJKq6)
2026-07-11 21:30:06,845 INFO Found 0 w-termine files in folder
2026-07-11 21:30:06,845 INFO No new w-termine files found
2026-07-11 21:30:06,847 INFO === scribe_sync end ===
2026-07-11 21:40:01,616 INFO === scribe_sync start ===
2026-07-11 21:40:02,978 INFO MCP session initialized (id=fa4bfb4a-06df-418c-b01b-9eab1a034732)
2026-07-11 21:40:04,484 INFO Found folder 'Kindle Scribe' (ID: 1C38JFsUTRYHHimqlQwpoRka0Zi1QJKq6)
2026-07-11 21:40:06,311 INFO Found 0 w-termine files in folder
2026-07-11 21:40:06,312 INFO No new w-termine files found
2026-07-11 21:40:06,315 INFO === scribe_sync end ===
2026-07-11 21:50:01,140 INFO === scribe_sync start ===
2026-07-11 21:50:02,780 INFO MCP session initialized (id=cfe4f9ff-cb2c-4032-af4d-1505eaefea4f)
2026-07-11 21:50:04,417 INFO Found folder 'Kindle Scribe' (ID: 1C38JFsUTRYHHimqlQwpoRka0Zi1QJKq6)
2026-07-11 21:50:05,841 INFO Found 0 w-termine files in folder
2026-07-11 21:50:05,842 INFO No new w-termine files found
2026-07-11 21:50:05,844 INFO === scribe_sync end ===
2026-07-11 22:00:01,644 INFO === scribe_sync start ===
2026-07-11 22:00:03,779 INFO MCP session initialized (id=27788452-cb38-429a-af78-dbf611547ee7)
2026-07-11 22:00:07,177 INFO Found folder 'Kindle Scribe' (ID: 1C38JFsUTRYHHimqlQwpoRka0Zi1QJKq6)
2026-07-11 22:00:10,035 INFO Found 0 w-termine files in folder
2026-07-11 22:00:10,035 INFO No new w-termine files found
2026-07-11 22:00:10,038 INFO === scribe_sync end ===
2026-07-11 22:10:01,121 INFO === scribe_sync start ===
2026-07-11 22:10:02,601 INFO MCP session initialized (id=3495f875-5b7b-4a18-b319-11fa75e38b29)
2026-07-11 22:10:04,036 INFO Found folder 'Kindle Scribe' (ID: 1C38JFsUTRYHHimqlQwpoRka0Zi1QJKq6)
2026-07-11 22:10:05,627 INFO Found 0 w-termine files in folder
2026-07-11 22:10:05,630 INFO No new w-termine files found
2026-07-11 22:10:05,638 INFO === scribe_sync end ===
2026-07-11 22:20:01,440 INFO === scribe_sync start ===
2026-07-11 22:20:02,850 INFO MCP session initialized (id=64bd72eb-03fa-4f4f-a767-e0af34469f17)
2026-07-11 22:20:04,334 INFO Found folder 'Kindle Scribe' (ID: 1C38JFsUTRYHHimqlQwpoRka0Zi1QJKq6)
2026-07-11 22:20:05,709 INFO Found 0 w-termine files in folder
2026-07-11 22:20:05,710 INFO No new w-termine files found
2026-07-11 22:20:05,714 INFO === scribe_sync end ===
2026-07-11 22:30:01,491 INFO === scribe_sync start ===
2026-07-11 22:30:03,183 INFO MCP session initialized (id=e9e40368-5a82-49ad-b580-7f956fab2f7b)
2026-07-11 22:30:05,477 INFO Found folder 'Kindle Scribe' (ID: 1C38JFsUTRYHHimqlQwpoRka0Zi1QJKq6)
2026-07-11 22:30:07,434 INFO Found 0 w-termine files in folder
2026-07-11 22:30:07,434 INFO No new w-termine files found
2026-07-11 22:30:07,439 INFO === scribe_sync end ===
2026-07-11 22:40:02,350 INFO === scribe_sync start ===
2026-07-11 22:40:04,341 INFO MCP session initialized (id=c569c8df-fc47-441c-a5c8-1e1e9171f152)
2026-07-11 22:40:05,740 INFO Found folder 'Kindle Scribe' (ID: 1C38JFsUTRYHHimqlQwpoRka0Zi1QJKq6)
2026-07-11 22:40:07,233 INFO Found 0 w-termine files in folder
2026-07-11 22:40:07,234 INFO No new w-termine files found
2026-07-11 22:40:07,235 INFO === scribe_sync end ===
2026-07-11 22:50:01,616 INFO === scribe_sync start ===
2026-07-11 22:50:03,454 INFO MCP session initialized (id=bf92d51c-a87a-4ed4-b48e-c8c4aff71451)
2026-07-11 22:50:05,320 INFO Found folder 'Kindle Scribe' (ID: 1C38JFsUTRYHHimqlQwpoRka0Zi1QJKq6)
2026-07-11 22:50:07,010 INFO Found 0 w-termine files in folder
2026-07-11 22:50:07,010 INFO No new w-termine files found
2026-07-11 22:50:07,012 INFO === scribe_sync end ===
2026-07-11 23:00:01,758 INFO === scribe_sync start ===
2026-07-11 23:00:03,670 INFO MCP session initialized (id=4298a28d-9d1b-4e8f-8df9-432dc267e5e5)
2026-07-11 23:00:05,852 INFO Found folder 'Kindle Scribe' (ID: 1C38JFsUTRYHHimqlQwpoRka0Zi1QJKq6)
2026-07-11 23:00:08,185 INFO Found 0 w-termine files in folder
2026-07-11 23:00:08,185 INFO No new w-termine files found
2026-07-11 23:00:08,188 INFO === scribe_sync end ===
2026-07-11 23:10:01,686 INFO === scribe_sync start ===
2026-07-11 23:10:03,377 INFO MCP session initialized (id=c1536720-7214-4ffe-b772-aee0caa76fcb)
2026-07-11 23:10:04,853 INFO Found folder 'Kindle Scribe' (ID: 1C38JFsUTRYHHimqlQwpoRka0Zi1QJKq6)
2026-07-11 23:10:06,110 INFO Found 0 w-termine files in folder
2026-07-11 23:10:06,110 INFO No new w-termine files found
2026-07-11 23:10:06,112 INFO === scribe_sync end ===
2026-07-11 23:20:01,438 INFO === scribe_sync start ===
2026-07-11 23:20:03,179 INFO MCP session initialized (id=45a672d4-c95c-4637-9e61-b16bef9f343f)
2026-07-11 23:20:04,681 INFO Found folder 'Kindle Scribe' (ID: 1C38JFsUTRYHHimqlQwpoRka0Zi1QJKq6)
2026-07-11 23:20:06,048 INFO Found 0 w-termine files in folder
2026-07-11 23:20:06,049 INFO No new w-termine files found
2026-07-11 23:20:06,053 INFO === scribe_sync end ===
2026-07-11 23:30:01,320 INFO === scribe_sync start ===
2026-07-11 23:30:02,889 INFO MCP session initialized (id=f0242400-3408-4617-a64f-becdf50b5d21)
2026-07-11 23:30:04,412 INFO Found folder 'Kindle Scribe' (ID: 1C38JFsUTRYHHimqlQwpoRka0Zi1QJKq6)
2026-07-11 23:30:05,971 INFO Found 0 w-termine files in folder
2026-07-11 23:30:05,972 INFO No new w-termine files found
2026-07-11 23:30:05,977 INFO === scribe_sync end ===
2026-07-11 23:40:01,167 INFO === scribe_sync start ===
2026-07-11 23:40:03,050 INFO MCP session initialized (id=b5987ba7-c48a-42ff-a1b6-14f7605857e4)
2026-07-11 23:40:05,898 INFO Found folder 'Kindle Scribe' (ID: 1C38JFsUTRYHHimqlQwpoRka0Zi1QJKq6)
2026-07-11 23:40:07,298 INFO Found 0 w-termine files in folder
2026-07-11 23:40:07,299 INFO No new w-termine files found
2026-07-11 23:40:07,301 INFO === scribe_sync end ===
2026-07-11 23:50:02,210 INFO === scribe_sync start ===
2026-07-11 23:50:04,182 INFO MCP session initialized (id=71a881e6-e460-4e8b-be73-c31390b4eb5e)
2026-07-11 23:50:05,647 INFO Found folder 'Kindle Scribe' (ID: 1C38JFsUTRYHHimqlQwpoRka0Zi1QJKq6)
2026-07-11 23:50:07,374 INFO Found 0 w-termine files in folder
2026-07-11 23:50:07,374 INFO No new w-termine files found
2026-07-11 23:50:07,377 INFO === scribe_sync end ===
2026-07-12 00:00:01,700 INFO === scribe_sync start ===
2026-07-12 00:00:03,706 INFO MCP session initialized (id=70b143d1-1a86-4ca9-93e9-1cc7013e5d26)
2026-07-12 00:00:05,438 INFO Found folder 'Kindle Scribe' (ID: 1C38JFsUTRYHHimqlQwpoRka0Zi1QJKq6)
2026-07-12 00:00:07,649 INFO Found 0 w-termine files in folder
2026-07-12 00:00:07,649 INFO No new w-termine files found
2026-07-12 00:00:07,655 INFO === scribe_sync end ===
2026-07-12 00:10:01,990 INFO === scribe_sync start ===
2026-07-12 00:10:03,808 INFO MCP session initialized (id=63363fd3-6e11-4ea9-a674-40afb138303a)
2026-07-12 00:10:06,026 INFO Found folder 'Kindle Scribe' (ID: 1C38JFsUTRYHHimqlQwpoRka0Zi1QJKq6)
2026-07-12 00:10:07,303 INFO Found 0 w-termine files in folder
2026-07-12 00:10:07,304 INFO No new w-termine files found
2026-07-12 00:10:07,306 INFO === scribe_sync end ===
2026-07-12 00:20:01,971 INFO === scribe_sync start ===
2026-07-12 00:20:03,699 INFO MCP session initialized (id=da66f216-ae57-4746-80df-931719840222)
2026-07-12 00:20:05,338 INFO Found folder 'Kindle Scribe' (ID: 1C38JFsUTRYHHimqlQwpoRka0Zi1QJKq6)
2026-07-12 00:20:06,831 INFO Found 0 w-termine files in folder
2026-07-12 00:20:06,831 INFO No new w-termine files found
2026-07-12 00:20:06,833 INFO === scribe_sync end ===
2026-07-12 00:30:01,818 INFO === scribe_sync start ===
2026-07-12 00:30:03,811 INFO MCP session initialized (id=3ea46a71-e5e8-4fa6-880a-753daaaa931f)
2026-07-12 00:30:05,599 INFO Found folder 'Kindle Scribe' (ID: 1C38JFsUTRYHHimqlQwpoRka0Zi1QJKq6)
2026-07-12 00:30:07,203 INFO Found 0 w-termine files in folder
2026-07-12 00:30:07,203 INFO No new w-termine files found
2026-07-12 00:30:07,205 INFO === scribe_sync end ===
2026-07-12 00:40:02,153 INFO === scribe_sync start ===
2026-07-12 00:40:03,513 INFO MCP session initialized (id=17c3e77d-ae08-49ab-8387-0af82668bf72)
2026-07-12 00:40:04,985 INFO Found folder 'Kindle Scribe' (ID: 1C38JFsUTRYHHimqlQwpoRka0Zi1QJKq6)
2026-07-12 00:40:06,269 INFO Found 0 w-termine files in folder
2026-07-12 00:40:06,270 INFO No new w-termine files found
2026-07-12 00:40:06,272 INFO === scribe_sync end ===
2026-07-12 00:50:01,671 INFO === scribe_sync start ===
2026-07-12 00:50:03,073 INFO MCP session initialized (id=de1c5320-17a4-4d2d-a913-7b4c8b6cbcd7)
2026-07-12 00:50:04,677 INFO Found folder 'Kindle Scribe' (ID: 1C38JFsUTRYHHimqlQwpoRka0Zi1QJKq6)
2026-07-12 00:50:06,096 INFO Found 0 w-termine files in folder
2026-07-12 00:50:06,096 INFO No new w-termine files found
2026-07-12 00:50:06,098 INFO === scribe_sync end ===
2026-07-12 01:00:01,351 INFO === scribe_sync start ===
2026-07-12 01:00:02,938 INFO MCP session initialized (id=6ed72515-3de3-48d2-887b-89d9f160c7c3)
2026-07-12 01:00:05,158 INFO Found folder 'Kindle Scribe' (ID: 1C38JFsUTRYHHimqlQwpoRka0Zi1QJKq6)
2026-07-12 01:00:06,471 INFO Found 0 w-termine files in folder
2026-07-12 01:00:06,471 INFO No new w-termine files found
2026-07-12 01:00:06,474 INFO === scribe_sync end ===
2026-07-12 01:10:02,356 INFO === scribe_sync start ===
2026-07-12 01:10:04,325 INFO MCP session initialized (id=7de6ccc1-50e1-4766-9e6f-93cd64d9a289)
2026-07-12 01:10:06,265 INFO Found folder 'Kindle Scribe' (ID: 1C38JFsUTRYHHimqlQwpoRka0Zi1QJKq6)
2026-07-12 01:10:07,707 INFO Found 0 w-termine files in folder
2026-07-12 01:10:07,707 INFO No new w-termine files found
2026-07-12 01:10:07,716 INFO === scribe_sync end ===
2026-07-12 01:20:01,556 INFO === scribe_sync start ===
2026-07-12 01:20:03,251 INFO MCP session initialized (id=3d12cf81-a368-4acb-8a6e-414312436b73)
2026-07-12 01:20:05,425 INFO Found folder 'Kindle Scribe' (ID: 1C38JFsUTRYHHimqlQwpoRka0Zi1QJKq6)
2026-07-12 01:20:06,722 INFO Found 0 w-termine files in folder
2026-07-12 01:20:06,723 INFO No new w-termine files found
2026-07-12 01:20:06,746 INFO === scribe_sync end ===
2026-07-12 01:30:01,823 INFO === scribe_sync start ===
2026-07-12 01:30:03,839 INFO MCP session initialized (id=4edb26b6-9f94-4d7d-9f07-f3260852860a)
2026-07-12 01:30:05,431 INFO Found folder 'Kindle Scribe' (ID: 1C38JFsUTRYHHimqlQwpoRka0Zi1QJKq6)
2026-07-12 01:30:07,571 INFO Found 0 w-termine files in folder
2026-07-12 01:30:07,571 INFO No new w-termine files found
2026-07-12 01:30:07,575 INFO === scribe_sync end ===
2026-07-12 01:40:01,922 INFO === scribe_sync start ===
2026-07-12 01:40:03,687 INFO MCP session initialized (id=93c91a9c-364b-442b-829e-72a2df981a50)
2026-07-12 01:40:06,797 INFO Found folder 'Kindle Scribe' (ID: 1C38JFsUTRYHHimqlQwpoRka0Zi1QJKq6)
2026-07-12 01:40:08,085 INFO Found 0 w-termine files in folder
2026-07-12 01:40:08,086 INFO No new w-termine files found
2026-07-12 01:40:08,090 INFO === scribe_sync end ===
2026-07-12 01:50:01,350 INFO === scribe_sync start ===
2026-07-12 01:50:03,245 INFO MCP session initialized (id=a372999b-ce12-4a82-b7f5-b5f2e50e6861)
2026-07-12 01:50:05,126 INFO Found folder 'Kindle Scribe' (ID: 1C38JFsUTRYHHimqlQwpoRka0Zi1QJKq6)
2026-07-12 01:50:06,620 INFO Found 0 w-termine files in folder
2026-07-12 01:50:06,621 INFO No new w-termine files found
2026-07-12 01:50:06,622 INFO === scribe_sync end ===
2026-07-12 02:00:02,000 INFO === scribe_sync start ===
2026-07-12 02:00:03,557 INFO MCP session initialized (id=213700c6-13cd-44f5-87ca-b519bf996c8c)
2026-07-12 02:00:05,193 INFO Found folder 'Kindle Scribe' (ID: 1C38JFsUTRYHHimqlQwpoRka0Zi1QJKq6)
2026-07-12 02:00:07,959 INFO Found 0 w-termine files in folder
2026-07-12 02:00:07,959 INFO No new w-termine files found
2026-07-12 02:00:07,963 INFO === scribe_sync end ===
2026-07-12 02:10:02,000 INFO === scribe_sync start ===
2026-07-12 02:10:04,157 INFO MCP session initialized (id=0c9ee09b-8adb-4a7d-9bb3-170bf044d25a)
2026-07-12 02:10:05,695 INFO Found folder 'Kindle Scribe' (ID: 1C38JFsUTRYHHimqlQwpoRka0Zi1QJKq6)
2026-07-12 02:10:07,317 INFO Found 0 w-termine files in folder
2026-07-12 02:10:07,318 INFO No new w-termine files found
2026-07-12 02:10:07,332 INFO === scribe_sync end ===
2026-07-12 02:20:01,942 INFO === scribe_sync start ===
2026-07-12 02:20:03,791 INFO MCP session initialized (id=c275f664-2cdc-487c-a578-7b82bde1057f)
2026-07-12 02:20:05,373 INFO Found folder 'Kindle Scribe' (ID: 1C38JFsUTRYHHimqlQwpoRka0Zi1QJKq6)
2026-07-12 02:20:07,569 INFO Found 0 w-termine files in folder
2026-07-12 02:20:07,569 INFO No new w-termine files found
2026-07-12 02:20:07,571 INFO === scribe_sync end ===
2026-07-12 02:30:01,309 INFO === scribe_sync start ===
2026-07-12 02:30:03,341 INFO MCP session initialized (id=7ca5d80c-2b48-41d5-9e69-0da1e21bbd69)
2026-07-12 02:30:05,372 INFO Found folder 'Kindle Scribe' (ID: 1C38JFsUTRYHHimqlQwpoRka0Zi1QJKq6)
2026-07-12 02:30:06,999 INFO Found 0 w-termine files in folder
2026-07-12 02:30:06,999 INFO No new w-termine files found
2026-07-12 02:30:07,001 INFO === scribe_sync end ===
2026-07-12 02:40:01,260 INFO === scribe_sync start ===
2026-07-12 02:40:02,987 INFO MCP session initialized (id=92ff832a-bd74-410f-96bb-47bd1b2fe4ff)
2026-07-12 02:40:04,481 INFO Found folder 'Kindle Scribe' (ID: 1C38JFsUTRYHHimqlQwpoRka0Zi1QJKq6)
2026-07-12 02:40:06,080 INFO Found 0 w-termine files in folder
2026-07-12 02:40:06,083 INFO No new w-termine files found
2026-07-12 02:40:06,085 INFO === scribe_sync end ===
2026-07-12 02:50:01,197 INFO === scribe_sync start ===
2026-07-12 02:50:02,718 INFO MCP session initialized (id=8e6abaea-e70a-4ab5-a857-d0f6ce9839ba)
2026-07-12 02:50:04,067 INFO Found folder 'Kindle Scribe' (ID: 1C38JFsUTRYHHimqlQwpoRka0Zi1QJKq6)
2026-07-12 02:50:05,603 INFO Found 0 w-termine files in folder
2026-07-12 02:50:05,604 INFO No new w-termine files found
2026-07-12 02:50:05,608 INFO === scribe_sync end ===
2026-07-12 03:00:01,566 INFO === scribe_sync start ===
2026-07-12 03:00:03,415 INFO MCP session initialized (id=445e6d73-e517-45eb-9e1c-52f377bbff0d)
2026-07-12 03:00:05,888 INFO Found folder 'Kindle Scribe' (ID: 1C38JFsUTRYHHimqlQwpoRka0Zi1QJKq6)
2026-07-12 03:00:07,740 INFO Found 0 w-termine files in folder
2026-07-12 03:00:07,740 INFO No new w-termine files found
2026-07-12 03:00:07,743 INFO === scribe_sync end ===
2026-07-12 03:10:01,575 INFO === scribe_sync start ===
2026-07-12 03:10:03,278 INFO MCP session initialized (id=99115776-918d-4128-8b33-e69140502c55)
2026-07-12 03:10:04,709 INFO Found folder 'Kindle Scribe' (ID: 1C38JFsUTRYHHimqlQwpoRka0Zi1QJKq6)
2026-07-12 03:10:05,831 INFO Found 0 w-termine files in folder
2026-07-12 03:10:05,832 INFO No new w-termine files found
2026-07-12 03:10:05,835 INFO === scribe_sync end ===
2026-07-12 03:20:02,030 INFO === scribe_sync start ===
2026-07-12 03:20:03,660 INFO MCP session initialized (id=2e5e8c4e-e745-4d13-8a56-db8acbf06ec8)
2026-07-12 03:20:05,548 INFO Found folder 'Kindle Scribe' (ID: 1C38JFsUTRYHHimqlQwpoRka0Zi1QJKq6)
2026-07-12 03:20:07,092 INFO Found 0 w-termine files in folder
2026-07-12 03:20:07,093 INFO No new w-termine files found
2026-07-12 03:20:07,098 INFO === scribe_sync end ===
2026-07-12 03:30:01,942 INFO === scribe_sync start ===
2026-07-12 03:30:03,252 INFO MCP session initialized (id=982d5dfd-b047-4080-9d03-1e593a9ea8e4)
2026-07-12 03:30:05,009 INFO Found folder 'Kindle Scribe' (ID: 1C38JFsUTRYHHimqlQwpoRka0Zi1QJKq6)
2026-07-12 03:30:06,995 INFO Found 0 w-termine files in folder
2026-07-12 03:30:06,996 INFO No new w-termine files found
2026-07-12 03:30:07,001 INFO === scribe_sync end ===
2026-07-12 03:40:01,321 INFO === scribe_sync start ===
2026-07-12 03:40:03,075 INFO MCP session initialized (id=7e97adb6-cbcd-4b34-b47a-0cbf15dda100)
2026-07-12 03:40:04,775 INFO Found folder 'Kindle Scribe' (ID: 1C38JFsUTRYHHimqlQwpoRka0Zi1QJKq6)
2026-07-12 03:40:06,131 INFO Found 0 w-termine files in folder
2026-07-12 03:40:06,131 INFO No new w-termine files found
2026-07-12 03:40:06,133 INFO === scribe_sync end ===
2026-07-12 03:50:01,473 INFO === scribe_sync start ===
2026-07-12 03:50:04,433 INFO MCP session initialized (id=26aebf8a-2f1b-4ae3-9b34-7d684f1beb36)
2026-07-12 03:50:05,858 INFO Found folder 'Kindle Scribe' (ID: 1C38JFsUTRYHHimqlQwpoRka0Zi1QJKq6)
2026-07-12 03:50:07,232 INFO Found 0 w-termine files in folder
2026-07-12 03:50:07,233 INFO No new w-termine files found
2026-07-12 03:50:07,235 INFO === scribe_sync end ===
2026-07-12 04:00:01,423 INFO === scribe_sync start ===
2026-07-12 04:00:16,613 INFO MCP session initialized (id=9d9d329f-7dc0-42a5-a69c-61942758112b)
2026-07-12 04:00:18,219 INFO Found folder 'Kindle Scribe' (ID: 1C38JFsUTRYHHimqlQwpoRka0Zi1QJKq6)
2026-07-12 04:00:19,540 INFO Found 0 w-termine files in folder
2026-07-12 04:00:19,541 INFO No new w-termine files found
2026-07-12 04:00:19,544 INFO === scribe_sync end ===
2026-07-12 04:10:01,865 INFO === scribe_sync start ===
2026-07-12 04:10:03,353 INFO MCP session initialized (id=4d67a6d7-42dc-4ecc-9264-bd622b7c0892)
2026-07-12 04:10:05,221 INFO Found folder 'Kindle Scribe' (ID: 1C38JFsUTRYHHimqlQwpoRka0Zi1QJKq6)
2026-07-12 04:10:06,614 INFO Found 0 w-termine files in folder
2026-07-12 04:10:06,614 INFO No new w-termine files found
2026-07-12 04:10:06,622 INFO === scribe_sync end ===
2026-07-12 04:20:01,175 INFO === scribe_sync start ===
2026-07-12 04:20:02,754 INFO MCP session initialized (id=f48f73d6-ef47-4aca-b02d-51d395a62827)
2026-07-12 04:20:04,401 INFO Found folder 'Kindle Scribe' (ID: 1C38JFsUTRYHHimqlQwpoRka0Zi1QJKq6)
2026-07-12 04:20:06,124 INFO Found 0 w-termine files in folder
2026-07-12 04:20:06,125 INFO No new w-termine files found
2026-07-12 04:20:06,138 INFO === scribe_sync end ===
2026-07-12 04:30:01,223 INFO === scribe_sync start ===
2026-07-12 04:30:24,963 INFO MCP session initialized (id=3ec290b0-fe94-410c-97f3-d918a2fc11b1)
2026-07-12 04:30:26,477 INFO Found folder 'Kindle Scribe' (ID: 1C38JFsUTRYHHimqlQwpoRka0Zi1QJKq6)
2026-07-12 04:30:28,062 INFO Found 0 w-termine files in folder
2026-07-12 04:30:28,063 INFO No new w-termine files found
2026-07-12 04:30:28,065 INFO === scribe_sync end ===
2026-07-12 04:40:02,143 INFO === scribe_sync start ===
2026-07-12 04:40:04,340 INFO MCP session initialized (id=e67c5f58-31fa-46c5-adb9-d528afdff97c)
2026-07-12 04:40:05,958 INFO Found folder 'Kindle Scribe' (ID: 1C38JFsUTRYHHimqlQwpoRka0Zi1QJKq6)
2026-07-12 04:40:08,696 INFO Found 0 w-termine files in folder
2026-07-12 04:40:08,697 INFO No new w-termine files found
2026-07-12 04:40:08,700 INFO === scribe_sync end ===
2026-07-12 04:50:01,462 INFO === scribe_sync start ===
2026-07-12 04:50:03,922 INFO MCP session initialized (id=bf21c2e7-d81a-411f-b76d-f37ff3f5a211)
2026-07-12 04:50:05,232 INFO Found folder 'Kindle Scribe' (ID: 1C38JFsUTRYHHimqlQwpoRka0Zi1QJKq6)
2026-07-12 04:50:06,826 INFO Found 0 w-termine files in folder
2026-07-12 04:50:06,826 INFO No new w-termine files found
2026-07-12 04:50:06,830 INFO === scribe_sync end ===
2026-07-12 05:00:01,538 INFO === scribe_sync start ===
2026-07-12 05:00:03,315 INFO MCP session initialized (id=96695548-04a8-4099-b2fd-d630ee9cb233)
2026-07-12 05:00:05,840 INFO Found folder 'Kindle Scribe' (ID: 1C38JFsUTRYHHimqlQwpoRka0Zi1QJKq6)
2026-07-12 05:00:08,059 INFO Found 0 w-termine files in folder
2026-07-12 05:00:08,060 INFO No new w-termine files found
2026-07-12 05:00:08,062 INFO === scribe_sync end ===
2026-07-12 05:10:02,267 INFO === scribe_sync start ===
2026-07-12 05:10:04,012 INFO MCP session initialized (id=6a032835-876f-49e6-a588-6c32806e1a46)
2026-07-12 05:10:05,749 INFO Found folder 'Kindle Scribe' (ID: 1C38JFsUTRYHHimqlQwpoRka0Zi1QJKq6)
2026-07-12 05:10:07,466 INFO Found 0 w-termine files in folder
2026-07-12 05:10:07,466 INFO No new w-termine files found
2026-07-12 05:10:07,468 INFO === scribe_sync end ===
2026-07-12 05:20:02,024 INFO === scribe_sync start ===
2026-07-12 05:20:03,897 INFO MCP session initialized (id=b060b347-b36e-45a1-b7d6-f9d499c4d1dd)
2026-07-12 05:20:05,546 INFO Found folder 'Kindle Scribe' (ID: 1C38JFsUTRYHHimqlQwpoRka0Zi1QJKq6)
2026-07-12 05:20:06,915 INFO Found 0 w-termine files in folder
2026-07-12 05:20:06,915 INFO No new w-termine files found
2026-07-12 05:20:06,917 INFO === scribe_sync end ===
2026-07-12 05:30:02,046 INFO === scribe_sync start ===
2026-07-12 05:30:03,947 INFO MCP session initialized (id=bf5597d1-66ea-48fb-beb1-1ed2b4c65398)
2026-07-12 05:30:05,312 INFO Found folder 'Kindle Scribe' (ID: 1C38JFsUTRYHHimqlQwpoRka0Zi1QJKq6)
2026-07-12 05:30:06,915 INFO Found 0 w-termine files in folder
2026-07-12 05:30:06,916 INFO No new w-termine files found
2026-07-12 05:30:06,931 INFO === scribe_sync end ===
2026-07-12 05:40:02,626 INFO === scribe_sync start ===
2026-07-12 05:40:04,212 INFO MCP session initialized (id=cf15b5af-a1c7-477f-9b06-71383eb23acf)
2026-07-12 05:40:05,701 INFO Found folder 'Kindle Scribe' (ID: 1C38JFsUTRYHHimqlQwpoRka0Zi1QJKq6)
2026-07-12 05:40:07,622 INFO Found 0 w-termine files in folder
2026-07-12 05:40:07,622 INFO No new w-termine files found
2026-07-12 05:40:07,627 INFO === scribe_sync end ===
2026-07-12 05:50:01,813 INFO === scribe_sync start ===
2026-07-12 05:50:03,228 INFO MCP session initialized (id=3df99a99-dd7f-43b5-93f5-c5c3d9c067cf)
2026-07-12 05:50:05,468 INFO Found folder 'Kindle Scribe' (ID: 1C38JFsUTRYHHimqlQwpoRka0Zi1QJKq6)
2026-07-12 05:50:07,087 INFO Found 0 w-termine files in folder
2026-07-12 05:50:07,087 INFO No new w-termine files found
2026-07-12 05:50:07,090 INFO === scribe_sync end ===
2026-07-12 06:00:01,217 INFO === scribe_sync start ===
2026-07-12 06:00:03,097 INFO MCP session initialized (id=67dea13a-bc48-4913-8723-ceb5d373a685)
2026-07-12 06:00:04,873 INFO Found folder 'Kindle Scribe' (ID: 1C38JFsUTRYHHimqlQwpoRka0Zi1QJKq6)
2026-07-12 06:00:07,863 INFO Found 0 w-termine files in folder
2026-07-12 06:00:07,864 INFO No new w-termine files found
2026-07-12 06:00:07,878 INFO === scribe_sync end ===
2026-07-12 06:10:01,951 INFO === scribe_sync start ===
2026-07-12 06:10:03,276 INFO MCP session initialized (id=26283da8-f32e-4ab5-b9d1-ea33771d6bcc)
2026-07-12 06:10:04,998 INFO Found folder 'Kindle Scribe' (ID: 1C38JFsUTRYHHimqlQwpoRka0Zi1QJKq6)
2026-07-12 06:10:06,380 INFO Found 0 w-termine files in folder
2026-07-12 06:10:06,380 INFO No new w-termine files found
2026-07-12 06:10:06,395 INFO === scribe_sync end ===
2026-07-12 06:20:01,313 INFO === scribe_sync start ===
2026-07-12 06:20:03,068 INFO MCP session initialized (id=59c6be5a-9f8b-49e8-91bb-5656e0022514)
2026-07-12 06:20:04,357 INFO Found folder 'Kindle Scribe' (ID: 1C38JFsUTRYHHimqlQwpoRka0Zi1QJKq6)
2026-07-12 06:20:06,048 INFO Found 0 w-termine files in folder
2026-07-12 06:20:06,048 INFO No new w-termine files found
2026-07-12 06:20:06,052 INFO === scribe_sync end ===
2026-07-12 06:30:01,592 INFO === scribe_sync start ===
2026-07-12 06:30:03,402 INFO MCP session initialized (id=2a917bed-cfc7-4eb6-a440-9d90262d381d)
2026-07-12 06:30:05,078 INFO Found folder 'Kindle Scribe' (ID: 1C38JFsUTRYHHimqlQwpoRka0Zi1QJKq6)
2026-07-12 06:30:06,570 INFO Found 0 w-termine files in folder
2026-07-12 06:30:06,570 INFO No new w-termine files found
2026-07-12 06:30:06,572 INFO === scribe_sync end ===
2026-07-12 06:40:01,835 INFO === scribe_sync start ===
2026-07-12 06:40:03,210 INFO MCP session initialized (id=3977cbb8-71ca-492a-8398-03ca0807f104)
2026-07-12 06:40:04,616 INFO Found folder 'Kindle Scribe' (ID: 1C38JFsUTRYHHimqlQwpoRka0Zi1QJKq6)
2026-07-12 06:40:06,053 INFO Found 0 w-termine files in folder
2026-07-12 06:40:06,053 INFO No new w-termine files found
2026-07-12 06:40:06,054 INFO === scribe_sync end ===
2026-07-12 06:50:01,306 INFO === scribe_sync start ===
2026-07-12 06:50:02,613 INFO MCP session initialized (id=f93d5832-265a-4287-87c9-afb53ad38ede)
2026-07-12 06:50:04,081 INFO Found folder 'Kindle Scribe' (ID: 1C38JFsUTRYHHimqlQwpoRka0Zi1QJKq6)
2026-07-12 06:50:05,753 INFO Found 0 w-termine files in folder
2026-07-12 06:50:05,753 INFO No new w-termine files found
2026-07-12 06:50:05,755 INFO === scribe_sync end ===
2026-07-12 07:00:02,246 INFO === scribe_sync start ===
2026-07-12 07:00:03,809 INFO MCP session initialized (id=863fb11b-b58e-407a-a760-ddd2a89c3134)
2026-07-12 07:00:12,343 INFO Found folder 'Kindle Scribe' (ID: 1C38JFsUTRYHHimqlQwpoRka0Zi1QJKq6)
2026-07-12 07:00:13,812 INFO Found 0 w-termine files in folder
2026-07-12 07:00:13,812 INFO No new w-termine files found
2026-07-12 07:00:13,818 INFO === scribe_sync end ===
2026-07-12 07:10:01,882 INFO === scribe_sync start ===
2026-07-12 07:10:33,389 INFO MCP session initialized (id=e8ef7303-7e36-43ac-aa41-7d671b2eba93)
2026-07-12 07:10:34,687 INFO Found folder 'Kindle Scribe' (ID: 1C38JFsUTRYHHimqlQwpoRka0Zi1QJKq6)
2026-07-12 07:10:36,118 INFO Found 0 w-termine files in folder
2026-07-12 07:10:36,118 INFO No new w-termine files found
2026-07-12 07:10:36,121 INFO === scribe_sync end ===
2026-07-12 07:20:01,965 INFO === scribe_sync start ===
2026-07-12 07:20:03,399 INFO MCP session initialized (id=202d620a-f250-4815-a86c-ab7b1efadade)
2026-07-12 07:20:04,916 INFO Found folder 'Kindle Scribe' (ID: 1C38JFsUTRYHHimqlQwpoRka0Zi1QJKq6)
2026-07-12 07:20:06,421 INFO Found 0 w-termine files in folder
2026-07-12 07:20:06,422 INFO No new w-termine files found
2026-07-12 07:20:06,428 INFO === scribe_sync end ===
2026-07-12 07:30:02,049 INFO === scribe_sync start ===
2026-07-12 07:30:03,906 INFO MCP session initialized (id=e4b8d01f-9d4a-4193-854e-544cc800124c)
2026-07-12 07:30:05,879 INFO Found folder 'Kindle Scribe' (ID: 1C38JFsUTRYHHimqlQwpoRka0Zi1QJKq6)
2026-07-12 07:30:07,587 INFO Found 0 w-termine files in folder
2026-07-12 07:30:07,587 INFO No new w-termine files found
2026-07-12 07:30:07,592 INFO === scribe_sync end ===
2026-07-12 07:40:01,546 INFO === scribe_sync start ===
2026-07-12 07:40:03,500 INFO MCP session initialized (id=97912bad-739b-465b-b2f6-d603c198d6ce)
2026-07-12 07:40:05,275 INFO Found folder 'Kindle Scribe' (ID: 1C38JFsUTRYHHimqlQwpoRka0Zi1QJKq6)
2026-07-12 07:40:06,770 INFO Found 0 w-termine files in folder
2026-07-12 07:40:06,776 INFO No new w-termine files found
2026-07-12 07:40:06,787 INFO === scribe_sync end ===
2026-07-12 07:50:01,330 INFO === scribe_sync start ===
2026-07-12 07:50:02,544 INFO MCP session initialized (id=9a9dff57-6dd3-4360-9385-06742f4478cf)
2026-07-12 07:50:04,025 INFO Found folder 'Kindle Scribe' (ID: 1C38JFsUTRYHHimqlQwpoRka0Zi1QJKq6)
2026-07-12 07:50:05,685 INFO Found 0 w-termine files in folder
2026-07-12 07:50:05,686 INFO No new w-termine files found
2026-07-12 07:50:05,690 INFO === scribe_sync end ===
2026-07-12 08:00:02,509 INFO === scribe_sync start ===
2026-07-12 08:00:04,421 INFO MCP session initialized (id=223db215-635f-449f-b683-8ab8a9df4fe5)
2026-07-12 08:00:06,827 INFO Found folder 'Kindle Scribe' (ID: 1C38JFsUTRYHHimqlQwpoRka0Zi1QJKq6)
2026-07-12 08:00:08,641 INFO Found 0 w-termine files in folder
2026-07-12 08:00:08,641 INFO No new w-termine files found
2026-07-12 08:00:08,643 INFO === scribe_sync end ===
2026-07-12 08:10:01,481 INFO === scribe_sync start ===
2026-07-12 08:10:02,884 INFO MCP session initialized (id=bc8a08ee-b5c5-4655-ba33-251ed70860df)
2026-07-12 08:10:05,273 INFO Found folder 'Kindle Scribe' (ID: 1C38JFsUTRYHHimqlQwpoRka0Zi1QJKq6)
2026-07-12 08:10:06,794 INFO Found 0 w-termine files in folder
2026-07-12 08:10:06,794 INFO No new w-termine files found
2026-07-12 08:10:06,796 INFO === scribe_sync end ===
2026-07-12 08:20:01,991 INFO === scribe_sync start ===
2026-07-12 08:20:03,872 INFO MCP session initialized (id=13986b1c-ab77-428f-87e4-042540fffbc8)
2026-07-12 08:20:05,546 INFO Found folder 'Kindle Scribe' (ID: 1C38JFsUTRYHHimqlQwpoRka0Zi1QJKq6)
2026-07-12 08:20:06,857 INFO Found 0 w-termine files in folder
2026-07-12 08:20:06,857 INFO No new w-termine files found
2026-07-12 08:20:06,887 INFO === scribe_sync end ===
2026-07-12 08:30:02,433 INFO === scribe_sync start ===
2026-07-12 08:30:04,393 INFO MCP session initialized (id=43f10152-a60b-4d5e-81e0-792fafd9d01b)
2026-07-12 08:30:06,593 INFO Found folder 'Kindle Scribe' (ID: 1C38JFsUTRYHHimqlQwpoRka0Zi1QJKq6)
2026-07-12 08:30:08,198 INFO Found 0 w-termine files in folder
2026-07-12 08:30:08,198 INFO No new w-termine files found
2026-07-12 08:30:08,200 INFO === scribe_sync end ===
2026-07-12 08:40:01,504 INFO === scribe_sync start ===
2026-07-12 08:40:03,115 INFO MCP session initialized (id=672bbbea-877f-4bce-ba59-f6348c3c7a61)
2026-07-12 08:40:04,586 INFO Found folder 'Kindle Scribe' (ID: 1C38JFsUTRYHHimqlQwpoRka0Zi1QJKq6)
2026-07-12 08:40:06,041 INFO Found 0 w-termine files in folder
2026-07-12 08:40:06,041 INFO No new w-termine files found
2026-07-12 08:40:06,044 INFO === scribe_sync end ===
2026-07-12 08:50:01,644 INFO === scribe_sync start ===
2026-07-12 08:50:03,096 INFO MCP session initialized (id=06bc3fdc-9f99-4a2e-aec8-fd387d06ff19)
2026-07-12 08:50:04,437 INFO Found folder 'Kindle Scribe' (ID: 1C38JFsUTRYHHimqlQwpoRka0Zi1QJKq6)
2026-07-12 08:50:06,290 INFO Found 0 w-termine files in folder
2026-07-12 08:50:06,290 INFO No new w-termine files found
2026-07-12 08:50:06,295 INFO === scribe_sync end ===
2026-07-12 09:00:02,070 INFO === scribe_sync start ===
2026-07-12 09:00:04,285 INFO MCP session initialized (id=8f85ca18-427d-4b78-8d2c-6dca18d9cb15)
2026-07-12 09:00:06,005 INFO Found folder 'Kindle Scribe' (ID: 1C38JFsUTRYHHimqlQwpoRka0Zi1QJKq6)
2026-07-12 09:00:07,789 INFO Found 0 w-termine files in folder
2026-07-12 09:00:07,790 INFO No new w-termine files found
2026-07-12 09:00:07,804 INFO === scribe_sync end ===
2026-07-12 09:10:01,594 INFO === scribe_sync start ===
2026-07-12 09:10:02,888 INFO MCP session initialized (id=27425c3f-c056-4249-9dee-88f3180cfa50)
2026-07-12 09:10:04,258 INFO Found folder 'Kindle Scribe' (ID: 1C38JFsUTRYHHimqlQwpoRka0Zi1QJKq6)
2026-07-12 09:10:05,783 INFO Found 0 w-termine files in folder
2026-07-12 09:10:05,783 INFO No new w-termine files found
2026-07-12 09:10:05,788 INFO === scribe_sync end ===
2026-07-12 09:20:02,045 INFO === scribe_sync start ===
2026-07-12 09:20:04,190 INFO MCP session initialized (id=a0f5cdf4-69e0-4b2d-bead-bb9da7cd90db)
2026-07-12 09:20:06,074 INFO Found folder 'Kindle Scribe' (ID: 1C38JFsUTRYHHimqlQwpoRka0Zi1QJKq6)
2026-07-12 09:20:07,403 INFO Found 0 w-termine files in folder
2026-07-12 09:20:07,404 INFO No new w-termine files found
2026-07-12 09:20:07,406 INFO === scribe_sync end ===
2026-07-12 09:30:01,904 INFO === scribe_sync start ===
2026-07-12 09:30:04,581 INFO MCP session initialized (id=5cfccf7a-66d2-4ea8-8109-b7051532a714)
2026-07-12 09:30:06,432 INFO Found folder 'Kindle Scribe' (ID: 1C38JFsUTRYHHimqlQwpoRka0Zi1QJKq6)
2026-07-12 09:30:07,963 INFO Found 0 w-termine files in folder
2026-07-12 09:30:07,964 INFO No new w-termine files found
2026-07-12 09:30:07,966 INFO === scribe_sync end ===
2026-07-12 09:40:01,617 INFO === scribe_sync start ===
2026-07-12 09:40:03,548 INFO MCP session initialized (id=5a406e58-4b64-49d7-8a43-0145b7448186)
2026-07-12 09:40:05,135 INFO Found folder 'Kindle Scribe' (ID: 1C38JFsUTRYHHimqlQwpoRka0Zi1QJKq6)
2026-07-12 09:40:06,425 INFO Found 0 w-termine files in folder
2026-07-12 09:40:06,426 INFO No new w-termine files found
2026-07-12 09:40:06,428 INFO === scribe_sync end ===
2026-07-12 09:50:01,828 INFO === scribe_sync start ===
2026-07-12 09:50:04,243 INFO MCP session initialized (id=96ae7e9d-162e-4274-9e0a-10c1955bf384)
2026-07-12 09:50:06,509 INFO Found folder 'Kindle Scribe' (ID: 1C38JFsUTRYHHimqlQwpoRka0Zi1QJKq6)
2026-07-12 09:50:07,968 INFO Found 0 w-termine files in folder
2026-07-12 09:50:07,968 INFO No new w-termine files found
2026-07-12 09:50:07,971 INFO === scribe_sync end ===
2026-07-12 10:00:01,504 INFO === scribe_sync start ===
2026-07-12 10:00:02,930 INFO MCP session initialized (id=9a2ab4a0-8e34-4336-a412-7d34a1efd305)
2026-07-12 10:00:05,083 INFO Found folder 'Kindle Scribe' (ID: 1C38JFsUTRYHHimqlQwpoRka0Zi1QJKq6)
2026-07-12 10:00:06,642 INFO Found 0 w-termine files in folder
2026-07-12 10:00:06,643 INFO No new w-termine files found
2026-07-12 10:00:06,644 INFO === scribe_sync end ===
2026-07-12 10:10:02,152 INFO === scribe_sync start ===
2026-07-12 10:10:03,418 INFO MCP session initialized (id=24fedfb2-50ac-4bbe-921a-87b7623d78f7)
2026-07-12 10:10:04,894 INFO Found folder 'Kindle Scribe' (ID: 1C38JFsUTRYHHimqlQwpoRka0Zi1QJKq6)
2026-07-12 10:10:06,341 INFO Found 0 w-termine files in folder
2026-07-12 10:10:06,342 INFO No new w-termine files found
2026-07-12 10:10:06,343 INFO === scribe_sync end ===
2026-07-12 10:20:02,131 INFO === scribe_sync start ===
2026-07-12 10:20:03,945 INFO MCP session initialized (id=9274b0c4-a587-4351-8fe0-e0744d171065)
2026-07-12 10:20:05,477 INFO Found folder 'Kindle Scribe' (ID: 1C38JFsUTRYHHimqlQwpoRka0Zi1QJKq6)
2026-07-12 10:20:07,266 INFO Found 0 w-termine files in folder
2026-07-12 10:20:07,266 INFO No new w-termine files found
2026-07-12 10:20:07,268 INFO === scribe_sync end ===
2026-07-12 10:30:02,004 INFO === scribe_sync start ===
2026-07-12 10:30:03,956 INFO MCP session initialized (id=6a6c6874-0f66-4ed5-91f6-1040b33534c6)
2026-07-12 10:30:05,660 INFO Found folder 'Kindle Scribe' (ID: 1C38JFsUTRYHHimqlQwpoRka0Zi1QJKq6)
2026-07-12 10:30:07,325 INFO Found 0 w-termine files in folder
2026-07-12 10:30:07,325 INFO No new w-termine files found
2026-07-12 10:30:07,327 INFO === scribe_sync end ===
2026-07-12 10:40:01,815 INFO === scribe_sync start ===
2026-07-12 10:40:03,156 INFO MCP session initialized (id=059f57e2-890f-4d38-a54c-cbbdcbb08315)
2026-07-12 10:40:04,753 INFO Found folder 'Kindle Scribe' (ID: 1C38JFsUTRYHHimqlQwpoRka0Zi1QJKq6)
2026-07-12 10:40:06,126 INFO Found 0 w-termine files in folder
2026-07-12 10:40:06,127 INFO No new w-termine files found
2026-07-12 10:40:06,128 INFO === scribe_sync end ===
2026-07-12 10:50:02,035 INFO === scribe_sync start ===
2026-07-12 10:50:03,754 INFO MCP session initialized (id=63c73600-d930-4cea-b23a-9a281e58ba7c)
2026-07-12 10:50:05,371 INFO Found folder 'Kindle Scribe' (ID: 1C38JFsUTRYHHimqlQwpoRka0Zi1QJKq6)
2026-07-12 10:50:06,651 INFO Found 0 w-termine files in folder
2026-07-12 10:50:06,651 INFO No new w-termine files found
2026-07-12 10:50:06,653 INFO === scribe_sync end ===
2026-07-12 11:00:02,439 INFO === scribe_sync start ===
2026-07-12 11:00:04,180 INFO MCP session initialized (id=f29eeb1b-6f44-4970-aaea-2948d89bd42b)
2026-07-12 11:00:06,436 INFO Found folder 'Kindle Scribe' (ID: 1C38JFsUTRYHHimqlQwpoRka0Zi1QJKq6)
2026-07-12 11:00:08,071 INFO Found 0 w-termine files in folder
2026-07-12 11:00:08,071 INFO No new w-termine files found
2026-07-12 11:00:08,073 INFO === scribe_sync end ===
2026-07-12 11:10:02,140 INFO === scribe_sync start ===
2026-07-12 11:10:03,672 INFO MCP session initialized (id=4cb4af74-02fd-4be1-a5c8-3bb9516cdcd3)
2026-07-12 11:10:05,325 INFO Found folder 'Kindle Scribe' (ID: 1C38JFsUTRYHHimqlQwpoRka0Zi1QJKq6)
2026-07-12 11:10:07,100 INFO Found 0 w-termine files in folder
2026-07-12 11:10:07,101 INFO No new w-termine files found
2026-07-12 11:10:07,103 INFO === scribe_sync end ===
2026-07-12 11:20:02,021 INFO === scribe_sync start ===
2026-07-12 11:20:03,769 INFO MCP session initialized (id=6f4772a2-5463-4ff2-a5db-e2646c0e46ba)
2026-07-12 11:20:05,217 INFO Found folder 'Kindle Scribe' (ID: 1C38JFsUTRYHHimqlQwpoRka0Zi1QJKq6)
2026-07-12 11:20:06,662 INFO Found 0 w-termine files in folder
2026-07-12 11:20:06,662 INFO No new w-termine files found
2026-07-12 11:20:06,664 INFO === scribe_sync end ===
2026-07-12 11:30:02,065 INFO === scribe_sync start ===
2026-07-12 11:30:04,236 INFO MCP session initialized (id=4930678b-37f9-4043-a1f9-ad5b0c7a3988)
2026-07-12 11:30:06,040 INFO Found folder 'Kindle Scribe' (ID: 1C38JFsUTRYHHimqlQwpoRka0Zi1QJKq6)
2026-07-12 11:30:07,321 INFO Found 0 w-termine files in folder
2026-07-12 11:30:07,357 INFO No new w-termine files found
2026-07-12 11:30:07,360 INFO === scribe_sync end ===
2026-07-12 11:40:01,449 INFO === scribe_sync start ===
2026-07-12 11:40:03,041 INFO MCP session initialized (id=cc577ec7-c45d-4ef0-94df-7572e00b2a69)
2026-07-12 11:40:04,680 INFO Found folder 'Kindle Scribe' (ID: 1C38JFsUTRYHHimqlQwpoRka0Zi1QJKq6)
2026-07-12 11:40:06,098 INFO Found 0 w-termine files in folder
2026-07-12 11:40:06,098 INFO No new w-termine files found
2026-07-12 11:40:06,101 INFO === scribe_sync end ===
2026-07-12 11:50:01,946 INFO === scribe_sync start ===
2026-07-12 11:50:42,563 INFO MCP session initialized (id=207fda99-7691-41ff-a76a-bf7d70d2791b)
2026-07-12 11:50:43,924 INFO Found folder 'Kindle Scribe' (ID: 1C38JFsUTRYHHimqlQwpoRka0Zi1QJKq6)
2026-07-12 11:50:46,588 INFO Found 0 w-termine files in folder
2026-07-12 11:50:46,588 INFO No new w-termine files found
2026-07-12 11:50:46,590 INFO === scribe_sync end ===
